protocol,diameter,seed,time_after_switch,center_x,center_y,center_displacement,mean_radius,radius_std,radius_cv,initial_mode_amplitude,dominant_mode,dominant_amplitude,tangential_signed,tangential_coherence,radial_signed,polarization,cluster_count,cluster_chord_mean,cluster_chord_std,carrier_fraction_initial,fraction_inside_original_circle,carrier_fraction_inside_original_circle
retained,3.0,9,0.0,1.5000928092439072,1.5009091433578872,0.0,1.4547919873007806,0.02616730698164072,0.01798697491466908,0.995300270962592,9.0,0.995300270962592,0.9480481326511117,0.9480481326511117,0.02498828389313472,0.06359852903381837,9.0,0.9952232886456821,0.008761996177572652,1.0,1.0,1.0
retained,3.0,9,0.5,1.4965352306760737,1.5014056202345538,0.0035920543642006023,1.4551589147548163,0.026205225046846713,0.018008497065945615,0.9956054704977141,9.0,0.9956054704977141,0.9467650205530249,0.9467650205530249,0.005261820930694521,0.05939217403950012,,,,1.0,1.0,1.0
retained,3.0,9,1.0,1.5001747164586423,1.4983379253846596,0.0025725222365752544,1.4548433187255687,0.02618196084521048,0.017996412746456896,0.9961136309773523,9.0,0.9961136309773523,0.94760694328989,0.94760694328989,0.004076219809008786,0.05691156926253017,,,,1.0,1.0,1.0
retained,3.0,9,1.5,1.5026849891930192,1.5005491070875965,0.002617063813609258,1.4542731856177775,0.025814430134524658,0.017750743388394833,0.9964576903496313,9.0,0.9964576903496313,0.948273470999781,0.948273470999781,0.009864637876223171,0.05555105258126807,,,,1.0,1.0,1.0
retained,3.0,9,2.0,1.5001252767980988,1.5027638360636508,0.0018549768664024129,1.454412990698982,0.026044742919810036,0.01790739156372159,0.9966275482559583,9.0,0.9966275482559583,0.9478197174685409,0.9478197174685409,0.009608745262530298,0.06107574326740819,,,,1.0,1.0,1.0
retained,3.0,9,2.5,1.500239069474892,1.4998626277821767,0.0010566867583973421,1.4532974963328664,0.025713087080104887,0.017692927390976186,0.9961020673548091,9.0,0.9961020673548091,0.9494363832029503,0.9494363832029503,-0.0005291904822010323,0.0702435897197589,,,,1.0,1.0,1.0
retained,3.0,9,3.0,1.50045571411247,1.5006760961767593,0.00043128984715403145,1.4535910008205601,0.025919449050408196,0.017831321902637347,0.9959952218710805,9.0,0.9959952218710805,0.9491831923293753,0.9491831923293753,0.013595289757854625,0.060872291668463,,,,1.0,1.0,1.0
retained,3.0,9,3.5,1.4987374401008768,1.50282235453729,0.002344654032233992,1.453980290216526,0.02584406902751569,0.01777470382605187,0.9955232696296759,9.0,0.9955232696296759,0.9492308507110817,0.9492308507110817,0.01897784688631351,0.06375158364431933,,,,1.0,1.0,1.0
retained,3.0,9,4.0,1.4962652456167251,1.4996627854349296,0.004025375931791492,1.4552752921506111,0.02611985824272186,0.01794839669415526,0.9957775077677199,9.0,0.9957775077677199,0.9468585016472021,0.9468585016472021,0.0014813386804270613,0.053168303828682345,,,,1.0,1.0,1.0
retained,3.0,9,4.5,1.5012048220421204,1.4976320372866396,0.0034606352979759843,1.4551721050783295,0.026250549735273514,0.018039481133305873,0.9961685909952666,9.0,0.9961685909952666,0.9475412868002124,0.9475412868002124,0.003412215810002721,0.0528632628983071,,,,1.0,1.0,1.0
retained,3.0,9,5.0,1.5004422148274836,1.5012674724596542,0.0005004837729712672,1.453479634681682,0.02635419283627516,0.018131793667715775,0.99605485921183,9.0,0.99605485921183,0.9495023794037629,0.9495023794037629,0.008974661706869511,0.06139643889584842,9.0,0.9942897359172113,0.007138602150525206,1.0,1.0,1.0
retained,3.0,9,5.5,1.4992722632211581,1.5012470801185331,0.000887410293858028,1.454014749300393,0.02738340832370381,0.018832964615303583,0.996170468692987,9.0,0.996170468692987,0.9478851036564776,0.9478851036564776,0.024797907544769918,0.0623405443698602,,,,1.0,1.0,1.0
retained,3.0,9,6.0,1.4997314237632904,1.4985299531449363,0.0024064799053808406,1.4539038872787433,0.026977344703954576,0.018555108724860617,0.9958510915309357,9.0,0.9958510915309357,0.9484007789391096,0.9484007789391096,0.010825674462045378,0.07180606392723966,,,,1.0,1.0,1.0
retained,3.0,9,6.5,1.5010156675338602,1.5020743386937276,0.0014863874306516886,1.4550209335845488,0.02680541423593259,0.01842270005689576,0.9957663764195758,9.0,0.9957663764195758,0.9458089747600508,0.9458089747600508,0.019288824153023448,0.07260135582946757,,,,1.0,1.0,1.0
retained,3.0,9,7.0,1.4992839213251832,1.5004589431364286,0.0009257320910819927,1.4549876395863313,0.027393209195892217,0.018827107839679245,0.996185046442663,9.0,0.996185046442663,0.9461813972620887,0.9461813972620887,0.014851218776866154,0.06222839210900301,,,,1.0,1.0,1.0
retained,3.0,9,7.5,1.4984059397245164,1.4985448902218752,0.0029043453077401294,1.4549376138210979,0.02684084148023757,0.01844810473333324,0.996053262752576,9.0,0.996053262752576,0.9474215303263357,0.9474215303263357,0.004092131865208335,0.04724085968238277,,,,1.0,1.0,1.0
retained,3.0,9,8.0,1.5017708515605959,1.4988756710900275,0.0026364437184874957,1.4545552409757232,0.02638103569895276,0.01813684001527245,0.9963951742984875,9.0,0.9963951742984875,0.9479236209751992,0.9479236209751992,-0.012808462849542178,0.050646053718864686,,,,1.0,1.0,1.0
retained,3.0,9,8.5,1.5000547041543328,1.5018826412292834,0.0009742433492020598,1.4535329640097838,0.025957134665952425,0.0178579607815332,0.9960978125948995,9.0,0.9960978125948995,0.9497706531540449,0.9497706531540449,0.004279618622220277,0.058408185500291296,,,,1.0,1.0,1.0
retained,3.0,9,9.0,1.4989836793518847,1.4997691510756044,0.0015905192614495917,1.4548491285031375,0.025898507576194073,0.0178015074338605,0.995647119889869,9.0,0.995647119889869,0.9477592480730088,0.9477592480730088,0.013202347351391197,0.06003338465691445,,,,1.0,1.0,1.0
retained,3.0,9,9.5,1.5010103433426443,1.4992610997920426,0.0018862439972779166,1.4544031096068584,0.025350526716254766,0.01743019287349248,0.9948835499872494,9.0,0.9948835499872494,0.9493113483997374,0.9493113483997374,0.008299044831696387,0.06745220452261652,,,,1.0,1.0,1.0
retained,3.0,9,10.0,1.5006293758286597,1.5006615700583446,0.000590928285428462,1.4543711579396468,0.025658703768110226,0.017642472918989918,0.9948533376035332,9.0,0.9948533376035332,0.949340803024668,0.949340803024668,0.017165405742561177,0.0679889092002205,9.0,0.9949177657941868,0.008921858795110411,1.0,1.0,1.0
retained,3.0,9,10.5,1.496194155692238,1.4977182234555455,0.005038002514797194,1.4554133624268384,0.02625693295407093,0.01804087665533635,0.9957375402269917,9.0,0.9957375402269917,0.947794587272722,0.947794587272722,0.008542813921100812,0.05930139729365349,,,,1.0,1.0,1.0
retained,3.0,9,11.0,1.5012363863675817,1.4966944556067898,0.004367076994631729,1.4544059515043093,0.02599627198599366,0.017874151270561984,0.9960851880484315,9.0,0.9960851880484315,0.9497298678986784,0.9497298678986784,0.013950551796785712,0.05422302065894583,,,,1.0,1.0,1.0
retained,3.0,9,11.5,1.5024676412677753,1.5011475209520078,0.002386765807315056,1.4547629165420126,0.026332805827529546,0.018101097799580232,0.9964402597175899,9.0,0.9964402597175899,0.9484800504115913,0.9484800504115913,0.015537523809239064,0.046076428342095944,,,,1.0,1.0,1.0
retained,3.0,9,12.0,1.4990410210968659,1.5011275505368433,0.0010742253032191172,1.455993301438956,0.026531810037343402,0.01822248083910967,0.9961449805503156,9.0,0.9961449805503156,0.9467547834765602,0.9467547834765602,0.0029163075830141633,0.060078037985429385,,,,1.0,1.0,1.0
retained,3.0,9,12.5,1.500570108487126,1.498589583086384,0.0023681584450186027,1.4540274841294327,0.02625329190824483,0.01805556785879011,0.9956616393643585,9.0,0.9956616393643585,0.9492869133550984,0.9492869133550984,0.011227666293979971,0.06382103309769455,,,,1.0,1.0,1.0
retained,3.0,9,13.0,1.5002505115468534,1.4997222113314699,0.0011973627903394957,1.454988420075945,0.02633737647982704,0.018101433740931303,0.9959453733602792,9.0,0.9959453733602792,0.947750313175209,0.947750313175209,0.017892220056730863,0.06317659938745905,,,,1.0,1.0,1.0
retained,3.0,9,13.5,1.4966247957138188,1.49994832554917,0.0035986509564591724,1.4543839882980507,0.02732713179512527,0.01878948889357894,0.9960937654839606,9.0,0.9960937654839606,0.9491400453766855,0.9491400453766855,0.016138172519205973,0.06137277639482188,,,,1.0,1.0,1.0
retained,3.0,9,14.0,1.4989542142612615,1.4964145007824554,0.004636616267860613,1.4556573378113367,0.026866777985093782,0.018456801121539707,0.9961521565219268,9.0,0.9961521565219268,0.9476792079128445,0.9476792079128445,0.00497336456354947,0.05237386443297658,,,,1.0,1.0,1.0
retained,3.0,9,14.5,1.5026304099055996,1.5008394738682256,0.0025385568648370656,1.4542450440197237,0.026755022875153675,0.018397877981553432,0.9961289083372047,9.0,0.9961289083372047,0.9510209227568654,0.9510209227568654,0.011878737909610639,0.054197378264875515,,,,1.0,1.0,1.0
retained,3.0,9,15.0,1.5000249749669203,1.5038618521766391,0.0029534879138858943,1.453977023606329,0.0260599523683351,0.017923221581382397,0.9966703687864721,9.0,0.9966703687864721,0.9498666608685783,0.9498666608685783,0.013005800114791369,0.045132571347859335,9.0,0.9947192473793657,0.005585034884756667,1.0,1.0,1.0
retained,3.0,9,15.5,1.4986594415495227,1.5006859107265966,0.0014506466678616374,1.4542709656020807,0.026366301589396374,0.018130253723714067,0.9964137888461287,9.0,0.9964137888461287,0.9493528403875996,0.9493528403875996,0.002250612022006162,0.05877003839631324,,,,1.0,1.0,1.0
retained,3.0,9,16.0,1.499203218409793,1.5014110483964977,0.001021411043568025,1.4541100400604632,0.02586011581697914,0.01778415326525347,0.996124671206598,9.0,0.996124671206598,0.9496873309044737,0.9496873309044737,0.004254284883239526,0.06897889115859167,,,,1.0,1.0,1.0
retained,3.0,9,16.5,1.5000294853867762,1.5021745946573497,0.0012670346886306547,1.45338412165873,0.026567674782295384,0.018279871361174645,0.9953742157126777,9.0,0.9953742157126777,0.9504151784121916,0.9504151784121916,0.01895564292075254,0.07027649724843199,,,,1.0,1.0,1.0
retained,3.0,9,17.0,1.4987478774971217,1.5013445823906801,0.0014136649372433407,1.454120884163247,0.025674389624524285,0.017656296601020378,0.9953355322118884,9.0,0.9953355322118884,0.9489229600471331,0.9489229600471331,0.022241451219405687,0.07132647136145459,,,,1.0,1.0,1.0
retained,3.0,9,17.5,1.5013913574928437,1.4970630461911412,0.004059395394743857,1.4552208471503114,0.02640161070591065,0.018142683124428603,0.9965008302391956,9.0,0.9965008302391956,0.9462992648142448,0.9462992648142448,0.009915793640217793,0.0453767813373582,,,,1.0,1.0,1.0
retained,3.0,9,18.0,1.5028443424948446,1.5011360348666978,0.0027608721425999147,1.454116020900622,0.025696494984808717,0.01767155757550441,0.9965851500817803,9.0,0.9965851500817803,0.9486421202606983,0.9486421202606983,0.017901027476994385,0.045458467737119514,,,,1.0,1.0,1.0
retained,3.0,9,18.5,1.500921243858156,1.5029839818280053,0.0022341124831055,1.4537499179199602,0.02614621401193348,0.01798535889126222,0.9966443704038732,9.0,0.9966443704038732,0.9485604232898449,0.9485604232898449,0.022909354599031217,0.05563158808708281,,,,1.0,1.0,1.0
retained,3.0,9,19.0,1.4994684704828716,1.5002172471200022,0.0009319438247721462,1.4542902240085718,0.026088537140636792,0.01793901706134485,0.9959025960254781,9.0,0.9959025960254781,0.9480605184446974,0.9480605184446974,0.0044312495840506975,0.05627188941055877,,,,1.0,1.0,1.0
retained,3.0,9,19.5,1.4996680222547092,1.4994481416963543,0.0015215024946393114,1.4543109252142277,0.026714493958074587,0.01836917642225606,0.9955681359503442,9.0,0.9955681359503442,0.9486715148616932,0.9486715148616932,0.018110647217857993,0.06590173760245892,,,,1.0,1.0,1.0
retained,3.0,9,20.0,1.4985872936519948,1.4996426542940942,0.001967376869386882,1.4544952515802438,0.026542575506070316,0.018248650504175245,0.9957415906790835,9.0,0.9957415906790835,0.9477455704672187,0.9477455704672187,0.015305349847576238,0.07340446687355269,9.0,0.9950997891197301,0.007835893267900195,1.0,1.0,1.0
retained,3.0,9,20.5,1.4990500722295974,1.4982269618908142,0.002877741806229592,1.454142281985301,0.026372516331636054,0.018136131971646114,0.996013650604991,9.0,0.996013650604991,0.948682105661086,0.948682105661086,0.004841764286719122,0.06024886087983523,,,,1.0,1.0,1.0
retained,3.0,9,21.0,1.5019243454943845,1.498115585698141,0.0033404325221652116,1.4553504480892479,0.025300114629732088,0.017384207812591805,0.9966737390363078,9.0,0.9966737390363078,0.9465089380403353,0.9465089380403353,-0.0007438751164502602,0.060227442178454285,,,,1.0,1.0,1.0
retained,3.0,9,21.5,1.5018448846331356,1.4993413213259759,0.002351134639548809,1.4543782477977518,0.0268738188734492,0.01847787459290048,0.9964751868554765,9.0,0.9964751868554765,0.9477093195448966,0.9477093195448966,-0.0005201315747479449,0.05412671343733781,,,,1.0,1.0,1.0
retained,3.0,9,22.0,1.4995004983542932,1.500677781810698,0.000635893352279349,1.4528130496808385,0.02685067199400001,0.018481849402370597,0.9964811595099716,9.0,0.9964811595099716,0.9509542174860165,0.9509542174860165,0.007974947949912173,0.050768018631536266,,,,1.0,1.0,1.0
retained,3.0,9,22.5,1.4980805221334386,1.5003506290515194,0.002088357643071629,1.4536637027825992,0.02680255008301727,0.01843793033540832,0.9963838654816503,9.0,0.9963838654816503,0.9492598047255133,0.9492598047255133,0.01571506666351897,0.06864413372174132,,,,1.0,1.0,1.0
retained,3.0,9,23.0,1.4985154484587182,1.5000368071052599,0.0018025086918791425,1.454022502702635,0.024857231160651874,0.01709549275506328,0.9957258200885548,9.0,0.9957258200885548,0.9498556009079039,0.9498556009079039,0.009475381682966211,0.06764167848438932,,,,1.0,1.0,1.0
retained,3.0,9,23.5,1.49741129905019,1.499982076824305,0.0028372432530005642,1.454710355785718,0.025535020415460852,0.01755333652084224,0.9947656575632541,9.0,0.9947656575632541,0.9482943581581963,0.9482943581581963,0.013501766491181434,0.07676422002583354,,,,1.0,1.0,1.0
retained,3.0,9,24.0,1.500677005917264,1.4982023411900767,0.0027691268892603696,1.4551922158371344,0.02625200165952691,0.01804022958192146,0.9953690871945509,9.0,0.9953690871945509,0.9475965572031789,0.9475965572031789,0.007112153544841945,0.058694912989658114,,,,1.0,1.0,1.0
retained,3.0,9,24.5,1.5021368934822823,1.5019805945473643,0.0023078752186817906,1.4549668384179977,0.026047941929729486,0.01790277361788652,0.996106478471077,9.0,0.996106478471077,0.9481044805088891,0.9481044805088891,0.012534707071576667,0.0467380787686333,,,,1.0,1.0,1.0
retained,3.0,9,25.0,1.497723903132182,1.5039600437309855,0.0038626039471760525,1.4550004492769948,0.02564048582794445,0.017622321588069256,0.9966055319087013,9.0,0.9966055319087013,0.9481260577833663,0.9481260577833663,0.02396328901105527,0.05281438675132798,9.0,0.995416644781215,0.0063730847823469635,1.0,1.0,1.0
retained,3.0,9,25.5,1.4974519683024086,1.4986009654752126,0.003507381646807693,1.4535928889111915,0.026248979461864788,0.018057999362893477,0.9964596771272023,9.0,0.9964596771272023,0.9493989594185913,0.9493989594185913,0.017278115779443725,0.06558264650319305,,,,1.0,1.0,1.0
retained,3.0,9,26.0,1.500373363659331,1.4996963884187715,0.0012447832431243756,1.4539186080537325,0.025693678273388823,0.017672019692892782,0.9961165676973598,9.0,0.9961165676973598,0.9495425162089846,0.9495425162089846,0.009101726919790434,0.06789648335680726,,,,1.0,1.0,1.0
retained,3.0,9,26.5,1.4990223618969647,1.501437508427911,0.0011937450187529813,1.4545441678314277,0.025793373365798337,0.0177329598758445,0.9961244516711196,9.0,0.9961244516711196,0.9476579778553686,0.9476579778553686,0.013927247001736504,0.06441267971087017,,,,1.0,1.0,1.0
retained,3.0,9,27.0,1.4976181650516915,1.498266792493835,0.0036202046857634162,1.4534150303164992,0.026376766470395576,0.0181481310707594,0.9959037818851979,9.0,0.9959037818851979,0.9497661352462963,0.9497661352462963,0.02707384642192674,0.06784823702280396,,,,1.0,1.0,1.0
retained,3.0,9,27.5,1.5030280001496656,1.4988382595584826,0.0035922006296813893,1.4537506839457763,0.026658228451856687,0.018337551786734716,0.9965328061288116,9.0,0.9965328061288116,0.9492395191308917,0.9492395191308917,0.008517368681398756,0.043098592294026385,,,,1.0,1.0,1.0
retained,3.0,9,28.0,1.5008953635959148,1.5019816512676827,0.001339539736066194,1.4539833838053424,0.025905442738684968,0.017816876745101205,0.996399927760944,9.0,0.996399927760944,0.9489519001984895,0.9489519001984895,0.009767749756372112,0.046989836582358696,,,,1.0,1.0,1.0
retained,3.0,9,28.5,1.4982269664622447,1.499704533822664,0.0022209127443986836,1.4544071014815976,0.02553203192352938,0.017554941733659044,0.996145032722307,9.0,0.996145032722307,0.9477455054148892,0.9477455054148892,6.604005690224302e-05,0.058807607892642895,,,,1.0,1.0,1.0
retained,3.0,9,29.0,1.4984164831764066,1.498724647100367,0.002753560056309189,1.4539798586293595,0.02550037023516694,0.017538324264825565,0.9961916556084034,9.0,0.9961916556084034,0.9487961247273109,0.9487961247273109,-0.0011994698306664576,0.0717947831197677,,,,1.0,1.0,1.0
retained,3.0,9,29.5,1.5004747288943514,1.4994173688976973,0.0015398875476703665,1.453092618996401,0.026311323477347548,0.018107120725394527,0.9955184896126398,9.0,0.9955184896126398,0.9501491064521842,0.9501491064521842,0.015615691610212493,0.07038966349293448,,,,1.0,1.0,1.0
retained,3.0,9,30.0,1.4979944108257706,1.5000951495498935,0.002250746951722986,1.4541903370196236,0.025953742884958306,0.01784755559451092,0.9949532271941414,9.0,0.9949532271941414,0.9494492424782113,0.9494492424782113,0.012951332189066501,0.06996569457761893,9.0,0.9948192882530272,0.008413355019113023,1.0,1.0,1.0
retained,3.0,9,30.5,1.4993119391854628,1.4998109608553873,0.0013475024515642788,1.4549332954216594,0.02619788368220965,0.018006243835815956,0.9952262793844678,9.0,0.9952262793844678,0.9480655977848197,0.9480655977848197,0.02718821997577288,0.07119060049218609,,,,1.0,1.0,1.0
retained,3.0,9,31.0,1.5020841420366282,1.499811100614845,0.0022740061910456262,1.4549504711032828,0.026035516531142264,0.017894434929733135,0.9956424524258424,9.0,0.9956424524258424,0.9484783404981879,0.9484783404981879,0.02123026313145251,0.059817746707493666,,,,1.0,1.0,1.0
retained,3.0,9,31.5,1.500494868234156,1.5030066381241058,0.002135681560053967,1.4544620335204612,0.026167046337634243,0.017990876169038293,0.9963053202125217,9.0,0.9963053202125217,0.9498811791331657,0.9498811791331657,-0.005459584916701187,0.05887519574081734,,,,1.0,1.0,1.0
retained,3.0,9,32.0,1.4983366888759329,1.4992985082763959,0.002382877276014186,1.455268863236338,0.027292635128286873,0.01875435929247564,0.9962296277027066,9.0,0.9962296277027066,0.9472770850244635,0.9472770850244635,0.015966810578930686,0.05411729412544621,,,,1.0,1.0,1.0
retained,3.0,9,32.5,1.4997247957443371,1.498080675194843,0.0028523089042423533,1.4549463903543405,0.026538117420518353,0.018239928011406118,0.9963082475371622,9.0,0.9963082475371622,0.9480443952637683,0.9480443952637683,0.0054915769396660765,0.06498413677311983,,,,1.0,1.0,1.0
retained,3.0,9,33.0,1.4992496924890888,1.4997152008373362,0.0014616239614329849,1.4546813714696238,0.026757865046393273,0.018394313401676788,0.9960713188305519,9.0,0.9960713188305519,0.948588274146346,0.948588274146346,0.005880115171820661,0.06896869618652661,,,,1.0,1.0,1.0
retained,3.0,9,33.5,1.4990886437261959,1.4991083933330906,0.0020618072263829845,1.454599110527785,0.026514457698520524,0.01822801726373946,0.995568513373025,9.0,0.995568513373025,0.9500146213317179,0.9500146213317179,0.011362803023854999,0.06669038104437343,,,,1.0,1.0,1.0
retained,3.0,9,34.0,1.5012671739641945,1.5001910809810712,0.0013764977563563419,1.4543470234349556,0.0272653009230896,0.018747451938047728,0.9961917561899306,9.0,0.9961917561899306,0.9492282632861414,0.9492282632861414,0.010293770299801323,0.06583146385551933,,,,1.0,1.0,1.0
retained,3.0,9,34.5,1.5034211076436006,1.5013851157473315,0.0033621600129849476,1.4538029899992353,0.027660076056327997,0.019026014010565865,0.996401883344659,9.0,0.996401883344659,0.9493062001180483,0.9493062001180483,0.0071955335583299305,0.06154080482087886,,,,1.0,1.0,1.0
retained,3.0,9,35.0,1.499878252225976,1.5026433414709641,0.0017474203298986873,1.4543056169964856,0.026391111568919403,0.01814688141232915,0.9963958832396956,9.0,0.9963958832396956,0.9489569314891688,0.9489569314891688,0.008825081836817893,0.053164751019694895,9.0,0.9948581905017144,0.006706634114900053,1.0,1.0,1.0
retained,3.0,9,35.5,1.4995289530542735,1.4992513590781191,0.0017510518327092136,1.4543391084963446,0.026202492443986244,0.018016769466563585,0.9961971198629348,9.0,0.9961971198629348,0.9483580882581117,0.9483580882581117,0.006737420125555041,0.055415574598401414,,,,1.0,1.0,1.0
retained,3.0,9,36.0,1.5001488290207263,1.4985254381865942,0.0023843633445940157,1.4546479171570923,0.026541412994035236,0.018245936134089924,0.9962498186369436,9.0,0.9962498186369436,0.9481384388942804,0.9481384388942804,0.004146200064640036,0.061772102395493654,,,,1.0,1.0,1.0
retained,3.0,9,36.5,1.4992166681350747,1.5008209006641895,0.0008805736854898946,1.4532530453793635,0.02547537004743167,0.017529892766047134,0.9955009777600886,9.0,0.9955009777600886,0.9507251064728446,0.9507251064728446,0.011328248022093234,0.07295383648933886,,,,1.0,1.0,1.0
retained,3.0,9,37.0,1.4989193015400635,1.4982182148606074,0.0029356799056527165,1.4541556154659057,0.026507454073266844,0.018228760245012677,0.9951788915323835,9.0,0.9951788915323835,0.9492405724922703,0.9492405724922703,0.02456283689821324,0.06697256423750701,,,,1.0,1.0,1.0
retained,3.0,9,37.5,1.504249842515169,1.4991713839435516,0.004505633518217895,1.4539992802675425,0.026610532644908872,0.018301613354315013,0.9952914979093616,9.0,0.9952914979093616,0.9502528889189877,0.9502528889189877,0.02244313319869711,0.06194697035862582,,,,1.0,1.0,1.0
retained,3.0,9,38.0,1.5008086021081006,1.503358423876912,0.0025517316640479137,1.455369319810286,0.02591812704238303,0.01780862540496702,0.9957908826532639,9.0,0.9957908826532639,0.947188552648478,0.947188552648478,0.011532142492447526,0.04915573377989838,,,,1.0,1.0,1.0
retained,3.0,9,38.5,1.4968154658158688,1.4986135874430242,0.004001319395345618,1.4548560140904283,0.026586679674198057,0.018274440505935546,0.996039232095899,9.0,0.996039232095899,0.947791067697779,0.947791067697779,0.02654907092355667,0.0537347779464315,,,,1.0,1.0,1.0
retained,3.0,9,39.0,1.5017789438322517,1.4964370633341724,0.004779387993092921,1.4546495833027167,0.026434579142067368,0.018172472219769135,0.996022572720311,9.0,0.996022572720311,0.9479068038987638,0.9479068038987638,0.004721727153239028,0.06411950067145816,,,,1.0,1.0,1.0
retained,3.0,9,39.5,1.503409776170973,1.4994758606455643,0.00361338745897701,1.4547949720881534,0.02629433464928779,0.018074254553922448,0.9962656307148532,9.0,0.9962656307148532,0.9469682429802637,0.9469682429802637,0.01124200175447164,0.0626688178728339,,,,1.0,1.0,1.0
retained,3.0,9,40.0,1.5006690314441142,1.5008590419688475,0.0005783962077980305,1.4549139266392,0.02613279135437452,0.01796174390518094,0.9961737473098992,9.0,0.9961737473098992,0.9477084118816683,0.9477084118816683,0.006917978721900165,0.07086543803511128,9.0,0.9953566125716237,0.005786469362380055,1.0,1.0,1.0
retained,3.0,9,40.5,1.4986694672888532,1.4990857842012646,0.0023131236315978294,1.4540790801212566,0.026979159425276563,0.01855412115758295,0.9957086627829097,9.0,0.9957086627829097,0.9483472560565254,0.9483472560565254,0.004008720448133528,0.07343517576329035,,,,1.0,1.0,1.0
retained,3.0,9,41.0,1.5023696945144684,1.4999503789497963,0.0024705132514359317,1.4546783751394803,0.02727591151610075,0.018750475694316572,0.9959655556992156,9.0,0.9959655556992156,0.9475443024911501,0.9475443024911501,0.013762940374086742,0.0645381778667656,,,,1.0,1.0,1.0
retained,3.0,9,41.5,1.5006005316127227,1.5019876924963778,0.0011920781215735766,1.4552585554997717,0.027013076904252083,0.018562390031766643,0.9960050131783174,9.0,0.9960050131783174,0.9468593095784066,0.9468593095784066,0.0037350264667164474,0.056550187994720044,,,,1.0,1.0,1.0
retained,3.0,9,42.0,1.4993605723056882,1.4998789321486503,0.0012639248669638534,1.4543679326156815,0.026411957842303404,0.018160437431263686,0.9958064769361172,9.0,0.9958064769361172,0.9498952342486607,0.9498952342486607,0.005284587378743392,0.05232441021698161,,,,1.0,1.0,1.0
retained,3.0,9,42.5,1.5025008862218499,1.49851765334606,0.0033938266320433083,1.4550842613983384,0.0258801169417389,0.017785991937585847,0.9962154687770108,9.0,0.9962154687770108,0.947453169268922,0.947453169268922,0.006945982384359146,0.062464754283049526,,,,1.0,1.0,1.0
retained,3.0,9,43.0,1.5009250202793758,1.4992232908734942,0.0018800728195178542,1.4540956677662193,0.026103218562726217,0.017951513879981475,0.9961417445753494,9.0,0.9961417445753494,0.9492109701262268,0.9492109701262268,0.016052888503869007,0.0627825616957528,,,,1.0,1.0,1.0
retained,3.0,9,43.5,1.4983714654913547,1.500049741273148,0.0019239532888575207,1.4540366137918523,0.02617064022096448,0.017998611570527377,0.9956200667874501,9.0,0.9956200667874501,0.9486910340552893,0.9486910340552893,0.02410688802017873,0.066262289427986,,,,1.0,1.0,1.0
retained,3.0,9,44.0,1.5017242245754145,1.4989526602722152,0.0025474187030007003,1.4550765334452278,0.02609267307259304,0.017932165403569972,0.9953480304759756,9.0,0.9953480304759756,0.9475694334942454,0.9475694334942454,0.023610485719916946,0.07639398077643984,,,,1.0,1.0,1.0
retained,3.0,9,44.5,1.500295556142855,1.50297234418887,0.00207313867698266,1.4548805803286335,0.026526497002083385,0.018232765878345485,0.9960550984081685,9.0,0.9960550984081685,0.9488473757034783,0.9488473757034783,-0.004175287247626239,0.05471063333893954,,,,1.0,1.0,1.0
retained,3.0,9,45.0,1.4976107229998414,1.5014972458362374,0.0025508070581724183,1.4549566794593847,0.026671976279945605,0.018331800978332948,0.9961050322193379,9.0,0.9961050322193379,0.9477197946647812,0.9477197946647812,0.008911089158080763,0.05206184721627588,9.0,0.9953391469051246,0.007920664355467226,1.0,1.0,1.0
retained,3.0,9,45.5,1.497831052768809,1.4982287563673555,0.0035071379744258443,1.4532818803185859,0.02622924268399394,0.018048283020114457,0.9961563291002118,9.0,0.9961563291002118,0.951137489611417,0.951137489611417,0.006937171625768333,0.05013820913373458,,,,1.0,1.0,1.0
retained,3.0,9,46.0,1.5011900716912454,1.5001249669919954,0.0013486724773501856,1.4533829202694029,0.026649810801051665,0.01833640015262584,0.995944833406713,9.0,0.995944833406713,0.9494214250852465,0.9494214250852465,0.01796226523330483,0.05461578469270849,,,,1.0,1.0,1.0
retained,3.0,9,46.5,1.4995675874294319,1.5000359281304647,0.0010190008772337806,1.4539943217320503,0.0261849376644166,0.018008968310979482,0.9960722372154676,9.0,0.9960722372154676,0.948988800478811,0.948988800478811,0.008666161680783716,0.06721955371062834,,,,1.0,1.0,1.0
retained,3.0,9,47.0,1.5002433669794957,1.4970752899318802,0.003836808533644956,1.4542916396963355,0.026527599576019797,0.018240907705114027,0.995494127674488,9.0,0.995494127674488,0.9480632566526445,0.9480632566526445,0.022129858515309665,0.08334912583910524,,,,1.0,1.0,1.0
retained,3.0,9,47.5,1.5036107608883411,1.501350838757896,0.003545571688594695,1.454648304217684,0.02646243608989165,0.018191638496511536,0.9958069927408356,9.0,0.9958069927408356,0.948064940697099,0.948064940697099,0.020834414893706264,0.07400633369379012,,,,1.0,1.0,1.0
retained,3.0,9,48.0,1.497897638925957,1.5032029822479092,0.003174975524029536,1.4546030633314122,0.026297503274326475,0.0180788174707253,0.9966699784636274,9.0,0.9966699784636274,0.9480695041690139,0.9480695041690139,-0.01126098008976213,0.04429849783567152,,,,1.0,1.0,1.0
retained,3.0,9,48.5,1.4971709829378474,1.4994849824070517,0.0032504312601049114,1.4549221138515644,0.02682241773447686,0.018435638223595906,0.996364279572547,9.0,0.996364279572547,0.9481971233869044,0.9481971233869044,0.010456909564700087,0.052498671826934934,,,,1.0,1.0,1.0
retained,3.0,9,49.0,1.4998323310608581,1.4985890497034955,0.0023346698800886323,1.4547907011384804,0.026391870561783343,0.018141352251653635,0.9959639076275414,9.0,0.9959639076275414,0.9486052769784182,0.9486052769784182,0.00900220261863755,0.058705526253523384,,,,1.0,1.0,1.0
retained,3.0,9,49.5,1.5028116526904047,1.500809099344467,0.002720683460306216,1.4544125456951493,0.026218464879364967,0.018026841804251365,0.9960921814120116,9.0,0.9960921814120116,0.9486936644441732,0.9486936644441732,-0.01127402753045343,0.055792787748454795,,,,1.0,1.0,1.0
retained,3.0,9,50.0,1.4997861393963086,1.4990686189683662,0.0018658982887198737,1.4544835514848748,0.026220337660310417,0.018027249351525637,0.9951285003662171,9.0,0.9951285003662171,0.9485187541016584,0.9485187541016584,0.016829988192936664,0.0685343383520039,9.0,0.9950910776615434,0.008104434552863799,1.0,1.0,1.0
retained,3.0,9,50.5,1.5009026526696911,1.498389921087788,0.002646191077841696,1.4547968442394776,0.026745383425879846,0.01838427374363841,0.9949938307351145,9.0,0.9949938307351145,0.9469357187914289,0.9469357187914289,0.024150866260190203,0.07200142514503326,,,,1.0,1.0,1.0
retained,3.0,9,51.0,1.4994538384730212,1.5017817390221353,0.0010815298605731315,1.4547399625583344,0.027215528409348905,0.018708174044718712,0.996202962641649,9.0,0.996202962641649,0.948256985854234,0.948256985854234,-0.0018899566204114442,0.055521173843304336,,,,1.0,1.0,1.0
retained,3.0,9,51.5,1.4960094492652418,1.5004569613678362,0.004108320492304921,1.4546587919801428,0.025805378885754092,0.017739815706628165,0.9968306203819834,9.0,0.9968306203819834,0.9489267563390859,0.9489267563390859,0.004518110980804919,0.044827798831041606,,,,1.0,1.0,1.0
retained,3.0,9,52.0,1.499447030373456,1.4981529823128443,0.002830804489139602,1.4538524286147576,0.025946398772578285,0.017846652288705963,0.9965136114102888,9.0,0.9965136114102888,0.9499428334144532,0.9499428334144532,0.00623553922144859,0.056673920208540354,,,,1.0,1.0,1.0
retained,3.0,9,52.5,1.5006396660327515,1.4994989598472996,0.001512504506121554,1.4551237515530666,0.025871273057270945,0.017779431494852796,0.9964754895470248,9.0,0.9964754895470248,0.9468911029879153,0.9468911029879153,0.006354686499070395,0.06455053392089126,,,,1.0,1.0,1.0
retained,3.0,9,53.0,1.5000601204153088,1.4995434668756606,0.0013660676460635966,1.4538648530700806,0.025571026005612115,0.01758831018688882,0.9962449477458951,9.0,0.9962449477458951,0.9492285607777914,0.9492285607777914,0.008488782206121818,0.06643847184267292,,,,1.0,1.0,1.0
retained,3.0,9,53.5,1.5010088111649786,1.4981099069323927,0.0029452986410925903,1.4550115837654598,0.026408904988993162,0.018150305663305385,0.995726847016089,9.0,0.995726847016089,0.9466428402229184,0.9466428402229184,0.023684726242856283,0.07061373785659467,,,,1.0,1.0,1.0
retained,3.0,9,54.0,1.50213843569208,1.501489353022726,0.002126318607508349,1.4546870328188382,0.025937351718845834,0.017830193803670197,0.9959196074716347,9.0,0.9959196074716347,0.9469851613752258,0.9469851613752258,0.023928356629428535,0.05937570143428932,,,,1.0,1.0,1.0
retained,3.0,9,54.5,1.4987242714237936,1.5016728610964307,0.0015672142639879668,1.455334626459435,0.026932803356850745,0.01850626163027081,0.9962805553333292,9.0,0.9962805553333292,0.9461170373365992,0.9461170373365992,0.016053073875333283,0.04622213203439815,,,,1.0,1.0,1.0
retained,3.0,9,55.0,1.4964584054799586,1.4988580949219212,0.0041732110426004445,1.4531604080623137,0.026270739666626283,0.01807834807559645,0.9963006998223752,9.0,0.9963006998223752,0.9505205433219919,0.9505205433219919,0.009870403710822293,0.056031137744147516,9.0,0.9940592688285501,0.006630445009375165,1.0,1.0,1.0
retained,3.0,9,55.5,1.5008243767113305,1.497766463022836,0.0032267058508189807,1.4542063341109743,0.026169802629532876,0.01799593497543918,0.9963102042201717,9.0,0.9963102042201717,0.9476985600665299,0.9476985600665299,0.013768120359805555,0.06340278629690987,,,,1.0,1.0,1.0
retained,3.0,9,56.0,1.5003800435816839,1.4999494834865341,0.0010017238309451093,1.4545842812794285,0.026242683295303694,0.018041363180565283,0.9957121467527023,9.0,0.9957121467527023,0.9475416840553139,0.9475416840553139,0.007762785760800013,0.0673679099219466,,,,1.0,1.0,1.0
retained,3.0,9,56.5,1.498042282933156,1.4992209037154567,0.0026560894641100207,1.4531618083122553,0.026215120618850757,0.018040056151281438,0.9952054947492284,9.0,0.9952054947492284,0.9493164049293934,0.9493164049293934,0.02088953010116169,0.06559988200546782,,,,1.0,1.0,1.0
retained,3.0,9,57.0,1.5000728900339906,1.4994442578188885,0.0014650209613828846,1.4545816574777544,0.026315621185340348,0.018091539275266025,0.9960391605611534,9.0,0.9960391605611534,0.946542261189298,0.946542261189298,0.028156466544622446,0.0664296650505963,,,,1.0,1.0,1.0
retained,3.0,9,57.5,1.4996742384816169,1.5020575619182261,0.0012223202005920476,1.454292354068942,0.027357244312134536,0.018811378768231933,0.996592746124372,9.0,0.996592746124372,0.9467572631679297,0.9467572631679297,0.009936475411325151,0.056207563377224774,,,,1.0,1.0,1.0
retained,3.0,9,58.0,1.4984174258889424,1.4992628395501382,0.002348877522030852,1.4538031410870116,0.02643505640831148,0.018183380996512316,0.9965668704961005,9.0,0.9965668704961005,0.9479287863346603,0.9479287863346603,0.01725930880929463,0.05025050436079911,,,,1.0,1.0,1.0
retained,3.0,9,58.5,1.5000058845362167,1.4980480584402924,0.002862405074495074,1.4543077492979282,0.02663723600260365,0.018316093010893233,0.9966794767343967,9.0,0.9966794767343967,0.9476501584994277,0.9476501584994277,0.011847948479311919,0.051659418376500614,,,,1.0,1.0,1.0
retained,3.0,9,59.0,1.4999791795036943,1.499866428091915,0.001048888384792376,1.4538495116648227,0.026814555293212663,0.018443831413133643,0.9961843766478246,9.0,0.9961843766478246,0.9484026635613223,0.9484026635613223,0.010218015678541519,0.07056910254575026,,,,1.0,1.0,1.0
retained,3.0,9,59.5,1.4989360140174939,1.4990394217616696,0.0021986436826405067,1.4543604693582137,0.025700839282693504,0.01767157443026135,0.9959289249305671,9.0,0.9959289249305671,0.9475651787310078,0.9475651787310078,0.009116289747368587,0.07221210262572023,,,,1.0,1.0,1.0
retained,3.0,9,60.0,1.5018799288777422,1.498971674356054,0.0026358267618914817,1.4541658942465308,0.02625154914237435,0.018052650833195665,0.9960211359784047,9.0,0.9960211359784047,0.9482119906838823,0.9482119906838823,0.014192304734594154,0.0628307097295586,9.0,0.9947505734244017,0.006410162368911178,1.0,1.0,1.0
retained,3.0,9,60.5,1.5028869576549495,1.5022883285617945,0.003115993769186194,1.4544664097999827,0.026376304703303308,0.018134694982011004,0.9956973563432144,9.0,0.9956973563432144,0.9489006691787683,0.9489006691787683,0.007618935025081519,0.05786994663261579,,,,1.0,1.0,1.0
retained,3.0,9,61.0,1.4981817187045334,1.5025863893877314,0.002542719271628718,1.45512479940532,0.02618171915879037,0.017992765410561558,0.9960736375488357,9.0,0.9960736375488357,0.948207240337824,0.948207240337824,0.01547744950151165,0.048317920843977444,,,,1.0,1.0,1.0
retained,3.0,9,61.5,1.4976170379303197,1.498593076500876,0.0033902226008521138,1.454778232644388,0.026406071463524576,0.018151269293826027,0.9964252946682247,9.0,0.9964252946682247,0.949458074173352,0.949458074173352,0.010864945828464949,0.04398485530757404,,,,1.0,1.0,1.0
retained,3.0,9,62.0,1.5016926291687824,1.4983836305061178,0.0029895884259342675,1.454966958235521,0.025736542191458822,0.017688746844581438,0.9963809149515105,9.0,0.9963809149515105,0.949735177819505,0.949735177819505,-0.0006478524164236159,0.0501827920893165,,,,1.0,1.0,1.0
retained,3.0,9,62.5,1.5023177465983584,1.5008490721316223,0.002225748140167064,1.454706675193423,0.02582843877222953,0.017755083696715208,0.9964292855821473,9.0,0.9964292855821473,0.9494769440648796,0.9494769440648796,0.006084956943387803,0.0610688806297916,,,,1.0,1.0,1.0
retained,3.0,9,63.0,1.4994947747155212,1.5008235469694253,0.0006041291574320904,1.454245461537912,0.0252789878867947,0.01738288930952643,0.9959065996517661,9.0,0.9959065996517661,0.9500460084330722,0.9500460084330722,-0.00754869517388892,0.06835260115140888,,,,1.0,1.0,1.0
retained,3.0,9,63.5,1.5005664927886733,1.5005114595754896,0.0006184888773164704,1.4548331307871738,0.025826129874329185,0.01775195335313495,0.9959678320643643,9.0,0.9959678320643643,0.9479961211959894,0.9479961211959894,0.011758555853771018,0.06649887542886301,,,,1.0,1.0,1.0
retained,3.0,9,64.0,1.501055108007572,1.5029948631760675,0.0022970080693155747,1.454888410059816,0.02598406163664519,0.017859831349936236,0.9958801382446268,9.0,0.9958801382446268,0.9472999043761213,0.9472999043761213,0.009559539630218859,0.06733497495766082,,,,1.0,1.0,1.0
retained,3.0,9,64.5,1.4980817883927677,1.502251113734504,0.002417661960538516,1.454256248513728,0.025829415044988743,0.017761254298468237,0.9960192502169926,9.0,0.9960192502169926,0.9491469982494327,0.9491469982494327,0.0005498204033424258,0.05314894845630486,,,,1.0,1.0,1.0
retained,3.0,9,65.0,1.4977817035033534,1.498392198599398,0.00341704853072165,1.4542281931827257,0.025547737039630355,0.017567901075907864,0.9964064757680283,9.0,0.9964064757680283,0.9494187995016301,0.9494187995016301,0.005493618652228108,0.05176834069351762,9.0,0.994790325589631,0.0068147726577164796,1.0,1.0,1.0
retained,3.0,9,65.5,1.5005538597204324,1.4995647409874084,0.0014212618603385355,1.452741296853241,0.02625778425991849,0.018074645717578927,0.9964208719378866,9.0,0.9964208719378866,0.9504004238863428,0.9504004238863428,0.014733161685436385,0.05791098662003528,,,,1.0,1.0,1.0
retained,3.0,9,66.0,1.5016886381459154,1.5017850306449918,0.0018203978752448814,1.453912057765558,0.026314161450495827,0.018098867335165168,0.9966212420013802,9.0,0.9966212420013802,0.9490534675907516,0.9490534675907516,0.0048046972880572405,0.06068524165491174,,,,1.0,1.0,1.0
retained,3.0,9,66.5,1.5001118869146985,1.5006300060577018,0.0002797884734537782,1.4539176405981438,0.02628085254726663,0.018075888078814873,0.9963670093845561,9.0,0.9963670093845561,0.9488146796658906,0.9488146796658906,0.016357675238114943,0.06615092191519734,,,,1.0,1.0,1.0
retained,3.0,9,67.0,1.5007973946364226,1.4997464873390935,0.0013594887249929986,1.4539345441418186,0.0260973680623889,0.017949479340414742,0.995759374135234,9.0,0.995759374135234,0.9493336702381384,0.9493336702381384,0.013723043971879527,0.07309002571762466,,,,1.0,1.0,1.0
retained,3.0,9,67.5,1.5008937219900078,1.5007043399042288,0.0008266835437438066,1.455044358183445,0.02619940474448204,0.018005914800556855,0.995791541647242,9.0,0.995791541647242,0.9474664749472034,0.9474664749472034,0.005672273494896061,0.0729865227752173,,,,1.0,1.0,1.0
retained,3.0,9,68.0,1.496922416271274,1.4991517564275656,0.003624886263565681,1.455464481019455,0.02615217032070468,0.01796826419452493,0.9963648245482079,9.0,0.9963648245482079,0.9477498671234502,0.9477498671234502,0.020988193158843208,0.06300321084864939,,,,1.0,1.0,1.0
retained,3.0,9,68.5,1.4987085622383893,1.4967434533114445,0.004389659819999309,1.4550879665723677,0.025676776245544226,0.01764620204098651,0.996567326669043,9.0,0.996567326669043,0.9479064944347225,0.9479064944347225,-0.0044066312358285046,0.051072283847023454,,,,1.0,1.0,1.0
retained,3.0,9,69.0,1.5018187251795851,1.5010566517212538,0.0017322079939459303,1.4541930059340753,0.026144696979614968,0.017978835596737987,0.9965712271403642,9.0,0.9965712271403642,0.9487688910916345,0.9487688910916345,0.01285422707012766,0.05865054868477674,,,,1.0,1.0,1.0
retained,3.0,9,69.5,1.5001250985737167,1.501751251012318,0.0008427264695443687,1.4537035368818116,0.02606436067095973,0.01792962595858278,0.9966521502418441,9.0,0.9966521502418441,0.9485032080676803,0.9485032080676803,0.008552950111437007,0.06393731359035307,,,,1.0,1.0,1.0
retained,3.0,9,70.0,1.5007456017023424,1.500769262218391,0.0006676112094449896,1.453157217276206,0.02572223870885288,0.0177009331151839,0.9957818934911733,9.0,0.9957818934911733,0.9504883338345408,0.9504883338345408,0.027799619169653858,0.06362758506924684,9.0,0.9942204777374773,0.005469562038222408,1.0,1.0,1.0
retained,3.0,9,70.5,1.500708933785999,1.500626392239181,0.0006779068125467808,1.4544961801145486,0.025568291756226092,0.017578796084711936,0.9954592101974433,9.0,0.9954592101974433,0.9485658771823295,0.9485658771823295,0.02083380441486586,0.07919234638107232,,,,1.0,1.0,1.0
retained,3.0,9,71.0,1.4999373980546518,1.5003700301819682,0.0005610665327705625,1.4546331911278887,0.026300481910472174,0.018080490718130386,0.9955133399112799,9.0,0.9955133399112799,0.9474208791166562,0.9474208791166562,0.02759902936402255,0.08367147982403825,,,,1.0,1.0,1.0
retained,3.0,9,71.5,1.497146509146756,1.4978743973274906,0.004229700666888977,1.4550824584000404,0.025454314959640408,0.017493383150003136,0.9957521021143722,9.0,0.9957521021143722,0.9472213305307193,0.9472213305307193,0.014655978728129198,0.0695695355146885,,,,1.0,1.0,1.0
retained,3.0,9,72.0,1.5012542405218885,1.496727205839963,0.00434022165531843,1.4546995043294086,0.02575572951836622,0.017705188901015793,0.9959514291559317,9.0,0.9959514291559317,0.9476555769042725,0.9476555769042725,0.014812688447452142,0.05066663836649781,,,,1.0,1.0,1.0
retained,3.0,9,72.5,1.502153279804974,1.5001003629442704,0.0022135186221201625,1.454431467213104,0.0266135029004651,0.018298217207484053,0.995836350984951,9.0,0.995836350984951,0.9481473404859336,0.9481473404859336,0.008023741656511653,0.05975923015946648,,,,1.0,1.0,1.0
retained,3.0,9,73.0,1.4976638456520097,1.502250017243584,0.0027744921892316056,1.4542249734036927,0.026466677533269263,0.018199850791533696,0.9963345299970466,9.0,0.9963345299970466,0.9478325967842886,0.9478325967842886,0.00707845456967488,0.053032882400855595,,,,1.0,1.0,1.0
retained,3.0,9,73.5,1.4985049861190003,1.498383547031616,0.0029832564554968135,1.4545219066687158,0.027413673913253146,0.018847205935893084,0.9958176912817519,9.0,0.9958176912817519,0.9473170844525391,0.9473170844525391,0.011255544238802994,0.06691099242139255,,,,1.0,1.0,1.0
retained,3.0,9,74.0,1.5000315263561426,1.4996439127125951,0.0012667139290774793,1.4534037044537509,0.02706883954280112,0.018624446504334945,0.9959825522303247,9.0,0.9959825522303247,0.9489492483826059,0.9489492483826059,0.012214490596433453,0.06411135513715933,,,,1.0,1.0,1.0
retained,3.0,9,74.5,1.499651747926224,1.5009635174335867,0.00044440029935261845,1.4537146678160895,0.02705135743315649,0.018608436739374484,0.9957884254564252,9.0,0.9957884254564252,0.9483056748326012,0.9483056748326012,0.009027569084910583,0.06887539892439858,,,,1.0,1.0,1.0
retained,3.0,9,75.0,1.4996972853837482,1.4977901641150375,0.003143957798902845,1.4548554342702433,0.027595105178196667,0.018967592606229218,0.9963005965900162,9.0,0.9963005965900162,0.9463939234835855,0.9463939234835855,0.01619081923009341,0.07313723697759783,9.0,0.9952944123363056,0.007042438540152029,1.0,1.0,1.0
retained,3.0,9,75.5,1.5009050394704573,1.4971385476945174,0.0038570856352361004,1.4543594060117488,0.02634336039642834,0.018113377125032002,0.9962037245073359,9.0,0.9962037245073359,0.9478193272421027,0.9478193272421027,0.0016685222944108097,0.058329049740910945,,,,1.0,1.0,1.0
retained,3.0,9,76.0,1.5013878385627661,1.5024550398712953,0.002016654895333242,1.4546463777754886,0.027119032768339477,0.018643041486007848,0.9967340110301524,9.0,0.9967340110301524,0.9471952901412112,0.9471952901412112,0.00030872667738177475,0.05519257450236226,,,,1.0,1.0,1.0
retained,3.0,9,76.5,1.5004687330407669,1.5013492126072487,0.000578774261071676,1.4539125379489333,0.026715278982888835,0.018374749708518694,0.9962679091557667,9.0,0.9962679091557667,0.9482899524474581,0.9482899524474581,0.010540561685659679,0.06143034080726025,,,,1.0,1.0,1.0
retained,3.0,9,77.0,1.4992921198821771,1.499132987197387,0.0019482900606609102,1.4533578058974992,0.025666207795127377,0.01765993734714047,0.9962144637074141,9.0,0.9962144637074141,0.9485713507066637,0.9485713507066637,0.008054084974361445,0.07079643283637942,,,,1.0,1.0,1.0
retained,3.0,9,77.5,1.4988047339484545,1.5009125985478127,0.0012880799296212278,1.4534192997546607,0.025918672936381445,0.0178328944309165,0.9960988381890329,9.0,0.9960988381890329,0.947826981585698,0.947826981585698,0.017546123396446296,0.06977255799990853,,,,1.0,1.0,1.0
retained,3.0,9,78.0,1.4967355170697636,1.5000758690559761,0.0034591555045691723,1.454761941729193,0.02699959585961588,0.0185594598574135,0.9953744752648014,9.0,0.9953744752648014,0.9462276375814523,0.9462276375814523,0.030234566467248102,0.07400831555066213,,,,1.0,1.0,1.0
retained,3.0,9,78.5,1.4979786548376532,1.4983564673844594,0.0033144838932778827,1.4539702695494485,0.02648459141336164,0.01821535967277281,0.9952876827333687,9.0,0.9952876827333687,0.9483802677255526,0.9483802677255526,0.01827520022327916,0.06353432685440896,,,,1.0,1.0,1.0
retained,3.0,9,79.0,1.5037528746780688,1.4989400264994535,0.004156140058336902,1.4547435167468705,0.02624694133911684,0.018042315388908436,0.9960055433555737,9.0,0.9960055433555737,0.9482501665719799,0.9482501665719799,0.015169578717758227,0.05653100552562531,,,,1.0,1.0,1.0
retained,3.0,9,79.5,1.500873060947268,1.5023845674080403,0.001669032308964588,1.455082290969863,0.026071748591522767,0.01791771417556394,0.9961207272396986,9.0,0.9961207272396986,0.9471331371090108,0.9471331371090108,0.015065533446204576,0.04684693408844858,,,,1.0,1.0,1.0
retained,3.0,9,80.0,1.4979096410992874,1.5019086211369785,0.0024010787114503787,1.4549530023868065,0.026844740161009004,0.01845058920595443,0.9961454916415845,9.0,0.9961454916415845,0.947737663068928,0.947737663068928,0.0091107312685231,0.052073486973583945,9.0,0.9954543292779628,0.00657969442784494,1.0,1.0,1.0
retained,3.0,9,80.5,1.4981802254813665,1.4994122627126256,0.0024287091869741886,1.4550749657976976,0.026522456412018332,0.018227553243264177,0.9957330261438785,9.0,0.9957330261438785,0.9488206041858342,0.9488206041858342,-0.00478191152073822,0.052657955269288216,,,,1.0,1.0,1.0
retained,3.0,9,81.0,1.5000204729004591,1.500228343821323,0.0006846316933719193,1.454931617620988,0.02553181560192478,0.017548464335164278,0.9953326148296217,9.0,0.9953326148296217,0.9485603286036206,0.9485603286036206,0.0064034377579388095,0.06363224383748324,,,,1.0,1.0,1.0
retained,3.0,9,81.5,1.4994306015967906,1.5015569077602389,0.0009263464194639603,1.4543082019436515,0.025704252687646627,0.01767455664025923,0.9950303151535316,9.0,0.9950303151535316,0.9495495856308293,0.9495495856308293,0.006224325568801108,0.06110592496554392,,,,1.0,1.0,1.0
retained,3.0,9,82.0,1.4997088310270217,1.4992651936034558,0.0016881972829434328,1.4550547116617332,0.02611018784913538,0.01794447153077595,0.995722832921261,9.0,0.995722832921261,0.947356449838079,0.947356449838079,0.005992947887474356,0.06694643178576862,,,,1.0,1.0,1.0
retained,3.0,9,82.5,1.5008036229747734,1.500029616368631,0.0011308509560582455,1.4540066840885968,0.026788198249234195,0.018423710525117445,0.9961557027336745,9.0,0.9961557027336745,0.949131510262881,0.949131510262881,0.010737637196767508,0.06515809337211186,,,,1.0,1.0,1.0
retained,3.0,9,83.0,1.501291811461671,1.5022006755565251,0.001762288778356409,1.4540210729163274,0.027286255594905193,0.018766066120470454,0.9963729143907336,9.0,0.9963729143907336,0.9491137674865113,0.9491137674865113,0.00211744185825936,0.05901192503829988,,,,1.0,1.0,1.0
retained,3.0,9,83.5,1.498799531391081,1.5001299236811296,0.001509884402614022,1.4533884218673863,0.026140864467087764,0.017986151584653932,0.9964489007864133,9.0,0.9964489007864133,0.9499170342335624,0.9499170342335624,0.004893998978688855,0.061637264466838634,,,,1.0,1.0,1.0
retained,3.0,9,84.0,1.4983104793166049,1.4981262704369473,0.0033047059875059366,1.454952874392636,0.025864503859593154,0.017776867082647047,0.9965523392583099,9.0,0.9965523392583099,0.9478773174070599,0.9478773174070599,0.012760527530622954,0.05816862318391404,,,,1.0,1.0,1.0
retained,3.0,9,84.5,1.50094843282145,1.4987623083808137,0.002311058658977114,1.4542146564087575,0.025547924349578074,0.017568193414216934,0.996303418196961,9.0,0.996303418196961,0.9493514244724193,0.9493514244724193,0.0006855040664994036,0.06310638524221031,,,,1.0,1.0,1.0
retained,3.0,9,85.0,1.5003981691422896,1.4998514472493791,0.0011008931489900205,1.4529286580644987,0.025997339063855835,0.0178930595935026,0.9957136800714542,9.0,0.9957136800714542,0.951534112064074,0.951534112064074,0.011564245398962406,0.07498212840585523,9.0,0.9939421705153424,0.006731631156688625,1.0,1.0,1.0
retained,3.0,9,85.5,1.5016014063179437,1.4990337107033285,0.002406888608468735,1.4542321425540439,0.026027583432760064,0.017897818835889742,0.995498711598007,9.0,0.995498711598007,0.9494548362018429,0.9494548362018429,0.014424837661539652,0.07310661683031179,,,,1.0,1.0,1.0
retained,3.0,9,86.0,1.5021371996506756,1.5014714621423297,0.0021203147291436837,1.4553806484228387,0.026818660666207583,0.018427248359575432,0.9952939193694263,9.0,0.9952939193694263,0.9473394002579545,0.9473394002579545,0.02186322424305137,0.06296782196407286,,,,1.0,1.0,1.0
retained,3.0,9,86.5,1.499647467713115,1.5006671142410368,0.0005068601113242436,1.455465455570602,0.026368756332134976,0.018117060924539324,0.9952914674096548,9.0,0.9952914674096548,0.9475082913310902,0.9475082913310902,0.013079233328751973,0.05794935314370566,,,,1.0,1.0,1.0
retained,3.0,9,87.0,1.4991316111549864,1.497330132772294,0.0037058357408191007,1.4546480754844522,0.026062365812712946,0.017916612445270107,0.9960111272460834,9.0,0.9960111272460834,0.9483749642339039,0.9483749642339039,0.0164100230779244,0.05395289604658703,,,,1.0,1.0,1.0
retained,3.0,9,87.5,1.5021528374481754,1.4979701574773732,0.0035890603517134034,1.454821119783174,0.026350156692908425,0.018112300085962214,0.996397596886023,9.0,0.996397596886023,0.9474957957686359,0.9474957957686359,0.008899299916324563,0.058992469161118985,,,,1.0,1.0,1.0
retained,3.0,9,88.0,1.5009517944937185,1.5007238987075358,0.0008787327465601974,1.4545626742790807,0.02624650071250397,0.01804425562171972,0.9959028766771058,9.0,0.9959028766771058,0.948632613342515,0.948632613342515,0.00580661392037198,0.057673940202473586,,,,1.0,1.0,1.0
retained,3.0,9,88.5,1.4970121677631294,1.4990695850878364,0.003588081181077298,1.4542204137250132,0.026487021520304185,0.018213897474081784,0.9949185634916805,9.0,0.9949185634916805,0.9488753414243588,0.9488753414243588,0.012038694867432333,0.06897685180788139,,,,1.0,1.0,1.0
retained,3.0,9,89.0,1.5009046266241255,1.4983231856114427,0.0027103920242689005,1.4551723124921032,0.0265933517213953,0.018275053403024127,0.9955943147256803,9.0,0.9955943147256803,0.9462715682353027,0.9462715682353027,0.021652937068728666,0.06572620731980049,,,,1.0,1.0,1.0
retained,3.0,9,89.5,1.4997300189766936,1.5015438836521195,0.0007311032889456579,1.4548916542536159,0.02665179989546628,0.018318752339767257,0.9961499531382009,9.0,0.9961499531382009,0.9477696392176627,0.9477696392176627,0.01620409948273791,0.06710727954615191,,,,1.0,1.0,1.0
retained,3.0,9,90.0,1.4969430905836991,1.5005691837203508,0.003168012025484888,1.455029071756183,0.026427327374039168,0.018162748694871132,0.9965122660263649,9.0,0.9965122660263649,0.9476412109560681,0.9476412109560681,0.0013559966344168833,0.045334440692394534,9.0,0.9953961693892968,0.006398499786529195,1.0,1.0,1.0
retained,3.0,9,90.5,1.4998673225760186,1.4976649179820063,0.003252052048615593,1.4543895285376567,0.025675841736388417,0.01765403369082606,0.9965519719075783,9.0,0.9965519719075783,0.9480634182170401,0.9480634182170401,-0.003006355837229739,0.05402220105626445,,,,1.0,1.0,1.0
retained,3.0,9,91.0,1.5004214637238251,1.4981283403399346,0.0028001569941387768,1.4538004248261214,0.025696665224316195,0.017675510878592284,0.9963115859300189,9.0,0.9963115859300189,0.9494884392277446,0.9494884392277446,-0.002440515712727434,0.07403349842356126,,,,1.0,1.0,1.0
retained,3.0,9,91.5,1.4984412024582257,1.5006749708423932,0.0016681252175787347,1.4529589204817035,0.025806619127174937,0.017761423783832234,0.9957117961403905,9.0,0.9957117961403905,0.9492249133789573,0.9492249133789573,0.014423456336743913,0.07288945719394732,,,,1.0,1.0,1.0
retained,3.0,9,92.0,1.4993228618884915,1.4989691656321313,0.002087182911615645,1.453566097290704,0.026079141624948128,0.01794149001793378,0.9954652180103336,9.0,0.9954652180103336,0.949801560812522,0.949801560812522,0.014189173054307766,0.07837528735920256,,,,1.0,1.0,1.0
retained,3.0,9,92.5,1.501890350477162,1.5018128166552513,0.002011909519242828,1.4544956341174196,0.026583399718156677,0.0182767133118879,0.995688323316158,9.0,0.995688323316158,0.9482941398001112,0.9482941398001112,0.010496411727487227,0.07580824676871913,,,,1.0,1.0,1.0
retained,3.0,9,93.0,1.498163722502939,1.5038663139990573,0.003530755422735818,1.4550838142014766,0.025972509932738915,0.01784949408360518,0.9960734434739378,9.0,0.9960734434739378,0.9464701187751314,0.9464701187751314,0.016449269861590735,0.054424028114514834,,,,1.0,1.0,1.0
retained,3.0,9,93.5,1.497958114301828,1.4990242033502637,0.002847792360422133,1.4544912482964094,0.02631432144356534,0.018091770214764998,0.996053552190527,9.0,0.996053552190527,0.948121957974523,0.948121957974523,0.006556903216134387,0.056237799011412806,,,,1.0,1.0,1.0
retained,3.0,9,94.0,1.5013056565010083,1.4982020978000075,0.0029663267051176266,1.4541610082368133,0.02697885137500421,0.0185528639691119,0.9959306480002693,9.0,0.9959306480002693,0.9487632139998541,0.9487632139998541,0.00014737575797652182,0.059298617013823336,,,,1.0,1.0,1.0
retained,3.0,9,94.5,1.5008543089874553,1.4996158250424099,0.0015008511333816142,1.4547505663873195,0.026770260882885696,0.018401959415878487,0.9959994044527288,9.0,0.9959994044527288,0.9467306316515206,0.9467306316515206,-0.004175995802494091,0.06376775652739024,,,,1.0,1.0,1.0
retained,3.0,9,95.0,1.4986444935450431,1.4990259693043164,0.0023757026075706855,1.4541690008009716,0.026154508980036097,0.017985879884408154,0.9952369147718165,9.0,0.9952369147718165,0.9475266835533726,0.9475266835533726,0.005228752677375032,0.06444469162252071,9.0,0.9949661603957325,0.006990013980028331,1.0,1.0,1.0
retained,3.0,9,95.5,1.5019478056761513,1.4991728943809528,0.0025407818232866543,1.4538865470536064,0.026379322204271062,0.01814400322895238,0.9951345167712414,9.0,0.9951345167712414,0.9480351675618915,0.9480351675618915,0.010444677222511021,0.07374878391936285,,,,1.0,1.0,1.0
retained,3.0,9,96.0,1.501320635825727,1.5022819248587975,0.0018417619727491548,1.4544068013943592,0.026824276262100617,0.01844344803419774,0.9956120410888625,9.0,0.9956120410888625,0.9472022832374793,0.9472022832374793,0.006490010928424105,0.058030014955990215,,,,1.0,1.0,1.0
retained,3.0,9,96.5,1.4979658385955503,1.5013535832794116,0.0021729084156531546,1.454938080137831,0.026027633003161164,0.017889168864626513,0.9959426135800824,9.0,0.9959426135800824,0.9474465451004944,0.9474465451004944,0.008218275512253499,0.05569179610815735,,,,1.0,1.0,1.0
retained,3.0,9,97.0,1.4988975248331484,1.4974138922081528,0.003693979618558065,1.4548472238326986,0.026142795544610225,0.017969443881357357,0.9965153006318445,9.0,0.9965153006318445,0.9478279044339966,0.9478279044339966,-0.0003365957686208576,0.057670839892140925,,,,1.0,1.0,1.0
retained,3.0,9,97.5,1.5013483457159422,1.5007492986714985,0.0012656706350298384,1.453900012312271,0.026256838599816146,0.018059590327712757,0.9959496223237551,9.0,0.9959496223237551,0.9489972448840568,0.9489972448840568,0.01671974160843026,0.05499851888844769,,,,1.0,1.0,1.0
retained,3.0,9,98.0,1.501198858559312,1.5021041524795151,0.001628309518759017,1.454327043808651,0.0251147828670978,0.01726900628989624,0.996431483440673,9.0,0.996431483440673,0.9488346478268623,0.9488346478268623,0.003953842668303933,0.06171659547919871,,,,1.0,1.0,1.0
retained,3.0,9,98.5,1.4984241577635458,1.4996599204560785,0.0020844557134454965,1.454631755969341,0.026186361084763812,0.01800205514371827,0.9959105005359488,9.0,0.9959105005359488,0.9486346497122311,0.9486346497122311,0.013425243327477144,0.06862569922143828,,,,1.0,1.0,1.0
retained,3.0,9,99.0,1.502037642899595,1.498658997474969,0.002974144321096386,1.4534516637564459,0.026041553005760817,0.017917040968845447,0.995482476625221,9.0,0.995482476625221,0.9505781658419643,0.9505781658419643,0.006171638971247806,0.07983990587786806,,,,1.0,1.0,1.0
retained,3.0,9,99.5,1.5012035979884786,1.5029019875490781,0.002281508186579648,1.4548978746261123,0.025607852151941456,0.017601133796777524,0.9958299926325429,9.0,0.9958299926325429,0.9479001337268235,0.9479001337268235,0.023291707839036873,0.0741836743965496,,,,1.0,1.0,1.0
retained,3.0,9,100.0,1.4978942900638443,1.4998800257587908,0.002427461558475075,1.4549255541557604,0.026125623383416768,0.017956673665393486,0.9965222754621802,9.0,0.9965222754621802,0.9482652573088021,0.9482652573088021,0.0036101206014006967,0.05357239263031407,9.0,0.9952522142750581,0.007953647373137218,1.0,1.0,1.0
removed,3.0,9,0.0,1.5000928092439072,1.5009091433578872,0.0,1.4547919873007806,0.02616730698164072,0.01798697491466908,0.995300270962592,9.0,0.995300270962592,0.9480481326511117,0.9480481326511117,0.02498828389313472,0.06359852903381837,9.0,0.9952232886456821,0.008761996177572652,1.0,1.0,1.0
removed,3.0,9,0.5,1.4899589186843003,1.4943015053557183,0.012097793924587921,2.494280088616571,0.1439840095492691,0.05772567812507716,0.5046431469379437,9.0,0.5046431469379437,-0.24756741054717885,0.24756741054717885,0.8477868643884827,0.06810863507231757,,,,1.0,0.0,0.0
removed,3.0,9,1.0,1.4208018605306112,1.5984553903337693,0.12570729830417296,3.511069315126104,0.3051372328084638,0.08690720843758235,0.4974295276465893,9.0,0.4974295276465893,-0.7013117768536685,0.7013117768536685,0.49273543049853297,0.08466586158897792,,,,1.0,0.0,0.0
removed,3.0,9,1.5,1.4595071780762292,1.8359667880017942,0.33750676836413446,3.91292431233854,0.8427437591009777,0.21537440845547967,0.35576216148918427,8.0,0.43477440007845486,-0.6463978282960935,0.6463978282960935,0.006411264325347697,0.12864223045225218,,,,1.0,0.0,0.0
removed,3.0,9,2.0,1.8064357870239536,2.041775170248406,0.6215963956455035,3.856202027096029,1.4827407968072,0.38450806943945315,0.24813070445708738,6.0,0.4060702010668035,-0.2791124004109956,0.2791124004109956,-0.11636493914842543,0.235773014336619,,,,1.0,0.0365,0.0365
removed,3.0,9,2.5,2.126095916336305,2.3624262432158503,1.064937370664121,3.8642528118977166,1.5915311112446466,0.41185998657863515,0.26414476254222236,7.0,0.4273405318366386,-0.04852413089795722,0.04852413089795722,0.10231206582503007,0.15281221413319632,,,,1.0,0.0485,0.0485
removed,3.0,9,3.0,2.0803821678911336,2.2379080098408495,0.9380314861220708,3.849165542945576,1.6349161872138145,0.42474561537373995,0.20804167052488626,7.0,0.43291679139689326,-0.07418815133995568,0.07418815133995568,-0.1563963193843324,0.11001220790447658,,,,1.0,0.051,0.051
removed,3.0,9,3.5,2.1771586825489644,2.3277476088755598,1.0686814515345342,3.8489496405040193,1.534126320261653,0.39858311060176915,0.2947053309436751,7.0,0.4261254456590698,-0.03295873652074787,0.03295873652074787,0.1159178095390139,0.10577765989662455,,,,1.0,0.0505,0.0505
removed,3.0,9,4.0,2.266472036897791,2.3945944865507327,1.1772895197091824,3.871170949046878,1.5672906332667829,0.40486216028580857,0.13082007327789025,7.0,0.47401179607227806,0.037942467502321046,0.037942467502321046,-0.103815573820123,0.12886476895740176,,,,1.0,0.009,0.009
removed,3.0,9,4.5,2.143805362528198,2.288741060911555,1.0173716044651875,3.8666554338373778,1.5305881162307287,0.3958429041378869,0.2194187362130256,7.0,0.521093867992842,-0.1127143635423107,0.1127143635423107,-0.0753892806354583,0.18866131164664326,,,,1.0,0.088,0.088
removed,3.0,9,5.0,2.137134094095363,2.4641925420600908,1.1548751035590223,3.871588265631231,1.5948956427354906,0.4119486715293719,0.28915013639458914,7.0,0.36001673103226733,-0.08253038319491299,0.08253038319491299,0.05156804793532107,0.09634979776103106,18.0,1.764604073188176,1.6519420121587591,1.0,0.0135,0.0135
removed,3.0,9,5.5,2.2374838328271216,2.309319706817087,1.0941997810151132,3.8547558828932535,1.511909531811294,0.39221926828645354,0.2846324928765957,7.0,0.488338495623459,-0.02850590206079638,0.02850590206079638,-0.002752955674983383,0.1728943011762773,,,,1.0,0.0625,0.0625
removed,3.0,9,6.0,2.221631282499674,2.3340938891616885,1.102186276918928,3.8561932584894776,1.5311716043146184,0.3970681710372573,0.2153041761435624,5.0,0.39806122364412655,-0.05035783744823018,0.05035783744823018,-0.07511662985978097,0.26963033613010046,,,,1.0,0.0195,0.0195
removed,3.0,9,6.5,2.05623019934451,2.270874359564432,0.9498079968266753,3.8334085450633655,1.570933203020152,0.40980062118429506,0.27627858171388153,7.0,0.49760872778220516,-0.14061563280208378,0.14061563280208378,0.06869258362194697,0.17697814357470568,,,,1.0,0.0275,0.0275
removed,3.0,9,7.0,2.0766227043016454,2.3391277468373453,1.017348095351016,3.7906099486157574,1.5220631484960747,0.40153515374271015,0.254588435026313,5.0,0.3350043934355867,0.03581630267975001,0.03581630267975001,0.12352467903256198,0.039354832029580844,,,,1.0,0.0555,0.0555
removed,3.0,9,7.5,2.053809043657722,2.1269184584759064,0.835756741443314,3.7693659719250774,1.6095693938906,0.42701329769488167,0.2546540397423889,7.0,0.5010419942602071,0.05253558516583853,0.05253558516583853,-0.13988441198028245,0.20775971329255133,,,,1.0,0.0405,0.0405
removed,3.0,9,8.0,1.9666047169564915,2.087214186594049,0.749257608411014,3.928678946669195,1.5548737110518127,0.3957752038684817,0.19904011878681283,7.0,0.42133750291954386,-0.33780900008412984,0.33780900008412984,0.050741979408952274,0.14768546132519653,,,,1.0,0.0335,0.0335
removed,3.0,9,8.5,1.90692559759936,2.2151672116470507,0.8219960497455203,3.767534992215078,1.6780074994785883,0.44538604231835505,0.28399662855828495,7.0,0.40244225138643225,0.12088455656605632,0.12088455656605632,0.17440049484397507,0.06888139630218151,,,,1.0,0.052,0.052
removed,3.0,9,9.0,1.797005051888551,1.8941491111750843,0.4927418716946451,3.788152844357472,1.5924643211566614,0.4203801658976533,0.19037640855439675,7.0,0.40097754628890236,0.040042096913455436,0.040042096913455436,-0.11111994684373663,0.18585523839713344,,,,1.0,0.057,0.057
removed,3.0,9,9.5,1.785363332694298,1.9744263221689387,0.5528089997267024,3.9082649023702323,1.693451607907932,0.4333001089258075,0.24005294637007366,6.0,0.4450352166409215,-0.2719991305519369,0.2719991305519369,-0.08939391248771011,0.20326466840906707,,,,1.0,0.043,0.043
removed,3.0,9,10.0,1.63935972770827,1.900760648861613,0.42341055847977566,3.759799774090763,1.7871759606483408,0.47533806799074446,0.15027256207345646,8.0,0.43060559633961554,0.04962285234992389,0.04962285234992389,0.22966506887354923,0.18033412613688057,10.0,1.805116887361993,1.2303040605178541,1.0,0.044,0.044
removed,3.0,9,10.5,1.590276585724312,1.654771546795865,0.17834447771652104,3.8327054440737127,1.7448699428250383,0.45525803333596326,0.2287749611186016,6.0,0.495408003373716,-0.0025052251840310545,0.0025052251840310545,-0.06262609076892225,0.1548369833185323,,,,1.0,0.0485,0.0485
removed,3.0,9,11.0,1.5375044994261555,1.7896104056016036,0.2911151892007829,3.9038839341031846,1.9638875664500197,0.5030599268830905,0.048827898656390686,6.0,0.42031844547460423,-0.2041992846874053,0.2041992846874053,-0.1266447561936902,0.22970971813927293,,,,1.0,0.0535,0.0535
removed,3.0,9,11.5,1.4413994385218125,1.8246034057971234,0.32897247195290125,3.8530710823549135,2.0129153085526994,0.5224184204051717,0.07471205307315153,8.0,0.404078439661036,0.014455280983602641,0.014455280983602641,0.2440129213647993,0.33178200917067163,,,,1.0,0.0355,0.0355
removed,3.0,9,12.0,1.2579214839638593,1.6796987991614003,0.30101942098514756,3.9776564899168445,2.0874776864592857,0.5248008951378619,0.17305213954608287,6.0,0.3916129629044877,-0.10940925837414295,0.10940925837414295,-0.13368021887178255,0.22580934065360447,,,,1.0,0.0535,0.0535
removed,3.0,9,12.5,1.2330156706238868,1.9434031004825738,0.5168472695732479,3.9829365365689613,2.2360745501963564,0.5614135524545887,0.07042656490902945,8.0,0.3600790505577757,-0.09194729653844377,0.09194729653844377,0.010258813387360512,0.1682980529086107,,,,1.0,0.0465,0.0465
removed,3.0,9,13.0,1.141310388128567,1.9404910265895392,0.5674125992316975,3.9818026809457097,2.3637801508215333,0.593645727884265,0.17824468108749825,8.0,0.42361154819476615,-0.021837042500125543,0.021837042500125543,0.05914301481776418,0.13592855928269193,,,,1.0,0.04,0.04
removed,3.0,9,13.5,0.905166599515947,2.018349924629726,0.7884682347085948,4.113415261600343,2.4188493755504163,0.5880391892671084,0.2246791139383592,5.0,0.3829317102461387,-0.16083832814495844,0.16083832814495844,0.07384351885395726,0.21882398839165088,,,,1.0,0.0625,0.0625
removed,3.0,9,14.0,1.0318586453740488,2.2395444587539886,0.8745429442658625,4.026476389947463,2.67334369981556,0.6639412332057513,0.12330667997027212,8.0,0.4328971298543058,0.08383193360395788,0.08383193360395788,-0.061444601206210744,0.22796165624327788,,,,1.0,0.0375,0.0375
removed,3.0,9,14.5,0.7440426578528181,2.2706516267672976,1.0789417603298963,4.232967794470709,2.7482797323251544,0.6492559985726988,0.27712067908654336,5.0,0.3181060159454083,-0.2219627790037016,0.2219627790037016,0.11346654815609711,0.26672466056223537,,,,1.0,0.064,0.064
removed,3.0,9,15.0,0.5822909169074754,2.6024803755380823,1.4338129212499546,4.191009839243635,2.9656936262724547,0.7076322270834093,0.12823096914017565,10.0,0.309539230841516,0.037813463662681075,0.037813463662681075,-0.08113722210068143,0.2220450038988003,11.0,2.3058768680652353,1.8390453010106147,1.0,0.0265,0.0265
removed,3.0,9,15.5,0.6406524765892078,2.639460123081273,1.4265118362014042,4.302027345747543,3.1412708944946295,0.7301838510161273,0.1387977721430913,8.0,0.37326939220932415,-0.1315207016092727,0.1315207016092727,0.12820422441263782,0.2035753729922011,,,,1.0,0.064,0.064
removed,3.0,9,16.0,0.23447475514752567,3.000523232139487,1.9623025949447703,4.422109496933232,3.2863244157209106,0.7431576305380956,0.16875502562255362,11.0,0.4116333372622945,-0.007891740358390527,0.007891740358390527,0.008592443515412598,0.32069132296748915,,,,1.0,0.0165,0.0165
removed,3.0,9,16.5,0.3497189024643714,3.2935990040224867,2.130046258166445,4.550622082185286,3.576855843704155,0.786014698453379,0.2491566049762391,6.0,0.3225723678541266,-0.14845335649472702,0.14845335649472702,-0.050421183470537825,0.4035677371962695,,,,1.0,0.086,0.086
removed,3.0,9,17.0,0.0832603482270174,3.4905469115436,2.4425545380159273,4.614209412067382,3.71782565443547,0.8057340537497865,0.19931030261045224,12.0,0.3118665333006389,0.04006347358130636,0.04006347358130636,0.19919646706824873,0.36756214072024046,,,,1.0,0.012,0.012
removed,3.0,9,17.5,0.018314752917452864,3.8598705556844237,2.785743195819782,4.900630699483862,3.9751518098056575,0.8111510647444466,0.3226381149607134,7.0,0.32873308663583956,-0.14532137028721423,0.14532137028721423,-0.0627203762123496,0.27274314303836766,,,,1.0,0.061,0.061
removed,3.0,9,18.0,-0.1040177339412835,4.171322214007076,3.1151687920001887,5.005559257021577,4.194327291710366,0.837933800469298,0.16707281174045852,10.0,0.2709153212435423,-0.06597133591602221,0.06597133591602221,0.07356092981665269,0.21222433109951,,,,1.0,0.0645,0.0645
removed,3.0,9,18.5,-0.21692747701594753,4.367251948605434,3.3412691811080184,5.162035798044666,4.487272603333991,0.8692835111747443,0.24278698805008103,10.0,0.3862270728116182,-0.05883008056104227,0.05883008056104227,0.09927325582991815,0.23691823100955706,,,,1.0,0.0565,0.0565
removed,3.0,9,19.0,-0.3183709694550142,4.744085546852227,3.7181989858831437,5.410503171496168,4.641828586817512,0.8579291869325171,0.18609407534764152,11.0,0.395792701152615,-0.07136439436702631,0.07136439436702631,-0.02012839686339331,0.33171596373636647,,,,1.0,0.036,0.036
removed,3.0,9,19.5,-0.4954134690431047,5.182993321881955,4.1880531520528885,5.8450309088847785,4.903591704443078,0.8389334087163406,0.12704966307465326,3.0,0.33551605113315786,-0.31035446088571744,0.31035446088571744,0.07790470073817005,0.34274472460831457,,,,1.0,0.1075,0.1075
removed,3.0,9,20.0,-0.5133345395092255,5.171737899102338,4.18674974684509,5.684001652421573,5.16237791065131,0.9082294880143053,0.21465405410356844,3.0,0.38466451485820724,0.030407362445693045,0.030407362445693045,-0.11385342349206877,0.24281644408668113,12.0,2.1636632070395465,2.023738852245792,1.0,0.0585,0.0585
removed,3.0,9,20.5,-0.9370654371554558,5.836011446843595,4.973213478192898,6.510433072996027,5.173096106038503,0.7945855595222182,0.09752384720649701,13.0,0.4301424966530554,-0.22468892483308497,0.22468892483308497,0.22906915934523486,0.17043636871542744,,,,1.0,0.027,0.027
removed,3.0,9,21.0,-0.8172309127016153,6.135300520015904,5.181464335912546,6.70066601665155,5.398124647445385,0.8056101638300919,0.19993474611037457,3.0,0.3302765049496349,-0.0773004205257093,0.0773004205257093,-0.17346804984391476,0.08840069372988964,,,,1.0,0.131,0.131
removed,3.0,9,21.5,-1.1873843742352714,6.482142397386962,5.659966284596249,7.060512922151475,5.505735628467448,0.7797925857757292,0.09275149434386831,3.0,0.5442413804325466,0.02202216882863452,0.02202216882863452,0.14493034571955504,0.10700290724668388,,,,1.0,0.06,0.06
removed,3.0,9,22.0,-1.1061672961498703,6.800680000298472,5.9059430130203525,7.427057221305022,5.694186457245499,0.7666813769673587,0.15204825862855384,3.0,0.3834645783207134,-0.17271755588019191,0.17271755588019191,-0.0857016431765933,0.13533196169915182,,,,1.0,0.06,0.06
removed,3.0,9,22.5,-1.4812459531273927,7.15459730567747,6.391601571810481,7.831376475095064,5.8280153503917385,0.7441878664530672,0.13975707711124144,3.0,0.5830839715109715,-0.015087376093397324,0.015087376093397324,0.21935921164155123,0.1972124816290911,,,,1.0,0.1475,0.1475
removed,3.0,9,23.0,-1.3242221893340245,7.540394978769463,6.667244135872731,8.180719503492067,6.001843808096647,0.7336572052781747,0.19520330454490428,3.0,0.49187125818412075,-0.11081182945475782,0.11081182945475782,-0.1539777290018536,0.22927223488339205,,,,1.0,0.0575,0.0575
removed,3.0,9,23.5,-1.7065319764753462,7.818931622244142,7.085185287633701,8.520891467777574,6.165485674403068,0.723572844193397,0.13655707029058708,3.0,0.5890682249038124,0.04308246463270329,0.04308246463270329,0.2688934744037899,0.2547810223710611,,,,1.0,0.1345,0.1345
removed,3.0,9,24.0,-1.6189767706890668,8.25638560929035,7.440769941762117,9.02654675856299,6.313689449790154,0.6994579010850083,0.33882968978271644,3.0,0.5663753749230782,-0.18643973680269138,0.18643973680269138,-0.13979377982139754,0.24810618990407401,,,,1.0,0.1505,0.1505
removed,3.0,9,24.5,-1.9094833814572885,8.445379584882579,7.736335018172793,9.10206651595275,6.523952100654986,0.7167550455955,0.24733021544146705,3.0,0.599383808695857,0.19788688008559366,0.19788688008559366,0.0623557028996214,0.23756928835087568,,,,1.0,0.099,0.099
removed,3.0,9,25.0,-2.0972387508692782,9.016648287090108,8.332294355699101,9.99439404009681,6.5991861209446,0.6602887673298778,0.36852871757827566,3.0,0.6203248078760872,-0.2625203448808491,0.2625203448808491,0.24781860589643792,0.3145972625655097,10.0,3.4112797574598153,2.5911976037591846,1.0,0.1665,0.1665
removed,3.0,9,25.5,-1.996048635603371,9.133684497002447,8.395371617836975,9.94678891045159,6.884565265999689,0.6921394761645873,0.40029309625721465,3.0,0.6223171765820957,0.04521326052214439,0.04521326052214439,-0.3019961600866573,0.3529029805711505,,,,1.0,0.156,0.156
removed,3.0,9,26.0,-2.535157369467747,9.802774085748716,9.230612413404124,10.783054504708067,6.887213025287113,0.6387070585871598,0.362595047940977,3.0,0.6630291188211161,-0.01728922763360773,0.01728922763360773,0.4067042095442398,0.3584395748949675,,,,1.0,0.171,0.171
removed,3.0,9,26.5,-2.1900580667566465,9.910517911993303,9.18361220485476,10.941548141978725,7.19474828521542,0.6575621833268547,0.35539548717166763,3.0,0.6359528622421748,-0.21546514156660945,0.21546514156660945,-0.2571267780975311,0.3389504572477191,,,,1.0,0.1865,0.1865
removed,3.0,9,27.0,-2.6352794983013252,10.126642969862507,9.565803059216618,11.051675257346258,7.366257217142477,0.6665285620156082,0.359204756889518,3.0,0.6709086657860636,0.20942953711387263,0.20942953711387263,0.09148157626366285,0.2401597233157297,,,,1.0,0.169,0.169
removed,3.0,9,27.5,-2.676250359404803,10.738819972630063,10.138088515686913,11.985564331190847,7.460843688065623,0.6224858072514585,0.3451623200171502,3.0,0.6794027591274524,-0.33782719201818334,0.33782719201818334,0.175674690951849,0.3267455778399624,,,,1.0,0.2045,0.2045
removed,3.0,9,28.0,-2.6902604430451174,10.533063207930555,9.956850276324625,11.644207891537015,7.825425329911215,0.6720444535861231,0.36502381826969127,3.0,0.6703689213648752,0.08907649335247063,0.08907649335247063,-0.17637958304087353,0.24344157516854117,,,,1.0,0.1955,0.1955
removed,3.0,9,28.5,-3.044636763504705,11.17952875837158,10.692532185667883,12.382699583712322,7.867474115992073,0.6353601702766508,0.38555776015544946,3.0,0.701540103763257,0.06991467185197783,0.06991467185197783,0.242663268926508,0.19375075772986955,,,,1.0,0.1855,0.1855
removed,3.0,9,29.0,-2.906145178846624,11.159295056241595,10.61599508524201,12.603290513196093,8.186627329357266,0.6495626932336105,0.30795015116310287,3.0,0.6844840629900939,-0.297858669004932,0.297858669004932,-0.06629965953120252,0.2725379422316275,,,,1.0,0.205,0.205
removed,3.0,9,29.5,-3.2620070039046754,11.363505613778182,10.952095861922349,12.633554618977358,8.370180685449064,0.6625356788243815,0.4311605085859026,3.0,0.7125154864118888,0.3338665594677595,0.3338665594677595,0.07670261686826362,0.34508115604989337,,,,1.0,0.185,0.185
removed,3.0,9,30.0,-3.274394829181228,11.825011776020826,11.374657242274699,13.458035639500384,8.518721016741994,0.6329839840621972,0.28795702568585885,3.0,0.7130688673054585,-0.32350516144015556,0.32350516144015556,0.09489195000589885,0.29420554313294167,9.0,3.0814486033554838,3.0104253882534047,1.0,0.2025,0.2025
removed,3.0,9,30.5,-3.3729121534839543,11.478620399966466,11.10409380755692,13.06891425033826,8.912953044578064,0.681996443916324,0.4267435397892317,3.0,0.7076516422472795,0.09603682073058557,0.09603682073058557,-0.011833335431600197,0.14328525694506936,,,,1.0,0.205,0.205
removed,3.0,9,31.0,-3.6010255363539754,12.133151637619635,11.792624340348528,13.817359755700735,8.967338759296783,0.64899075639954,0.3680376742646697,3.0,0.73778273668205,-0.003560215662920213,0.003560215662920213,0.11868462735013331,0.055271565067373435,,,,1.0,0.189,0.189
removed,3.0,9,31.5,-3.55569099181444,11.970033964029538,11.625984876725378,13.764721580704846,9.325767648441953,0.6775122616003114,0.33279954218730895,3.0,0.7156214160366676,-0.07010193093135503,0.07010193093135503,-0.06787072484610836,0.12824540046623661,,,,1.0,0.208,0.208
removed,3.0,9,32.0,-3.805933479954668,12.059615054696398,11.816944846439844,14.011445551717651,9.5676314369427,0.68284399362133,0.4390694501472685,3.0,0.7371527602563809,-0.08543803610592773,0.08543803610592773,0.15774254668991,0.13474326621979207,,,,1.0,0.209,0.209
removed,3.0,9,32.5,-3.872982093988868,12.520840135987093,12.260049469641613,14.447003200512386,9.700188205201362,0.6714325504446023,0.3409205359599225,3.0,0.742099448105997,-0.0010370345127876349,0.0010370345127876349,-0.051152744609022034,0.14288635173062156,,,,1.0,0.1915,0.1915
removed,3.0,9,33.0,-3.8535841541565428,12.018290038769852,11.801574383429578,14.050267005514415,10.187793927683483,0.7250961084002889,0.43034834940226857,3.0,0.7161790389545545,0.04564838735294292,0.04564838735294292,0.1074455275123843,0.12947959982627866,,,,1.0,0.193,0.193
removed,3.0,9,33.5,-4.169787592198668,12.59034806178032,12.454846417844127,14.824650784427662,10.255751866898288,0.6918039430427119,0.4342803881145036,3.0,0.762637041863986,-0.15105638778945774,0.15105638778945774,-0.027582862531269903,0.1939142667109435,,,,1.0,0.198,0.198
removed,3.0,9,34.0,-4.177770243394851,12.638174347529674,12.501072156922218,14.835510832695258,10.532421892528351,0.7099466955540527,0.3587739229542863,3.0,0.7250496144000453,0.04820005381395529,0.04820005381395529,0.10088716441721197,0.12438940794701735,,,,1.0,0.201,0.201
removed,3.0,9,34.5,-4.185705816569576,12.259475238304804,12.168609223434032,14.648445773598924,11.003748575643954,0.751188811817575,0.4331867250652871,3.0,0.7450323155817512,-0.01704283135593864,0.01704283135593864,0.07518055005915286,0.057749683746230795,,,,1.0,0.1965,0.1965
removed,3.0,9,35.0,-4.558582864275244,12.927387611830552,12.933366193971395,15.412702726430384,11.003950889957071,0.7139533594641393,0.46474769996558507,3.0,0.7653007892021174,0.02394831274211945,0.02394831274211945,-0.048508448975570086,0.15894998145563347,7.0,4.778464725377785,3.2814074560979805,1.0,0.199,0.199
removed,3.0,9,35.5,-4.494768374676965,12.875900266298284,12.858024096316433,15.526508362466878,11.348726282270832,0.730925847417489,0.3924533685103912,3.0,0.735549430424197,-0.18365090637155135,0.18365090637155135,0.14715610563781695,0.14963636523940782,,,,1.0,0.203,0.203
removed,3.0,9,36.0,-4.571746286378207,12.596482393282574,12.648279556823903,15.306437238527113,11.773766820162546,0.7692036126164847,0.4272584701812445,3.0,0.7680396913363096,0.03074866864589839,0.03074866864589839,-0.005133905790822339,0.06311497422755973,,,,1.0,0.182,0.182
removed,3.0,9,36.5,-4.873653098380456,12.976841045898865,13.12713410942069,15.802084572102206,11.86981602145997,0.7511550749712819,0.4797568619713682,3.0,0.7529819832145328,0.1271997269145973,0.1271997269145973,0.14100834153334463,0.19116331679029844,,,,1.0,0.1845,0.1845
removed,3.0,9,37.0,-4.844803348298695,13.082901234492258,13.20606860686018,16.20376948905669,12.187195809452968,0.7521210307073093,0.39390817694583313,3.0,0.7622197226141784,-0.2666750101546588,0.2666750101546588,0.04038602527869739,0.2620776472318433,,,,1.0,0.1925,0.1925
removed,3.0,9,37.5,-4.939049373071167,12.903562078316208,13.09515353095117,15.959478738061502,12.55527917542201,0.7866973214782466,0.42750180150758527,3.0,0.7628305799524269,0.08685038460945814,0.08685038460945814,-0.05748986883298943,0.19208193220560668,,,,1.0,0.183,0.183
removed,3.0,9,38.0,-5.1819564065866395,13.02759100605031,13.323444617909592,16.298257177507313,12.765526361033858,0.783244872258559,0.4677462290612731,3.0,0.752350855691342,0.04400932458741036,0.04400932458741036,0.27877028250359365,0.24890737012727143,,,,1.0,0.186,0.186
removed,3.0,9,38.5,-5.206012154171964,13.201787918227279,13.486378605264647,16.700317103685354,13.053386141255755,0.7816250470103463,0.41269882236582095,3.0,0.7771942934459476,-0.1618757021913126,0.1618757021913126,-0.03344945830871921,0.2159635646198382,,,,1.0,0.191,0.191
removed,3.0,9,39.0,-5.300699900263794,13.014932883288916,13.37249132216538,16.491255077912747,13.40952688373515,0.8131295538382005,0.4491774459636752,3.0,0.7518916686117362,0.08801280538261518,0.08801280538261518,-0.06873274203656735,0.21534607001640882,,,,1.0,0.1905,0.1905
removed,3.0,9,39.5,-5.599626891765887,13.225053886173257,13.706260970205983,17.02396586648729,13.599300102946744,0.7988326697551591,0.4401667495250747,3.0,0.7787670290440144,-0.10593804793069594,0.10593804793069594,0.3026733730766044,0.2771919012723883,,,,1.0,0.186,0.186
removed,3.0,9,40.0,-5.569413808240972,13.175538578083401,13.64825616160621,17.05243024530499,13.965350743503919,0.8189654226762763,0.4448064617356487,3.0,0.7736905906152799,0.032945155952573246,0.032945155952573246,-0.044914654909763894,0.1539140689981669,10.0,3.5918121843219373,2.9521908288618257,1.0,0.1865,0.1865
removed,3.0,9,40.5,-5.750346379621141,13.12703240757643,13.70166451881791,17.182153555145767,14.2704678218018,0.830540116871906,0.43020286425240106,3.0,0.7598346177756905,-0.0390111393302823,0.0390111393302823,-0.00024182711793298316,0.05887856599576389,,,,1.0,0.1905,0.1905
removed,3.0,9,41.0,-6.020751855715127,13.355139965880616,14.038728320901813,17.624215807654814,14.462155609705322,0.8205843464209002,0.4447691138199031,3.0,0.7959112997315214,-0.0629785507422909,0.0629785507422909,0.20976199430571726,0.15908359358429827,,,,1.0,0.183,0.183
removed,3.0,9,41.5,-5.970741207868835,13.194070947292646,13.876000644430933,17.54277960858612,14.879236850612008,0.8481687157107948,0.4527626272485368,3.0,0.769263025011873,0.08375846648589255,0.08375846648589255,-0.01415665293958581,0.17453744516355524,,,,1.0,0.1955,0.1955
removed,3.0,9,42.0,-6.222796161794417,13.27568311570378,14.081488421286283,17.98326844012027,15.140790234970552,0.8419376202599405,0.4264027772461356,3.0,0.7803933304458743,-0.2246494377790342,0.2246494377790342,0.12403028968932125,0.21317569655226332,,,,1.0,0.188,0.188
removed,3.0,9,42.5,-6.359517729169689,13.452182323271302,14.304069645959494,18.12680836880192,15.374264166099199,0.8481506425896723,0.45594571850720506,3.0,0.7980861036343577,0.1373642803750144,0.1373642803750144,0.06562675487380733,0.13083298380756778,,,,1.0,0.1875,0.1875
removed,3.0,9,43.0,-6.38066672401022,13.293232614429993,14.183274081373943,18.21121979892596,15.7937613093292,0.8672544444420284,0.46451008386994797,3.0,0.7707699561207508,-0.014589441444256128,0.014589441444256128,0.06575991394860009,0.056340473119119994,,,,1.0,0.1925,0.1925
removed,3.0,9,43.5,-6.679519985929101,13.40724803264335,14.445309661806125,18.74075642810889,16.044439260868735,0.856125488979943,0.463833109287703,3.0,0.8019342084828213,-0.23369962649015014,0.23369962649015014,0.25385737522790947,0.307877789649378,,,,1.0,0.1885,0.1885
removed,3.0,9,44.0,-6.647113625454794,13.716116020056965,14.682923814082546,18.882940353654806,16.27385331593891,0.8618283493539234,0.45333628523588265,3.0,0.7954871966793394,0.07491508075969724,0.07491508075969724,-0.2222606409437375,0.357766831401126,,,,1.0,0.194,0.194
removed,3.0,9,44.5,-6.769354267244306,13.360520246274454,14.458012673367712,18.770386489022943,16.746183889539882,0.8921597804783173,0.48700367806648726,3.0,0.7852587460126075,0.01596458053986431,0.01596458053986431,0.23141868808344512,0.18939521327965975,,,,1.0,0.1945,0.1945
removed,3.0,9,45.0,-7.0337944048425545,13.44132672188482,14.676539201471966,19.240037741684265,17.014344921792944,0.88431972692708,0.479519924955483,3.0,0.807854536079013,-0.04086938878948118,0.04086938878948118,0.23235791494596708,0.1571435974729533,11.0,3.35536735285084,3.0478223240954336,1.0,0.193,0.193
removed,3.0,9,45.5,-7.063513306409614,13.935299910009205,15.097994020459868,19.813639100161886,17.170051381053526,0.8665773760315054,0.44864924809108475,3.0,0.7902349480708573,-0.2813550245805047,0.2813550245805047,-0.20595811990671,0.40928610695790535,,,,1.0,0.194,0.194
removed,3.0,9,46.0,-6.99930924325493,13.310882879241872,14.550440367641489,19.026444570043342,17.783589591578256,0.9346774972123836,0.47044692102703733,3.0,0.7864109161419047,0.32416291550877246,0.32416291550877246,0.1481543737142357,0.3648360883764028,,,,1.0,0.1935,0.1935
removed,3.0,9,46.5,-7.410967218837507,13.638135476757547,15.057199404014032,19.946537917897455,17.915748573015936,0.8981883796957391,0.5017796456522639,3.0,0.8108079615796859,-0.19544808461469038,0.19544808461469038,0.2250995465794566,0.23883349694658676,,,,1.0,0.194,0.194
removed,3.0,9,47.0,-7.39833750286095,13.819163767261287,15.196100124660406,20.239536740399462,18.210114313042258,0.8997297984935425,0.4682412003186111,3.0,0.787024736318134,-0.16521714612888502,0.16521714612888502,0.07001235561480568,0.1318463581416598,,,,1.0,0.1935,0.1935
removed,3.0,9,47.5,-7.260753700145415,13.585913158577096,14.926478272149243,19.85277027721194,18.72139452884434,0.9430116939565732,0.4381192644021384,3.0,0.786978589251219,0.08960830853822277,0.08960830853822277,-0.2097587786492604,0.28589051066523125,,,,1.0,0.1955,0.1955
removed,3.0,9,48.0,-7.7226758825905115,13.491412827669622,15.127182187921663,20.1665277309791,18.960534147980923,0.9401982533093401,0.5002870734499977,3.0,0.8053337919686069,0.1292499242992746,0.1292499242992746,0.44935366115650016,0.363611153494545,,,,1.0,0.197,0.197
removed,3.0,9,48.5,-7.759858578222246,14.04912886645805,15.595015803693059,21.081996876795163,19.132078302395513,0.9075078805013052,0.47174378999637867,3.0,0.7858387784737099,-0.38663484537578363,0.38663484537578363,-0.017237961491116328,0.3644318081598168,,,,1.0,0.196,0.196
removed,3.0,9,49.0,-7.600813768349224,13.614745394227507,15.15161804055794,20.430950494492652,19.732076920096922,0.9657933890748687,0.4429669895049766,3.0,0.7889219540724888,0.18365597294263458,0.18365597294263458,-0.06710646269324289,0.24066583515346657,,,,1.0,0.1985,0.1985
removed,3.0,9,49.5,-7.985964239782836,13.75689451155619,15.498208144262383,20.9111538249812,19.910315245069555,0.9521385291176039,0.44974816502783466,3.0,0.8047445062226517,0.012223649344985611,0.012223649344985611,0.13880517270346204,0.03540337721016848,,,,1.0,0.198,0.198
removed,3.0,9,50.0,-8.107463806989568,13.845405930765322,15.642625900674226,21.27552767235167,20.213789766859666,0.9500958132816714,0.5032994437175861,3.0,0.7932001172322379,-0.030142361772807824,0.030142361772807824,0.2210041093117855,0.10604110732744718,6.0,5.074696272117016,2.740553581878175,1.0,0.199,0.199
removed,3.0,9,50.5,-8.109435443401173,13.906515994007197,15.692103573812565,21.567809491712357,20.61470417991182,0.9558088960231785,0.46170059608960196,3.0,0.7972102610596419,-0.22910459375557005,0.22910459375557005,0.013163216264449497,0.2171834735264155,,,,1.0,0.171,0.171
removed,3.0,9,51.0,-8.201496123569036,13.832221315221691,15.690190811498598,21.42381311728945,20.96845898915607,0.9787454210116359,0.41818250818044334,3.0,0.8030821138789804,0.1894374481216043,0.1894374481216043,-0.038255075030647435,0.25078627249495844,,,,1.0,0.198,0.198
removed,3.0,9,51.5,-8.519376669116644,13.95768890240241,15.986279448112372,22.00796814808454,21.18067947834992,0.9624095843756197,0.4889502277901509,3.0,0.7936381826782251,-0.09714203038499784,0.09714203038499784,0.3538752487486147,0.24568892288719835,,,,1.0,0.195,0.195
removed,3.0,9,52.0,-8.421496463813362,13.982674584086809,15.944666889609827,22.106358600937988,21.633802837486574,0.9786235366944892,0.5015971853860327,3.0,0.8012228838701672,-0.006958227458456166,0.006958227458456166,-0.1133596082139261,0.17926568014024583,,,,1.0,0.2,0.2
removed,3.0,9,52.5,-8.72989999265606,13.949603666403092,16.11281316390843,22.441758832175886,21.909899211017887,0.9763004484124727,0.4327455976344164,3.0,0.8005689566310625,-0.07348364332559833,0.07348364332559833,0.32626683371674675,0.18505834637564292,,,,1.0,0.1935,0.1935
removed,3.0,9,53.0,-8.656733927159008,14.263731239317629,16.311062418077718,22.77178021653167,22.194392148266473,0.9746445792654354,0.4270209025479278,3.0,0.784511281443729,-0.1610270578826121,0.1610270578826121,-0.2059476298532212,0.3099711120626649,,,,1.0,0.1995,0.1995
removed,3.0,9,53.5,-8.775530409634133,13.854751667098764,16.068785194834543,22.430471416062456,22.711749178873674,1.0125399844521232,0.510165196461708,3.0,0.8039820375544925,0.24222074687576403,0.24222074687576403,0.2043993616579948,0.25863952548219166,,,,1.0,0.197,0.197
removed,3.0,9,54.0,-9.088041416156887,14.100886074895215,16.458068083781175,23.2345750381257,22.904496187755367,0.9857936351394976,0.44292023420199295,3.0,0.7978707678632052,-0.17391488512443767,0.17391488512443767,0.2520690571615232,0.18756899948240324,,,,1.0,0.1985,0.1985
removed,3.0,9,54.5,-9.006213438084824,14.272752502315619,16.53790959427495,23.416790988617166,23.263629735658775,0.9934593406486464,0.454019707545202,3.0,0.7889047784165377,-0.1766683041358221,0.1766683041358221,-0.11904374422981774,0.2524201720662177,,,,1.0,0.198,0.198
removed,3.0,9,55.0,-9.040111019274299,13.948133113785918,16.310404081956648,23.019092969684397,23.78264349027762,1.0331703130787473,0.4865136992793131,3.0,0.8061503431903255,0.25979412053511,0.25979412053511,0.013025337741073428,0.25825866179567036,9.0,3.5109238476328395,3.2554750407115844,1.0,0.196,0.196
removed,3.0,9,55.5,-9.430868381389738,13.992095343808009,16.59866395965213,23.673194821496647,24.012961875025585,1.0143523954451812,0.4664638632662786,3.0,0.8004742866015664,-0.03307303936452501,0.03307303936452501,0.4223954086349012,0.2940810900106305,,,,1.0,0.2,0.2
removed,3.0,9,56.0,-9.482553430083637,14.430953469548252,16.964803703416763,24.390816812270053,24.255381866348678,0.9944472976463321,0.49566654145711353,3.0,0.7970775000380319,-0.36020338081189557,0.36020338081189557,-0.018031720773638422,0.36130441245389716,,,,1.0,0.1795,0.1795
removed,3.0,9,56.5,-9.2727770258623,14.109384325046047,16.58397934427644,23.71476702322536,24.857260503774757,1.0481764581296744,0.42345078765147454,3.0,0.7965364681883566,0.26205807942368753,0.26205807942368753,-0.18724710073243533,0.41644992612739623,,,,1.0,0.1975,0.1975
removed,3.0,9,57.0,-9.699926408751988,13.948931669561652,16.744960295454682,24.12473653072263,25.143823377550255,1.0422424031669664,0.4589958399032121,3.0,0.7963577059375834,0.022877512866876743,0.022877512866876743,0.41214267507586405,0.3101158384056978,,,,1.0,0.194,0.194
removed,3.0,9,57.5,-9.79972984683432,14.314978565002164,17.08468223882252,24.756841104749746,25.392757199948388,1.0256864796485137,0.5151417055462412,3.0,0.799183434147972,-0.12372044122138372,0.12372044122138372,-0.002509430723900115,0.16082761548920724,,,,1.0,0.2025,0.2025
removed,3.0,9,58.0,-9.859304077594416,14.216928673353037,17.050895880273572,24.88467660011305,25.841445947696876,1.0384481326785449,0.4691134086903179,3.0,0.8047533256092503,-0.08064169444932742,0.08064169444932742,0.23505943558311146,0.14167567036224193,,,,1.0,0.1925,0.1925
removed,3.0,9,58.5,-9.868183696895255,14.360634971954712,17.164214491397967,25.061809663218718,26.170760753717072,1.0442486438689174,0.4050744074304327,3.0,0.7916782195342369,-0.02638587775523099,0.02638587775523099,-0.15249461994036312,0.28897589066806884,,,,1.0,0.1995,0.1995
removed,3.0,9,59.0,-10.065889743620883,14.145983538323124,17.13679838439427,25.094391912998915,26.582872540732378,1.0593152698377373,0.47516871123178683,3.0,0.7995620442754721,0.09191672764314274,0.09191672764314274,0.28354216521953096,0.23435625513972674,,,,1.0,0.195,0.195
removed,3.0,9,59.5,-10.171451444451451,14.384555138870637,17.384282539226657,25.619022888619227,26.89760146782233,1.0499073904872105,0.5416414714631803,3.0,0.8183130435521134,-0.13913437991923353,0.13913437991923353,-0.0010873473825469215,0.21167848538610842,,,,1.0,0.2005,0.2005
removed,3.0,9,60.0,-10.257761093799738,14.207850959539599,17.312235520727707,25.63110795977537,27.32176820633065,1.0659612627440276,0.3867575714119825,3.0,0.7877112042281282,0.059024345911399566,0.059024345911399566,0.21794738277184064,0.14764569650028375,9.0,4.1092854416550395,2.728913228859622,1.0,0.2025,0.2025
removed,3.0,9,60.5,-10.417946166592973,14.465799503330897,17.610452438131396,26.14002737766618,27.590693133607385,1.0554959539629496,0.4970739134892314,3.0,0.8120565708744208,-0.15167497121978274,0.15167497121978274,-0.024420735379159217,0.19002205416825677,,,,1.0,0.202,0.202
removed,3.0,9,61.0,-10.457767266843108,14.253693283089095,17.482102874478677,26.005643129294764,28.07871999959806,1.0797164238544834,0.520013192245949,3.0,0.8163060321266228,0.20720659442256176,0.20720659442256176,0.19183448616599597,0.21046572055015011,,,,1.0,0.203,0.203
removed,3.0,9,61.5,-10.689994226384314,14.455606905098062,17.788266245877566,26.73104903547437,28.33337011025843,1.0599423192354944,0.43086104849838475,3.0,0.797912067573809,-0.2978841013172078,0.2978841013172078,0.18202640686773053,0.25634095111904076,,,,1.0,0.1865,0.1865
removed,3.0,9,62.0,-10.599908293302107,14.437538115624358,17.713452397759703,26.52717478748616,28.793763378807178,1.0854440252110922,0.47948186490014594,3.0,0.8108611282058612,0.16540852803389702,0.16540852803389702,-0.14537138024933982,0.2974449669376251,,,,1.0,0.2055,0.2055
removed,3.0,9,62.5,-10.907706139617787,14.307720729933898,17.831654375560078,26.89710820779312,29.14869005001385,1.083710926276021,0.5283111959140424,3.0,0.819034711870145,0.019099763929951982,0.019099763929951982,0.40867954040118365,0.2730122672552379,,,,1.0,0.2055,0.2055
removed,3.0,9,63.0,-10.959695987807988,14.618279632608795,18.091759047130008,27.497260136563476,29.453492680279503,1.0711428169206865,0.4662035637843798,3.0,0.8057263706566219,-0.2783639834542467,0.2783639834542467,-0.029169615027361023,0.29361969217079653,,,,1.0,0.2025,0.2025
removed,3.0,9,63.5,-10.959640214338116,14.449785761427648,17.96992912309156,27.248120415277487,29.928834130246226,1.0983816011568166,0.4817718147117605,3.0,0.81187727094982,0.17051572983824737,0.17051572983824737,0.025758542919956516,0.20159672728869352,,,,1.0,0.203,0.203
removed,3.0,9,64.0,-11.17308840631872,14.499436929093457,18.154097243295496,27.711239840776585,30.259803397534352,1.0919685864436712,0.5214390803992144,3.0,0.813948103189694,-0.10804522386767638,0.10804522386767638,0.20303480884061362,0.11235454618733637,,,,1.0,0.207,0.207
removed,3.0,9,64.5,-11.216467880171587,14.428461458894752,18.133739951773048,27.858056090052546,30.71911599543436,1.1027013477226586,0.5086720633649044,3.0,0.8067793597143507,0.021933239481569985,0.021933239481569985,0.14736695346924272,0.04779934187695058,,,,1.0,0.207,0.207
removed,3.0,9,65.0,-11.414407270717199,14.656255168333361,18.43495162326588,28.405228933067562,30.97111508368696,1.0903314723027053,0.47359185827294276,3.0,0.8092343058927676,-0.23323917896943755,0.23323917896943755,0.07545291181061853,0.21418005618810992,6.0,3.7536045404968568,2.9050109337647867,1.0,0.209,0.209
removed,3.0,9,65.5,-11.29095172295581,14.542431651382932,18.267241979895054,28.128468554449693,31.492574490420832,1.119597905924351,0.5157684656605985,3.0,0.8097018557581727,0.178920639895085,0.178920639895085,-0.07563091707994812,0.2936498058493366,,,,1.0,0.209,0.209
removed,3.0,9,66.0,-11.562653327788418,14.29151825705839,18.282095562052817,28.40388958195191,31.92273965251413,1.1238862044020244,0.502773543049294,3.0,0.8020589511249631,0.04369032675433912,0.04369032675433912,0.3646957887031598,0.25565881023907244,,,,1.0,0.2045,0.2045
removed,3.0,9,66.5,-11.77785295210628,14.591796490656517,18.64604985462124,29.12246782551079,32.16029202768943,1.1043120459564062,0.5243225536775469,3.0,0.8102916476415744,-0.16249142893051505,0.16249142893051505,0.12679257727150786,0.15496886488533151,,,,1.0,0.2075,0.2075
removed,3.0,9,67.0,-11.78453916769871,14.749610143930953,18.76191687875714,29.353718025477434,32.51131401909121,1.1075705636632862,0.4696666006243588,3.0,0.8006316030071196,-0.12246386693124003,0.12246386693124003,0.06310949941650192,0.11889637778878864,,,,1.0,0.205,0.205
removed,3.0,9,67.5,-11.651576115585447,14.594265219703619,18.55808095817835,29.122869783304875,33.082626184379194,1.1359672460350838,0.5199524792200381,3.0,0.8050740609296416,0.11539473913516224,0.11539473913516224,-0.08540007300453382,0.22905627190016734,,,,1.0,0.205,0.205
removed,3.0,9,68.0,-11.912880706770904,14.38710675497047,18.600052350110325,29.369179258041136,33.47472696367557,1.1397910261489639,0.5450871961384909,3.0,0.8090039177465841,0.12365590260772345,0.12365590260772345,0.36144499061935914,0.24841871356222084,,,,1.0,0.206,0.206
removed,3.0,9,68.5,-12.135981071251843,14.799170577717478,19.046949048362418,30.280934787699856,33.64291123026792,1.1110261775648254,0.47654199240966855,3.0,0.7982780647911673,-0.31306588318155754,0.31306588318155754,0.18914871059989694,0.2915950178366919,,,,1.0,0.203,0.203
removed,3.0,9,69.0,-11.871124574408723,14.802661799322896,18.86070194985771,30.022340941195033,34.201703468619385,1.1392084160129452,0.5058533808879352,3.0,0.8011137732188494,0.05188367314905305,0.05188367314905305,-0.17855369194800338,0.30804287993325785,,,,1.0,0.205,0.205
removed,3.0,9,69.5,-11.986831891530889,14.483893222347282,18.720443730843066,29.938979862889852,34.713730615292455,1.1594827470498095,0.529476494601294,3.0,0.8032265304948999,0.13639090433213932,0.13639090433213932,0.21536697502823982,0.16906547696859867,,,,1.0,0.2045,0.2045
removed,3.0,9,70.0,-12.255845228322668,14.556326313185053,18.964961080149596,30.519495959892886,34.99923608405453,1.1467829000206518,0.5116387963729297,3.0,0.8010948698251759,-0.012041391430197793,0.012041391430197793,0.24968323087416208,0.12095594386956805,7.0,4.62245942511779,2.6988624168381743,1.0,0.206,0.206
removed,3.0,9,70.5,-12.391216145694889,14.800448903043137,19.231386385308046,31.12034230698038,35.28292995133862,1.133757771791108,0.5049377938253152,3.0,0.8016818207367108,-0.15420325490320066,0.15420325490320066,0.23529194937147838,0.16088553618606258,,,,1.0,0.206,0.206
removed,3.0,9,71.0,-12.221689848999098,14.965800843076792,19.224739993175916,31.234225189132108,35.757114160685845,1.1448055440519609,0.488042414086262,3.0,0.7982752038891445,-0.17716226112568703,0.17716226112568703,-0.1529893243596589,0.3069001392491961,,,,1.0,0.204,0.204
removed,3.0,9,71.5,-12.212319880173157,14.521729312517044,18.909574813899653,30.756048554097394,36.36433418105849,1.1823474045144835,0.5157309775258452,3.0,0.8018224269571992,0.36592880403654754,0.36592880403654754,0.10895607765285491,0.36697344074218075,,,,1.0,0.205,0.205
removed,3.0,9,72.0,-12.672860798146608,14.64217475607836,19.32784198666042,31.697266591407228,36.53439122952387,1.1526038412229505,0.4938043422573794,3.0,0.79517986772214,-0.13587182109121584,0.13587182109121584,0.4819942429426952,0.35420164346572475,,,,1.0,0.2035,0.2035
removed,3.0,9,72.5,-12.576373841167143,15.115736756243074,19.583422690855535,32.29088246382114,36.87808081789978,1.1420586247284557,0.5511959271841014,3.0,0.8048820091095134,-0.33806272850174013,0.33806272850174013,-0.07848904916251576,0.38590780952376724,,,,1.0,0.2045,0.2045
removed,3.0,9,73.0,-12.337284462038365,14.784660588157275,19.18152919334142,31.70462607070224,37.542208052792446,1.184123981436407,0.5287769195651665,3.0,0.803264302728627,0.21241546927736665,0.21241546927736665,-0.032152277883057884,0.2857614404671422,,,,1.0,0.204,0.204
removed,3.0,9,73.5,-12.537411796386605,14.584074807705083,19.189079168992222,31.9320481038425,37.91913056823247,1.1874944709127355,0.42480821155442394,3.0,0.787507775117184,0.06742848314574355,0.06742848314574355,0.2293809495155996,0.1443554863056817,,,,1.0,0.205,0.205
removed,3.0,9,74.0,-12.720767450602029,14.643328921160977,19.3637822789365,32.458831869049085,38.24731018194051,1.1783329214139402,0.5434661742832463,3.0,0.8025561739355463,-0.038571658232939204,0.038571658232939204,0.3077541484818697,0.19337281401142573,,,,1.0,0.204,0.204
removed,3.0,9,74.5,-12.702551915493089,14.909594960636586,19.532229072064215,32.96253786123745,38.59532878332796,1.1708846250189502,0.5575670281801488,3.0,0.8042999926672709,-0.2623600092509548,0.2623600092509548,0.07963412525970609,0.2650713428438911,,,,1.0,0.203,0.203
removed,3.0,9,75.0,-12.456656036224347,14.73796762031239,19.235658435774756,32.615311553587354,39.19978398008246,1.2018828615411732,0.46042027392424717,3.0,0.792873859499996,0.08251459807832409,0.08251459807832409,-0.08173384376516259,0.26896076171787103,6.0,5.436662604650578,3.306932289945387,1.0,0.2035,0.2035
removed,3.0,9,75.5,-12.607011275153976,14.415269309958372,19.125665587391012,32.640596584516125,39.65001785578294,1.2147455011466277,0.39309002830481304,3.0,0.7816201993204319,0.18581861164578992,0.18581861164578992,0.2728767991311986,0.2758125469899113,,,,1.0,0.2045,0.2045
removed,3.0,9,76.0,-12.877590988303929,14.651796697568583,19.484959195383585,33.480133641536966,39.88069560006097,1.1911749226288384,0.5437213444763672,3.0,0.7995499673002612,-0.23861016369042357,0.23861016369042357,0.2801886973525483,0.2827193807550013,,,,1.0,0.204,0.204
removed,3.0,9,76.5,-12.681347963649484,14.76682713956572,19.41900725261706,33.523537745832215,40.38166092637194,1.2045763556500644,0.6115428255386086,3.0,0.8082737992716963,-0.02963614998916884,0.02963614998916884,-0.06141233378459967,0.22422343393565614,,,,1.0,0.204,0.204
removed,3.0,9,77.0,-12.681232370212237,14.463161971246599,19.212755716439684,33.437948143090395,40.91582008562691,1.2236342945008647,0.4267893037426797,3.0,0.78158839762506,0.13044411750274332,0.13044411750274332,0.23964008183333943,0.17506472816082608,,,,1.0,0.2035,0.2035
removed,3.0,9,77.5,-12.878108718077526,14.612427586859473,19.458792230109008,34.10125226939263,41.1876916578278,1.2078058404557641,0.38407989751792065,3.0,0.7747340849015358,-0.2203708924923046,0.2203708924923046,0.22931955376659133,0.19448422950521926,,,,1.0,0.197,0.197
removed,3.0,9,78.0,-12.690932005193035,14.723997561343491,19.39678459420092,34.07136221989374,41.67870599794598,1.2232767721159805,0.55831863786478,3.0,0.7975509684055808,-0.03843448352089561,0.03843448352089561,-0.147604607745623,0.29261445253558105,,,,1.0,0.205,0.205
removed,3.0,9,78.5,-12.689056597017101,14.232878002960216,19.063971042652174,33.73470041688773,42.31255814050613,1.254274015112471,0.5504299214966979,3.0,0.793153334019797,0.3625382315520072,0.3625382315520072,0.24012388548609737,0.37771235401843306,,,,1.0,0.208,0.208
removed,3.0,9,79.0,-13.144495389396242,14.398949149839057,19.514697013188268,34.85628145971768,42.46031979283715,1.218154031774939,0.47839187063439637,3.0,0.7843678418408665,-0.22982527331698138,0.22982527331698138,0.548769699511943,0.4206246709462063,,,,1.0,0.1745,0.1745
removed,3.0,9,79.5,-12.979208842126678,14.904800612347906,19.73105376871307,35.38745495106197,42.781178516808716,1.2089362904445,0.4177721715323291,3.0,0.7767044479496337,-0.36605950318917313,0.36605950318917313,-0.12788540526553865,0.43027139795487,,,,1.0,0.2065,0.2065
removed,3.0,9,80.0,-12.668157844370363,14.53398754707247,19.250985929583262,34.66811924734317,43.52250234694068,1.255404195319193,0.5016706445866591,3.0,0.7854312973182667,0.26752161318266177,0.26752161318266177,-0.09491163003158518,0.37075867752006414,6.0,4.703543379960899,2.4530640408999687,1.0,0.207,0.207
removed,3.0,9,80.5,-12.919566757961295,14.23488229640646,19.237480456043464,34.911409158249505,43.95698061738679,1.2591007260158054,0.5016950559596501,3.0,0.782867481507223,0.12205102115752109,0.12205102115752109,0.356104791430689,0.22132086182024532,,,,1.0,0.1755,0.1755
removed,3.0,9,81.0,-13.12900809945139,14.421101959571166,19.517734904566122,35.67783913142943,44.23095750151609,1.2397319618651461,0.454072876958949,3.0,0.7732160672107393,-0.16155001058214336,0.16155001058214336,0.29743085933394114,0.18282698591961388,,,,1.0,0.21,0.21
removed,3.0,9,81.5,-13.12911985935256,14.684735679076487,19.69332743410674,36.135712048968145,44.58225167804099,1.2337449340316524,0.5378455039821026,3.0,0.7843258822212849,-0.18975253499120512,0.18975253499120512,0.14035587461411478,0.18724370614216107,,,,1.0,0.2055,0.2055
removed,3.0,9,82.0,-12.940216547592717,14.737154804621234,19.588791017478748,36.133530123565336,45.099289451038345,1.2481285193229923,0.4525327542798464,3.0,0.7736947258132101,-0.071466596043778,0.071466596043778,-0.012374408750597506,0.19870857903847616,,,,1.0,0.1675,0.1675
removed,3.0,9,82.5,-12.867097630730774,14.489052276390682,19.367705676786986,35.969213184953055,45.68983528294746,1.2702483940366207,0.4192637877988837,3.0,0.7663753162742607,0.10191003136358749,0.10191003136358749,0.0905084962030016,0.16178031569782497,,,,1.0,0.2035,0.2035
removed,3.0,9,83.0,-13.035111096452743,14.40152159264525,19.434452761703565,36.28199661854297,46.08934461330328,1.2703089385590203,0.4546984692700555,3.0,0.7702286699751811,0.0408859375252932,0.0408859375252932,0.2194983066226527,0.09505686416989849,,,,1.0,0.207,0.207
removed,3.0,9,83.5,-13.234381563708348,14.537339325438193,19.67366887338102,36.900041699366305,46.39755350826449,1.2573848530111902,0.5506563700356679,3.0,0.7793831837306092,-0.0974440246053418,0.0974440246053418,0.3398382799882816,0.18982274930818968,,,,1.0,0.198,0.198
removed,3.0,9,84.0,-13.141247470095042,14.842719321833505,19.808400844436402,37.3624755814705,46.780665717685906,1.252076180436134,0.4795723738018429,3.0,0.7705970851817651,-0.26556320872369826,0.26556320872369826,0.05995433764276008,0.26474952308217803,,,,1.0,0.1695,0.1695
removed,3.0,9,84.5,-12.822762313969134,14.629135835317886,19.429218073716736,36.9337524666867,47.466466250739266,1.2851785448433057,0.3768751288538221,3.0,0.755152416500602,0.08647089675853255,0.08647089675853255,-0.09618653048714668,0.29377087918666994,,,,1.0,0.2045,0.2045
removed,3.0,9,85.0,-12.936488007730606,14.321660057234798,19.30768032884096,36.93820566522801,47.95416501306348,1.2982267045582403,0.49079258602811354,3.0,0.766516735135337,0.17824023882388304,0.17824023882388304,0.25384945759136107,0.22124699182338717,7.0,3.9845070326070635,2.5667851230162055,1.0,0.2035,0.2035
removed,3.0,9,85.5,-13.101691182671871,14.44970810043082,19.516236578225346,37.59701719701096,48.258101689587086,1.2835619761193104,0.5179947240299757,3.0,0.7697286628516626,-0.09256641955570856,0.09256641955570856,0.2929140419602076,0.1404920539813102,,,,1.0,0.163,0.163
removed,3.0,9,86.0,-13.042689938913227,14.619875679875658,19.58570430304639,38.02465507639755,48.67016541784561,1.2799633637717303,0.46272683545777826,3.0,0.7651092606220006,-0.1980327872550485,0.1980327872550485,0.19927906615570914,0.1740398139623981,,,,1.0,0.203,0.203
removed,3.0,9,86.5,-12.809431936950618,14.675530490776898,19.450787801778677,38.007452560205444,49.17402663259588,1.293799592453667,0.37264442859198216,3.0,0.7512206905718609,-0.09659313062486856,0.09659313062486856,-0.09219896582602478,0.26157902130974153,,,,1.0,0.2045,0.2045
removed,3.0,9,87.0,-12.68483282969664,14.322716345917128,19.120953305781406,37.65753894758329,49.821926503600906,1.3230266208567056,0.4170478891809183,3.0,0.7564165738445966,0.21885048492658724,0.21885048492658724,0.07781261922807944,0.2624779730282932,,,,1.0,0.2,0.2
removed,3.0,9,87.5,-12.930756451275185,14.195765718261152,19.22001024550167,38.14278028597775,50.20970503004881,1.316361960339508,0.523459637767773,3.0,0.7690250505019962,0.02881375389369802,0.02881375389369802,0.42652799823350135,0.2729877322665077,,,,1.0,0.144,0.144
removed,3.0,9,88.0,-13.012099237746682,14.565270810095855,19.5264247564184,38.9398713284562,50.45096564637098,1.2956120276006866,0.44729972260261547,3.0,0.7598455640914937,-0.28823602424799327,0.28823602424799327,0.19273699741486325,0.26238124940895874,,,,1.0,0.2035,0.2035
removed,3.0,9,88.5,-12.738149401151192,14.580438271321603,19.333950021946574,38.836707448133545,51.02480699398213,1.3138293729489248,0.40146019583664955,3.0,0.7533416822247816,-0.02660827359210275,0.02660827359210275,-0.02866657206093666,0.2030379428800245,,,,1.0,0.2055,0.2055
removed,3.0,9,89.0,-12.653684799574949,14.351121522455145,19.11693957692513,38.73711446578089,51.61380166803559,1.3324121422009776,0.41168130994744234,3.0,0.7515769443084265,0.04806081492112121,0.04806081492112121,0.13467236661364945,0.09985402113724583,,,,1.0,0.194,0.194
removed,3.0,9,89.5,-12.706064733554827,14.247842319340593,19.086624047321358,38.94516932319909,52.07805513354845,1.3372147570180493,0.39534682184978637,3.0,0.750820722516013,0.04659465314600786,0.04659465314600786,0.18143255318011076,0.0680843368144353,,,,1.0,0.1235,0.1235
removed,3.0,9,90.0,-12.825998928112162,14.22314251325914,19.159648388876317,39.349913793725904,52.46901778162956,1.3333960032714332,0.39302314089790785,3.0,0.7487781249211589,-0.011698207592321694,0.011698207592321694,0.30197241906719774,0.13799179437476414,7.0,4.378500568446276,3.1671508993576896,1.0,0.2055,0.2055
removed,3.0,9,90.5,-12.815768082848685,14.435575622082517,19.293767646511885,39.83813094029223,52.852887215855674,1.3266909357537238,0.4921452509140519,3.0,0.7612481596201243,-0.20063900227646164,0.20063900227646164,0.10938381609580179,0.20630870949036612,,,,1.0,0.207,0.207
removed,3.0,9,91.0,-12.563039210326341,14.286748562396534,19.00656128418038,39.612653007938675,53.49869826969122,1.3505457021262794,0.379181704649642,3.0,0.7442211022115341,0.09549612565478817,0.09549612565478817,0.01031760135275265,0.23863137153744113,,,,1.0,0.156,0.156
removed,3.0,9,91.5,-12.710930214625915,14.069199035073783,18.971428153598932,39.87432126543192,53.94968104845954,1.3529930876899945,0.2843741925629583,3.0,0.7259999142394407,0.0548488394812171,0.0548488394812171,0.35629289395467595,0.21344476607476323,,,,1.0,0.085,0.085
removed,3.0,9,92.0,-12.828575525782297,14.340968610216335,19.240006844272273,40.56523815992777,54.24141377643342,1.33714027667205,0.381995470634732,3.0,0.7439533900376385,-0.24828043812750594,0.24828043812750594,0.15042680708564926,0.2298990411407401,,,,1.0,0.2075,0.2075
removed,3.0,9,92.5,-12.54190649620252,14.251081164019123,18.96693520447124,40.30695553129698,54.913027467042134,1.3623710037937258,0.46816324836310536,3.0,0.7520674082721183,0.09890206891306205,0.09890206891306205,-0.06321922247185344,0.2626030602297604,,,,1.0,0.2055,0.2055
removed,3.0,9,93.0,-12.645984955516907,13.93661586823256,18.83502901175768,40.420299831122236,55.44043504175259,1.3715988073662277,0.35034768826795426,3.0,0.7330896164179946,0.13025271252494314,0.13025271252494314,0.35509267630222885,0.21421028827315686,,,,1.0,0.132,0.132
removed,3.0,9,93.5,-12.848630991641448,14.121243408371058,19.109126397477187,41.18153901223156,55.70937518650559,1.3527754552825002,0.30084201363747287,3.0,0.7253361877551516,-0.17236592193834036,0.17236592193834036,0.2530880378687988,0.15563220162463204,,,,1.0,0.1245,0.1245
removed,3.0,9,94.0,-12.738265402935093,14.256510564538466,19.11638596059279,41.382742934225504,56.19605380689197,1.3579586519001656,0.44876874111430526,3.0,0.7453111239927855,-0.06562370437680103,0.06562370437680103,0.048200742795301836,0.1483339651585383,,,,1.0,0.2065,0.2065
removed,3.0,9,94.5,-12.630171857705522,14.10064093727111,18.931920685355387,41.3590297441982,56.79254378263998,1.373159480140048,0.4163635050479825,3.0,0.7390133579486502,0.058434986020335,0.058434986020335,0.14325325924313306,0.10855372283619277,,,,1.0,0.203,0.203
removed,3.0,9,95.0,-12.687255782053462,13.971132540640907,18.88881498742397,41.600551728366284,57.27349716051779,1.3767484992624401,0.29279197860344086,3.0,0.7164974845575536,0.04822771035882506,0.04822771035882506,0.21677717394997273,0.10962993980864912,6.0,5.266957341660825,2.4333823924499938,1.0,0.0915,0.0915
removed,3.0,9,95.5,-12.8841024601696,14.08855123456958,19.11423048320445,42.23154168911521,57.59391755656632,1.3637654523848608,0.3918479631226996,3.0,0.7329634866693779,-0.11496912119375836,0.11496912119375836,0.33305629308156026,0.1862353085636628,,,,1.0,0.198,0.198
removed,3.0,9,96.0,-12.75349800679603,14.317605586608357,19.168530430617974,42.570471658535475,58.053879756000335,1.3637123925161023,0.4461252674916167,3.0,0.7389821693149217,-0.15628622830190403,0.15628622830190403,0.009797193427533457,0.23318589292426048,,,,1.0,0.204,0.204
removed,3.0,9,96.5,-12.54797401410336,14.009144239632262,18.80968172768748,42.22614559116452,58.77080318954769,1.3918107458485391,0.34400926594282893,3.0,0.7235547724031401,0.2392638394573923,0.2392638394573923,0.03755551236296024,0.3228410086463317,,,,1.0,0.179,0.179
removed,3.0,9,97.0,-12.915671211402497,13.854885229778755,18.985125162685183,42.85750133721935,59.10001848475092,1.3789888967098007,0.32816974367623075,3.0,0.7201908669761219,-0.002147917896225966,0.002147917896225966,0.5359514847160296,0.353975523102737,,,,1.0,0.0685,0.0685
removed,3.0,9,97.5,-12.930946301112188,14.374506598717806,19.338676305457845,43.68996132265319,59.372443129678885,1.3589493176981675,0.4504482025663439,3.0,0.7388784771889997,-0.3949178660391299,0.3949178660391299,0.05954133860051132,0.41489516990629094,,,,1.0,0.2045,0.2045
removed,3.0,9,98.0,-12.507625850306557,14.155414099717657,18.87730589188119,43.12629894269669,60.17602572780695,1.39534407549706,0.3974989198134307,3.0,0.7306497292441619,0.2210381289565395,0.2210381289565395,-0.11423156828809276,0.4155777933953641,,,,1.0,0.2055,0.2055
removed,3.0,9,98.5,-12.835191324460999,13.781733528565187,18.876414351628167,43.48557348455134,60.61335889416201,1.3938728188946499,0.2974430511025159,3.0,0.7155492666068155,0.1376810597219959,0.1376810597219959,0.5665964963909541,0.410281375612336,,,,1.0,0.0885,0.0885
removed,3.0,9,99.0,-13.037614553971146,14.274141982897797,19.3520131395051,44.54493289341287,60.79906006370329,1.3648928422270452,0.4410530937986928,3.0,0.7363471557001002,-0.3587158545933374,0.3587158545933374,0.20170743703265323,0.3602854876324581,,,,1.0,0.122,0.122
removed,3.0,9,99.5,-12.650934989112095,14.298766432981058,19.079746826292144,44.30549732594481,61.48854135320506,1.3878309705192733,0.41015717811705166,3.0,0.7315325560524858,0.031119966746382986,0.031119966746382986,-0.0921589794148802,0.34008100103261324,,,,1.0,0.205,0.205
removed,3.0,9,100.0,-12.724084066841526,13.93172687732407,18.890538301945018,44.306548560246384,62.06757043356239,1.4008667443180602,0.2743674656451244,3.0,0.7110522349448721,0.16382702289058057,0.16382702289058057,0.3400041414377118,0.2649464286962205,5.0,5.967373505034148,1.3455512369625195,1.0,0.2065,0.2065
retained,3.0,11,0.0,1.5046584452457459,1.4994416756106912,0.0,1.4548368273342134,0.024997351174848803,0.017182237007742636,0.9974593905290976,9.0,0.9974593905290976,0.944696596282809,0.944696596282809,0.020708208745544073,0.03970850568618222,9.0,0.9951170439782884,0.005485817795259356,1.0,1.0,1.0
retained,3.0,11,0.5,1.5024754252552488,1.5045336984496964,0.00554024122867053,1.4539281369974337,0.02600069655789175,0.017883068561825106,0.9972895692786954,9.0,0.9972895692786954,0.9471949474555995,0.9471949474555995,0.0114244674010481,0.03100993856279463,,,,1.0,1.0,1.0
retained,3.0,11,1.0,1.4984733439528781,1.5008982069730454,0.006354286868922105,1.4547612255619022,0.025788563988810832,0.01772700807230409,0.9970182193506238,9.0,0.9970182193506238,0.9452315869865335,0.9452315869865335,0.01600209117020894,0.032967365083753364,,,,1.0,1.0,1.0
retained,3.0,11,1.5,1.5006321450398226,1.4981980238235586,0.0042139960982250846,1.4538505240758874,0.02550026511924291,0.017539812172542062,0.9970990706523706,9.0,0.9970990706523706,0.9460336365334906,0.9460336365334906,0.010091558276292961,0.038701949797183235,,,,1.0,1.0,1.0
retained,3.0,11,2.0,1.5004702445232099,1.4985040578056603,0.004291870506033709,1.453458244793271,0.02516211669847087,0.017311895122277658,0.9975582986163916,9.0,0.9975582986163916,0.9461341146295275,0.9461341146295275,0.016462042659283353,0.03821965649934545,,,,1.0,1.0,1.0
retained,3.0,11,2.5,1.5004068138470645,1.4997389522622446,0.00426201160930046,1.4536228322535294,0.02584360481857177,0.017778755427573203,0.9976051701040054,9.0,0.9976051701040054,0.9454510770875775,0.9454510770875775,0.014442062224488862,0.03542812652312864,,,,1.0,1.0,1.0
retained,3.0,11,3.0,1.502424147324871,1.5001512466723612,0.0023442649787909107,1.4550114402515104,0.02551040102856051,0.017532783813817183,0.9976393753300977,9.0,0.9976393753300977,0.9429025311367473,0.9429025311367473,0.010284722181409148,0.031605013882918774,,,,1.0,1.0,1.0
retained,3.0,11,3.5,1.5019847922603473,1.5009562332505086,0.003072833404312715,1.453409508552292,0.0257146638234686,0.01769264868033125,0.9970858334933659,9.0,0.9970858334933659,0.946312746879423,0.946312746879423,0.008526875838105302,0.0420213711806002,,,,1.0,1.0,1.0
retained,3.0,11,4.0,1.5004529390233894,1.5016382732032707,0.004744609949195535,1.4520722216953017,0.02544142649864357,0.017520772120370554,0.9966190348980251,9.0,0.9966190348980251,0.9486380749222492,0.9486380749222492,0.00395917443184384,0.04515721858287697,,,,1.0,1.0,1.0
retained,3.0,11,4.5,1.4972445005695654,1.5031899466863796,0.008307593617787748,1.4527342005730344,0.0250174975831638,0.017220973783983053,0.9968455481551931,9.0,0.9968455481551931,0.9476764192553733,0.9476764192553733,0.013978777424430154,0.03238170773265403,,,,1.0,1.0,1.0
retained,3.0,11,5.0,1.4967142071096893,1.4957283098016647,0.00876926480350679,1.45306400999653,0.025101881692133395,0.017275138272947344,0.9970740208276404,9.0,0.9970740208276404,0.9483584816848508,0.9483584816848508,0.010205410852780202,0.03506110144110966,9.0,0.9939401700305412,0.005142882011210445,1.0,1.0,1.0
retained,3.0,11,5.5,1.5031695027516347,1.4974989830225776,0.002447652802723774,1.4545764582835206,0.02577727937003351,0.017721501831847397,0.997211638748506,9.0,0.997211638748506,0.9452925549122977,0.9452925549122977,0.009610502609750295,0.029513426437753433,,,,1.0,1.0,1.0
retained,3.0,11,6.0,1.5029568113515097,1.5021110122727206,0.003165583062449568,1.4540538414202273,0.02501277611895712,0.01720209761594951,0.9975289986996623,9.0,0.9975289986996623,0.9459866965630115,0.9459866965630115,0.014154046838122977,0.03567030861304614,,,,1.0,1.0,1.0
retained,3.0,11,6.5,1.4960856821238897,1.500074796315427,0.008596110130182284,1.4536037562422983,0.0256831888931127,0.01766863134662375,0.9973430911532731,9.0,0.9973430911532731,0.9459574081904573,0.9459574081904573,-0.004578403974667044,0.04417791749807425,,,,1.0,1.0,1.0
retained,3.0,11,7.0,1.4987151573020814,1.4980941167453847,0.0060941436212788615,1.4523975528816022,0.02472479110105175,0.01702343208441586,0.9977368754260639,9.0,0.9977368754260639,0.947592425000741,0.947592425000741,0.015469966322923294,0.044850548184418686,,,,1.0,1.0,1.0
retained,3.0,11,7.5,1.5036462439747864,1.4992040634412238,0.0010397167672067992,1.4534586904908215,0.025545726032247633,0.017575818424960563,0.9974648219141089,9.0,0.9974648219141089,0.9460582088086801,0.9460582088086801,0.02020050525145368,0.04617162519302513,,,,1.0,1.0,1.0
retained,3.0,11,8.0,1.5013825587745633,1.5031470490073706,0.004945828968019091,1.4534668989961896,0.025192238209617305,0.01733251594997854,0.997034043468704,9.0,0.997034043468704,0.9464233644354322,0.9464233644354322,0.006516795452527406,0.037135440031471664,,,,1.0,1.0,1.0
retained,3.0,11,8.5,1.498386695377858,1.4981974886322935,0.0063939696310325485,1.4540735282197392,0.02492697839417187,0.01714285963564073,0.9971052881047046,9.0,0.9971052881047046,0.9457284865440719,0.9457284865440719,0.02136718365777457,0.025706803537520865,,,,1.0,1.0,1.0
retained,3.0,11,9.0,1.503099431657971,1.4950207315848447,0.004687778732676489,1.453338589019641,0.02574307605740625,0.01771306167186506,0.9975398310121961,9.0,0.9975398310121961,0.9471997136240464,0.9471997136240464,0.02526536404305928,0.029060809324936668,,,,1.0,1.0,1.0
retained,3.0,11,9.5,1.5046295948626516,1.5011979720887587,0.0017565334222487954,1.4536464838433292,0.025201308359241042,0.017336614258929534,0.9974009041641776,9.0,0.9974009041641776,0.946758615472527,0.946758615472527,0.021329904767735372,0.033314588376986726,,,,1.0,1.0,1.0
retained,3.0,11,10.0,1.5014636317436345,1.502122042809545,0.004170275966163918,1.4540701231849649,0.02462574606362043,0.016935734852787366,0.9972845647917796,9.0,0.9972845647917796,0.9457907858198957,0.9457907858198957,0.0036149953754233887,0.03718216501258883,9.0,0.99461283368964,0.006000571466134763,1.0,1.0,1.0
retained,3.0,11,10.5,1.498101175855182,1.499400170960111,0.006557400742401251,1.4533696599061512,0.025360350476608597,0.017449346285545963,0.9973987912863506,9.0,0.9973987912863506,0.9471018183570741,0.9471018183570741,0.017626840170266563,0.03496850624214401,,,,1.0,1.0,1.0
retained,3.0,11,11.0,1.4993800245389102,1.4990157526801469,0.005295576975279978,1.4530539165386476,0.025433623355103248,0.017503564778717402,0.9977829313895018,9.0,0.9977829313895018,0.9468954342276054,0.9468954342276054,0.008023462901151109,0.03528228300883987,,,,1.0,1.0,1.0
retained,3.0,11,11.5,1.4990142880868895,1.4997907117182887,0.0056549391011996115,1.4546530324064215,0.02575155501835517,0.017702884773666314,0.9978655176210448,9.0,0.9978655176210448,0.9446276399613303,0.9446276399613303,0.008101589919053808,0.02486091680368809,,,,1.0,1.0,1.0
retained,3.0,11,12.0,1.4991449918454083,1.4993710392594142,0.005513905865338648,1.453734151286351,0.026454787062355704,0.01819781631940539,0.9978249835813875,9.0,0.9978249835813875,0.9461760782647513,0.9461760782647513,0.007500804016427671,0.03909245452601329,,,,1.0,1.0,1.0
retained,3.0,11,12.5,1.4996293984077689,1.4986530784896093,0.00509050071387336,1.4534728621047948,0.025067514928485926,0.01724663430742374,0.9974315845478675,9.0,0.9974315845478675,0.9475158902903507,0.9475158902903507,0.0033442380633548242,0.045591104529536096,,,,1.0,1.0,1.0
retained,3.0,11,13.0,1.5012938522063268,1.4996086914998579,0.0033687357611040464,1.4537815368775833,0.02482884595734931,0.017078801269327194,0.9972459540535149,9.0,0.9972459540535149,0.9468198909157707,0.9468198909157707,0.002703977124257942,0.042212124390711994,,,,1.0,1.0,1.0
retained,3.0,11,13.5,1.4995443827499784,1.5024184145965964,0.005917314441604731,1.4536891463113164,0.025006091888440406,0.017201815086734643,0.9974769856893163,9.0,0.9974769856893163,0.9467062466381023,0.9467062466381023,0.02744083656332044,0.038482883539892265,,,,1.0,1.0,1.0
retained,3.0,11,14.0,1.4975874312871955,1.5014653734700658,0.007354902543749408,1.4538360726702901,0.025472559668691188,0.01752092973034107,0.997460552993983,9.0,0.997460552993983,0.9464070290063655,0.9464070290063655,0.015550829543581392,0.03591369567037052,,,,1.0,1.0,1.0
retained,3.0,11,14.5,1.4994398732832963,1.4996888375434152,0.005224421723813327,1.453910408987822,0.025556105958516914,0.01757749707308889,0.9972849186290696,9.0,0.9972849186290696,0.9457682007532137,0.9457682007532137,0.013212642825805851,0.045073765865902275,,,,1.0,1.0,1.0
retained,3.0,11,15.0,1.5004584999714978,1.5002984321541009,0.004286440490821472,1.4529898586402872,0.025371195481058935,0.017461371344189135,0.9973126053617787,9.0,0.9973126053617787,0.9464938025177982,0.9464938025177982,0.01931211658644448,0.04611761386896864,9.0,0.9939232790483471,0.0066207195683742216,1.0,1.0,1.0
retained,3.0,11,15.5,1.5010199170446614,1.4987080678261548,0.0037117472774448454,1.4525881097843616,0.025479110077031297,0.017540491971129862,0.9977868175931385,9.0,0.9977868175931385,0.9461953491050104,0.9461953491050104,0.016632003044810696,0.035007653984608166,,,,1.0,1.0,1.0
retained,3.0,11,16.0,1.5019016001211296,1.4990958943023696,0.002778445564394796,1.4531207239174124,0.02547674351266274,0.017532434224722202,0.9975382759065768,9.0,0.9975382759065768,0.9456299273221034,0.9456299273221034,0.022393598510939205,0.041370713397530075,,,,1.0,1.0,1.0
retained,3.0,11,16.5,1.501945589293229,1.5026355251535255,0.0041904966676241774,1.4536305701053414,0.026003395940565634,0.01788858632677299,0.997656042569331,9.0,0.997656042569331,0.9438387969943872,0.9438387969943872,0.02198947749412355,0.037925162077737766,,,,1.0,1.0,1.0
retained,3.0,11,17.0,1.498210613228697,1.5021714161719972,0.007001858414172651,1.453538238388634,0.025369772362939857,0.01745380458037645,0.9972717552497398,9.0,0.9972717552497398,0.9448938758085174,0.9448938758085174,0.012103217998013826,0.04253300958898449,,,,1.0,1.0,1.0
retained,3.0,11,17.5,1.4973318486639575,1.5008031225705356,0.00745201686100766,1.4538870922443925,0.025408516539735575,0.017476265299605883,0.9973255780645012,9.0,0.9973255780645012,0.9437422393135236,0.9437422393135236,-0.0014501653787194555,0.03370819583798777,,,,1.0,1.0,1.0
retained,3.0,11,18.0,1.5018478651074747,1.4982105331305722,0.0030683990157732177,1.4531773586409835,0.02535973438236423,0.017451231421662626,0.9969258294093595,9.0,0.9969258294093595,0.9463674750354633,0.9463674750354633,0.008429813077156819,0.03154891556484248,,,,1.0,1.0,1.0
retained,3.0,11,18.5,1.5016027336243407,1.4989785114785281,0.0030906139400631977,1.4525650437674746,0.025803250093674828,0.017763920593015035,0.9975373893641555,9.0,0.9975373893641555,0.9467015919303375,0.9467015919303375,0.01053515035818842,0.03977677755794413,,,,1.0,1.0,1.0
retained,3.0,11,19.0,1.5023367946535968,1.5012419717123406,0.002937878065141621,1.4527241870761958,0.025096092503302966,0.0172751942361559,0.9978063436151074,9.0,0.9978063436151074,0.9460591427594334,0.9460591427594334,0.00229808287299253,0.03614017884899957,,,,1.0,1.0,1.0
retained,3.0,11,19.5,1.4992971419506762,1.500653001885849,0.00549644288304834,1.4533602640927352,0.025648615399801594,0.017647802842478858,0.997414029175033,9.0,0.997414029175033,0.9450571600302762,0.9450571600302762,0.005614045377052441,0.04591550057456756,,,,1.0,1.0,1.0
retained,3.0,11,20.0,1.5002284413548426,1.4981174058754687,0.004623702499625674,1.453135514554108,0.02473322753347736,0.017020592563981692,0.996798980001297,9.0,0.996798980001297,0.9461026023876673,0.9461026023876673,0.003135250223768201,0.05111581363396707,9.0,0.9941150726442495,0.006450631338589319,1.0,1.0,1.0
retained,3.0,11,20.5,1.500639705051949,1.5023469671733325,0.004958930510623483,1.4532718560363669,0.025131979010350074,0.017293377633345684,0.9970040055321782,9.0,0.9970040055321782,0.9456481356655377,0.9456481356655377,0.007992725073415304,0.045453076937353246,,,,1.0,1.0,1.0
retained,3.0,11,21.0,1.495225271908448,1.5000265393824168,0.009451286941098794,1.4532317715873275,0.025135979693059023,0.01729660759178396,0.9972724710348744,9.0,0.9972724710348744,0.9459819151775681,0.9459819151775681,0.01773021917310726,0.04007970445034112,,,,1.0,1.0,1.0
retained,3.0,11,21.5,1.4979722015631136,1.4957783982069366,0.007624005241367489,1.4544267890562064,0.025711456382957937,0.017678068484727503,0.9970630912567721,9.0,0.9970630912567721,0.9442475914332025,0.9442475914332025,0.02914375064578303,0.033325969827501675,,,,1.0,1.0,1.0
retained,3.0,11,22.0,1.5038042744770448,1.4982352154160627,0.0014782266075694607,1.4532561589045854,0.02540464833944191,0.017481190899332616,0.9970752763848139,9.0,0.9970752763848139,0.9465660285998816,0.9465660285998816,0.01222113553529917,0.046008714071940064,,,,1.0,1.0,1.0
retained,3.0,11,22.5,1.500580885893002,1.5017627856490072,0.0046919124123452885,1.453542144643507,0.025537695733490105,0.017569284679910972,0.9971690246996221,9.0,0.9971690246996221,0.9459435450289195,0.9459435450289195,0.014980328575819863,0.05037231036500724,,,,1.0,1.0,1.0
retained,3.0,11,23.0,1.4988622218836747,1.4974538302618554,0.006127620614390872,1.452894572684428,0.02519013308992926,0.017337894685219263,0.996606884870671,9.0,0.996606884870671,0.9468632557531741,0.9468632557531741,0.009606742935010399,0.055549532269082914,,,,1.0,1.0,1.0
retained,3.0,11,23.5,1.501945370716693,1.497814984152576,0.0031633682207577833,1.4527587057176734,0.02549478539006632,0.017549222241605298,0.9969116861136366,9.0,0.9969116861136366,0.9464775327916582,0.9464775327916582,0.014462084925915022,0.040920179502630175,,,,1.0,1.0,1.0
retained,3.0,11,24.0,1.4993400483267807,1.4988678641630053,0.0053492621327762314,1.4535061319116642,0.0255501699697434,0.017578302154212168,0.9974724332891571,9.0,0.9974724332891571,0.9459108199323426,0.9459108199323426,0.01814602999166728,0.044605138021594104,,,,1.0,1.0,1.0
retained,3.0,11,24.5,1.4983565430228332,1.4987122435128128,0.006343976892499484,1.4537818848368524,0.02623120801770827,0.018043427484757808,0.9974737909682657,9.0,0.9974737909682657,0.9443227705127651,0.9443227705127651,0.018079421472675647,0.04282922508284189,,,,1.0,1.0,1.0
retained,3.0,11,25.0,1.5008953558098796,1.4986388367934815,0.003847777575269473,1.4531397753300666,0.0259481210141138,0.017856589885319143,0.9970554117884401,9.0,0.9970554117884401,0.9460060998051605,0.9460060998051605,0.010150042361302155,0.04501309843703238,9.0,0.9941817222440387,0.005545026834699293,1.0,1.0,1.0
retained,3.0,11,25.5,1.5010038476883272,1.5030996710139555,0.005170784628757357,1.4536675111528417,0.02565931240543431,0.017651431437086328,0.9968542654639927,9.0,0.9968542654639927,0.9451094879001851,0.9451094879001851,0.010584756966167915,0.03972177788258917,,,,1.0,1.0,1.0
retained,3.0,11,26.0,1.4990363316171487,1.5031044195285324,0.006709981718346254,1.4527814679822195,0.02545570227528672,0.017522045012483785,0.9973981610227306,9.0,0.9973981610227306,0.946311277169194,0.946311277169194,0.008287394463905862,0.03845770043109614,,,,1.0,1.0,1.0
retained,3.0,11,26.5,1.4976090287350607,1.500295838366858,0.007100976493070712,1.4536890701976408,0.02594114523625868,0.017845043873606185,0.9974595595004041,9.0,0.9974595595004041,0.945734378695705,0.945734378695705,-0.002219196126465607,0.04780580925585661,,,,1.0,1.0,1.0
retained,3.0,11,27.0,1.497990658860489,1.4991870521327684,0.006672646281268525,1.453249603361362,0.02523558330791906,0.017364933903679887,0.9975655966476847,9.0,0.9975655966476847,0.9463972035027147,0.9463972035027147,0.01841344092194666,0.03195575036773385,,,,1.0,1.0,1.0
retained,3.0,11,27.5,1.499345008230062,1.4985247508099706,0.005391972181847495,1.4537883286731057,0.025851540452430006,0.017782190118437045,0.997532059944615,9.0,0.997532059944615,0.9451912859213015,0.9451912859213015,0.011515479874900876,0.04725201285075363,,,,1.0,1.0,1.0
retained,3.0,11,28.0,1.5006094305293827,1.499195723439747,0.004056477861854785,1.4537867288918156,0.02551907230981069,0.017553518547567995,0.9972263221020072,9.0,0.9972263221020072,0.9455839817275498,0.9455839817275498,-0.0006074859886321486,0.04337806458865986,,,,1.0,1.0,1.0
retained,3.0,11,28.5,1.5011849182718244,1.4981042882259195,0.003722095465662653,1.4522109596792825,0.02503079998399559,0.017236338713160233,0.9971991320542194,9.0,0.9971991320542194,0.9483026913695207,0.9483026913695207,0.01212489461763851,0.05419354114667277,,,,1.0,1.0,1.0
retained,3.0,11,29.0,1.505293601856531,1.4981962889366798,0.0013980028211807458,1.4536561995677215,0.02599992650770751,0.017885884238267064,0.9975734950113929,9.0,0.9975734950113929,0.9448505394343063,0.9448505394343063,0.01519738243774563,0.03417965196509137,,,,1.0,1.0,1.0
retained,3.0,11,29.5,1.5014247464392452,1.5031934123356918,0.004953012863387544,1.453819625732467,0.025710844698169234,0.017685030689564073,0.9970881190433876,9.0,0.9970881190433876,0.9460800463540964,0.9460800463540964,0.015963340669167977,0.033080492563969825,,,,1.0,1.0,1.0
retained,3.0,11,30.0,1.4953753491282917,1.5013935280729611,0.00948607408575125,1.4544351708725765,0.02669531675726033,0.018354421903345953,0.9970157621908109,9.0,0.9970157621908109,0.9451876601211953,0.9451876601211953,-0.002544554018292591,0.03043231119678869,9.0,0.9950365386119563,0.006014459781232188,1.0,1.0,1.0
retained,3.0,11,30.5,1.4991910365884955,1.4953414716864508,0.00683404928616501,1.4531785524573233,0.025043069825508642,0.01723330542083823,0.9966687030461144,9.0,0.9966687030461144,0.9468515865449338,0.9468515865449338,0.01020793846557935,0.04413967340007514,,,,1.0,1.0,1.0
retained,3.0,11,31.0,1.5027433975448263,1.4983495891052476,0.0022045545201172024,1.4537570099171364,0.025544402840641103,0.01757130157680005,0.9971012251661714,9.0,0.9971012251661714,0.9454947240001281,0.9454947240001281,0.00996109559213743,0.038479992547703214,,,,1.0,1.0,1.0
retained,3.0,11,31.5,1.5011008468516498,1.503193647626455,0.005170473899049204,1.4523021335990267,0.02549066024027511,0.01755189891314513,0.9972581046436849,9.0,0.9972581046436849,0.947670923640463,0.947670923640463,0.013221103908651655,0.0428788437740061,,,,1.0,1.0,1.0
retained,3.0,11,32.0,1.4999683081869435,1.5008166419732232,0.004887526790560433,1.4532058417719953,0.025735022674583302,0.01770913791758695,0.9977653844402643,9.0,0.9977653844402643,0.9460541793298366,0.9460541793298366,0.022973626254559166,0.04275216344872192,,,,1.0,1.0,1.0
retained,3.0,11,32.5,1.4995013060371036,1.4992314444597639,0.005161422473905369,1.4542665827807186,0.025786245899616617,0.01773144360527797,0.9976653153035969,9.0,0.9976653153035969,0.9439651718751702,0.9439651718751702,0.010166706968442508,0.03321321760550024,,,,1.0,1.0,1.0
retained,3.0,11,33.0,1.5002307869852292,1.501319455593505,0.004809388249640295,1.4527671972010534,0.026521141792519572,0.018255603405429328,0.9972057403601248,9.0,0.9972057403601248,0.9472943071355915,0.9472943071355915,0.0026589332646031767,0.03687404499280069,,,,1.0,1.0,1.0
retained,3.0,11,33.5,1.4987384678206197,1.5011811079805815,0.006170231574537996,1.453970242745244,0.025632453573156487,0.017629283474715277,0.9967136568014124,9.0,0.9967136568014124,0.9465452149719121,0.9465452149719121,0.008698563191177719,0.041707038840186846,,,,1.0,1.0,1.0
retained,3.0,11,34.0,1.4952731873653147,1.5001045121330592,0.009408635274979097,1.45418275804123,0.025961854873478248,0.017853226996343025,0.997207080072892,9.0,0.997207080072892,0.9449405433711401,0.9449405433711401,0.019070063040796833,0.037745710881414034,,,,1.0,1.0,1.0
retained,3.0,11,34.5,1.4973203154578998,1.4930516644506604,0.009730384956855112,1.4542042841872813,0.0259501961579465,0.017844945473014764,0.9972669100068917,9.0,0.9972669100068917,0.9465877027242067,0.9465877027242067,0.01846403715829747,0.027715414969167542,,,,1.0,1.0,1.0
retained,3.0,11,35.0,1.5047856430680437,1.4988168949668137,0.0006375971604087494,1.4542100846138337,0.026438846303986043,0.018180898746144297,0.9967839345403604,9.0,0.9967839345403604,0.9471074208619171,0.9471074208619171,0.01116743680657294,0.02390832281083338,9.0,0.9947991152682287,0.006000543017578002,1.0,1.0,1.0
retained,3.0,11,35.5,1.49997700473229,1.5034413021798225,0.00615734504259159,1.453635143819817,0.025644624930018855,0.017641720509474414,0.9964898194406079,9.0,0.9964898194406079,0.9482064624263437,0.9482064624263437,0.01892534835874848,0.043966883885087744,,,,1.0,1.0,1.0
retained,3.0,11,36.0,1.4973030207101563,1.5002461130426092,0.007399283051797922,1.453888553655961,0.025951875697260235,0.01784997593660217,0.9969233577647035,9.0,0.9969233577647035,0.9472049108804099,0.9472049108804099,0.006837438681423272,0.04008253357062731,,,,1.0,1.0,1.0
retained,3.0,11,36.5,1.4996914444384304,1.5002078596751478,0.005025747212156616,1.4540310082625272,0.02560399529766672,0.017608974741372147,0.9974321307006571,9.0,0.9974321307006571,0.9465765651616949,0.9465765651616949,0.023826832981145237,0.04043288790940564,,,,1.0,1.0,1.0
retained,3.0,11,37.0,1.498890385407177,1.5012380990517382,0.006041328618843349,1.4530979112111293,0.026013018079246074,0.017901765516657252,0.9975581334811989,9.0,0.9975581334811989,0.9481116223181963,0.9481116223181963,0.02741051462177672,0.036209788997787755,,,,1.0,1.0,1.0
retained,3.0,11,37.5,1.4985815333019241,1.4997778494287046,0.006086203382148949,1.4538125690891446,0.026653724636131606,0.018333673269058975,0.9975521896863305,9.0,0.9975521896863305,0.9474705825177107,0.9474705825177107,0.014762676016659244,0.03856359268425961,,,,1.0,1.0,1.0
retained,3.0,11,38.0,1.4999290912234837,1.4980975630745144,0.004916648042904327,1.4548507694381223,0.026199791061000115,0.018008576282444923,0.9975306829233602,9.0,0.9975306829233602,0.9457354127812544,0.9457354127812544,0.008439855599240681,0.04394234501601427,,,,1.0,1.0,1.0
retained,3.0,11,38.5,1.5015480215918555,1.4990457211427985,0.0031355247164270295,1.4542365484108526,0.025677062991733647,0.017656730619095493,0.997317693842193,9.0,0.997317693842193,0.945883293782972,0.945883293782972,-0.004095571959551793,0.04233914879640352,,,,1.0,1.0,1.0
retained,3.0,11,39.0,1.5009450937583153,1.500081058517938,0.003767995457969964,1.4541258579606835,0.025801349164396616,0.017743546078316304,0.9967184655232613,9.0,0.9967184655232613,0.9472774778173273,0.9472774778173273,-0.007967887713083384,0.04093179455729127,,,,1.0,1.0,1.0
retained,3.0,11,39.5,1.4987012495719116,1.5026909913090418,0.006785737454683698,1.4529380583951854,0.026101561749597907,0.01796467619440562,0.9971362416154796,9.0,0.9971362416154796,0.9483994752749815,0.9483994752749815,0.007565357218656318,0.048012930552242275,,,,1.0,1.0,1.0
retained,3.0,11,40.0,1.4965014515349762,1.4983785971470647,0.008225976064721032,1.4541673255418355,0.025557249375013014,0.017575177853408418,0.9974148272594472,9.0,0.9974148272594472,0.9466486897377425,0.9466486897377425,0.009713758716739957,0.03821911511130972,9.0,0.9947910630935461,0.004468534674502666,1.0,1.0,1.0
retained,3.0,11,40.5,1.5016008963744036,1.498654984772948,0.003157132809185463,1.454198029597064,0.02574256444408846,0.017702241318000776,0.9970609599122812,9.0,0.9970609599122812,0.9464478041870233,0.9464478041870233,0.0035266682791065015,0.05252618307026041,,,,1.0,1.0,1.0
retained,3.0,11,41.0,1.5010282643667126,1.5016618498179215,0.004255277514446022,1.4523983659731543,0.024744809263727296,0.01703720538624227,0.9969868930512297,9.0,0.9969868930512297,0.9489966402400796,0.9489966402400796,0.008422893016648792,0.04616307845577254,,,,1.0,1.0,1.0
retained,3.0,11,41.5,1.497954510632496,1.5006043417865418,0.0068040085196298715,1.4529089427164448,0.025000915092828622,0.01720748930492879,0.997008972384346,9.0,0.997008972384346,0.9468123445773509,0.9468123445773509,0.025390607838645024,0.0413646165425712,,,,1.0,1.0,1.0
retained,3.0,11,42.0,1.4999832501794188,1.499342055767891,0.004676256304062961,1.4528798378511778,0.02542784361466057,0.01750168386414432,0.9972515844997447,9.0,0.9972515844997447,0.9471447941041927,0.9471447941041927,0.019580931642922395,0.04158611367627451,,,,1.0,1.0,1.0
retained,3.0,11,42.5,1.5002177167713178,1.5014480667244294,0.004872953384230594,1.4547178398817067,0.02605804281102481,0.017912781500736785,0.9973880547507035,9.0,0.9973880547507035,0.9451984903689279,0.9451984903689279,0.020272552426557146,0.040354860055599816,,,,1.0,1.0,1.0
retained,3.0,11,43.0,1.4968422792520224,1.5008646124886464,0.007944633421378506,1.4545999135101826,0.026088769661414664,0.017935357632779095,0.9976648737871429,9.0,0.9976648737871429,0.9453424304109609,0.9453424304109609,0.020897436148062692,0.03149569766695821,,,,1.0,1.0,1.0
retained,3.0,11,43.5,1.4996243192716787,1.4989846584471012,0.005054828286954318,1.4547266164066812,0.025808132526901353,0.01774088150710406,0.9973290776911772,9.0,0.9973290776911772,0.9453003639383866,0.9453003639383866,0.003839713788333151,0.035701886707721064,,,,1.0,1.0,1.0
retained,3.0,11,44.0,1.5018204480625015,1.4996100745662397,0.0028429889588834126,1.4542043925665402,0.026532841001680626,0.018245606420465105,0.9974266530170933,9.0,0.9974266530170933,0.9452533541751381,0.9452533541751381,-0.00793696413466709,0.04033914911089418,,,,1.0,1.0,1.0
retained,3.0,11,44.5,1.5005251698028605,1.499137029124651,0.004144487346851903,1.4533070290522974,0.026170355233445266,0.018007451082453635,0.9975610157305538,9.0,0.9975610157305538,0.9455401408107404,0.9455401408107404,0.012944490150561835,0.04303611929619453,,,,1.0,1.0,1.0
retained,3.0,11,45.0,1.5008468140624012,1.4991573457177398,0.003822221313041871,1.453364995513613,0.025468214891125045,0.017523619303989556,0.9977170215617396,9.0,0.9977170215617396,0.9450416714493931,0.9450416714493931,0.010641135670173708,0.0375901188679231,9.0,0.9942276584620012,0.004993582768438184,1.0,1.0,1.0
retained,3.0,11,45.5,1.501094665597545,1.500068163181709,0.0036184267379028834,1.454004293048279,0.02562751458469478,0.017625473808586506,0.9975378737346855,9.0,0.9975378737346855,0.9441333307678804,0.9441333307678804,0.01804978320624065,0.043320060965080495,,,,1.0,1.0,1.0
retained,3.0,11,46.0,1.5007273533622698,1.5010573431026641,0.0042501605664903505,1.4539256916320018,0.025455624371768387,0.01750820177281204,0.9974070484889818,9.0,0.9974070484889818,0.9431848818034415,0.9431848818034415,0.007459311348822476,0.04726806473362926,,,,1.0,1.0,1.0
retained,3.0,11,46.5,1.49805222903548,1.505971863370066,0.009288995897806605,1.4531389647146638,0.025322985434010254,0.01742640315132052,0.9972760244959125,9.0,0.9972760244959125,0.9452268665905194,0.9452268665905194,-0.0003599501474807725,0.04539053569801492,,,,1.0,1.0,1.0
retained,3.0,11,47.0,1.4933076649004673,1.4987268927428883,0.011373263779358466,1.4534773574342938,0.02568604086511657,0.017672130036107382,0.9971546062287283,9.0,0.9971546062287283,0.9450898632726599,0.9450898632726599,0.01563286239849324,0.03846451252562201,,,,1.0,1.0,1.0
retained,3.0,11,47.5,1.5019209517884387,1.494827860097956,0.005364807919614169,1.4533280463534806,0.026196952908662946,0.018025491886978478,0.9969538078542161,9.0,0.9969538078542161,0.9460595959472721,0.9460595959472721,0.01572947177047308,0.029609466232401332,,,,1.0,1.0,1.0
retained,3.0,11,48.0,1.5024938299389796,1.5021614173233009,0.003475996894359356,1.4536242855550947,0.02569571072320502,0.017676996028855294,0.9968359509398921,9.0,0.9968359509398921,0.9459877328638325,0.9459877328638325,-0.00703166822488805,0.04235637054032943,,,,1.0,1.0,1.0
retained,3.0,11,48.5,1.4992632349414199,1.5019578743921842,0.005953112676230164,1.4533403528763065,0.02631172717279153,0.018104311987703348,0.9971315496066532,9.0,0.9971315496066532,0.9458062976768401,0.9458062976768401,0.013912240798820969,0.04746433447816149,,,,1.0,1.0,1.0
retained,3.0,11,49.0,1.4989676217650012,1.4994609971680994,0.005690856281050827,1.4532647678182438,0.02561548563531488,0.017626165721866965,0.9974579629977078,9.0,0.9974579629977078,0.9454536758076324,0.9454536758076324,0.011825160280595756,0.04507527541652455,,,,1.0,1.0,1.0
retained,3.0,11,49.5,1.5009744662593736,1.5012281926074043,0.00409430630895849,1.4533281466105172,0.025529386868504093,0.01756615457289826,0.997478386158279,9.0,0.997478386158279,0.945659948674888,0.945659948674888,0.005509539709723951,0.04344370991680765,,,,1.0,1.0,1.0
retained,3.0,11,50.0,1.498270288833549,1.5004045003028559,0.006460307557271035,1.4537962411246061,0.026437327659855327,0.018185029588055842,0.9974933754817328,9.0,0.9974933754817328,0.9439949106072405,0.9439949106072405,0.014765988449235419,0.040043161741398325,9.0,0.994471919194441,0.00550776567532886,1.0,1.0,1.0
retained,3.0,11,50.5,1.4984916666508765,1.497941578062974,0.006346609401153214,1.4535699953809758,0.026009771557783,0.017893717977417338,0.9972197032260138,9.0,0.9972197032260138,0.9446167281865152,0.9446167281865152,0.00798739118138749,0.03529994040348334,,,,1.0,1.0,1.0
retained,3.0,11,51.0,1.5018845753290888,1.4993188211084885,0.0027765891923809275,1.4533091614495475,0.026338135367216325,0.01812287162694713,0.9966191393359088,9.0,0.9966191393359088,0.9453834407173131,0.9453834407173131,0.013694060063880815,0.042294006498931495,,,,1.0,1.0,1.0
retained,3.0,11,51.5,1.5032983985960926,1.500342126648081,0.0016311158634411734,1.4525944531175514,0.025950928847866973,0.01786522645200194,0.996314691612267,9.0,0.996314691612267,0.9480500635595369,0.9480500635595369,0.020294941437302427,0.04576334849491603,,,,1.0,1.0,1.0
retained,3.0,11,52.0,1.4994247554983597,1.5022920423680344,0.005959538490794557,1.4526755660079054,0.026642633937822752,0.01834038828851463,0.996034653020774,9.0,0.996034653020774,0.948382176792342,0.948382176792342,0.015362585247095729,0.03916214665257304,,,,1.0,1.0,1.0
retained,3.0,11,52.5,1.4953991342646353,1.500935556902329,0.009379046921645075,1.4541029037002977,0.026293507101595948,0.01808228773540449,0.9969818073855937,9.0,0.9969818073855937,0.9454814641665477,0.9454814641665477,0.01700549593111127,0.037599203840837564,,,,1.0,1.0,1.0
retained,3.0,11,53.0,1.4970349628315056,1.4956300486800216,0.008523261346388273,1.453374719757086,0.02529919058485949,0.01740720424054709,0.9971751266672582,9.0,0.9971751266672582,0.9468782872429583,0.9468782872429583,0.021162755881614714,0.03505239980133878,,,,1.0,1.0,1.0
retained,3.0,11,53.5,1.5010434865418543,1.4979800148770877,0.0038992792322428225,1.4531289083908765,0.025411163535597317,0.017487205291192225,0.9973558132413226,9.0,0.9973558132413226,0.9468826730632761,0.9468826730632761,0.0010757155782295253,0.04588111032505666,,,,1.0,1.0,1.0
retained,3.0,11,54.0,1.4988508025504192,1.5012150770037826,0.006072369074553974,1.4538892460695756,0.0261681418797836,0.01799871754366861,0.9967586345107637,9.0,0.9967586345107637,0.9466305241819855,0.9466305241819855,0.01769272387954576,0.047227831845489184,,,,1.0,1.0,1.0
retained,3.0,11,54.5,1.4982803203425001,1.4994043292371728,0.006378234240996364,1.4531984482729832,0.026531719096118234,0.018257464510541683,0.9967306317122442,9.0,0.9967306317122442,0.9475010998659782,0.9475010998659782,0.012522116736752758,0.05079794953750284,,,,1.0,1.0,1.0
retained,3.0,11,55.0,1.5003110917875258,1.4996921521046325,0.004354563188738407,1.453315542053097,0.026053315190989586,0.01792681247610144,0.9966115933080436,9.0,0.9966115933080436,0.9481415753700587,0.9481415753700587,0.0010455910193157578,0.048713266185918015,9.0,0.9941056573920483,0.007204058141278429,1.0,1.0,1.0
retained,3.0,11,55.5,1.4997010911553648,1.5024123649625802,0.005779304006785361,1.454547224783388,0.02590189245951096,0.017807529393463514,0.9972672507640374,9.0,0.9972672507640374,0.9450835721599469,0.9450835721599469,0.00789525871400931,0.032665300875732696,,,,1.0,1.0,1.0
retained,3.0,11,56.0,1.4961738005387457,1.4998791608153366,0.008495916025262347,1.4545266689150598,0.026201090084565823,0.018013482079437825,0.997281952804277,9.0,0.997281952804277,0.9459735815875554,0.9459735815875554,0.015740592478404668,0.0405049282132356,,,,1.0,1.0,1.0
retained,3.0,11,56.5,1.4993178284453086,1.4992043377511481,0.00534588786533028,1.4537447862355766,0.026112447552882452,0.017962195152905595,0.996933245153789,9.0,0.996933245153789,0.9469982455195983,0.9469982455195983,0.004860532952250749,0.042363861248700084,,,,1.0,1.0,1.0
retained,3.0,11,57.0,1.5012408956058525,1.500491069221066,0.003575034613906677,1.454595573263479,0.024491811139056744,0.01683753999340709,0.996864595876711,9.0,0.996864595876711,0.9457828865219601,0.9457828865219601,0.012400520095574144,0.04560808220059324,,,,1.0,1.0,1.0
retained,3.0,11,57.5,1.5011466560726625,1.4983335605254298,0.0036824695841743914,1.4548493335897341,0.02603260460308453,0.017893677374035005,0.9969989008819874,9.0,0.9969989008819874,0.9460320789849095,0.9460320789849095,0.013731944889111449,0.03694355829071705,,,,1.0,1.0,1.0
retained,3.0,11,58.0,1.502572377146006,1.500126505758576,0.0021956029805509578,1.4541858515776345,0.02591421373905559,0.017820427637183698,0.9970339891306942,9.0,0.9970339891306942,0.9471025529527765,0.9471025529527765,0.021241029143049033,0.04452549219937937,,,,1.0,1.0,1.0
retained,3.0,11,58.5,1.498434312232642,1.501476796155242,0.006548400369224701,1.455073644684533,0.026469184369065847,0.018190958557842956,0.9971121125895557,9.0,0.9971121125895557,0.945140286381295,0.945140286381295,0.03055046613437697,0.03576728062241569,,,,1.0,1.0,1.0
retained,3.0,11,59.0,1.497557903596333,1.4999399010884622,0.007117999743028135,1.4552250975222414,0.02535578636298716,0.017423961699230953,0.9974898894584596,9.0,0.9974898894584596,0.9454814004696025,0.9454814004696025,-0.007759236476202901,0.036694699038864284,,,,1.0,1.0,1.0
retained,3.0,11,59.5,1.499028351456278,1.4978018156179642,0.005864051233912447,1.453786818414253,0.026495246134178856,0.018224987184213896,0.9976738216559795,9.0,0.9976738216559795,0.9478091466185735,0.9478091466185735,0.01112935269602989,0.04715453200100368,,,,1.0,1.0,1.0
retained,3.0,11,60.0,1.500943729346917,1.5004018777608477,0.0038368088795478397,1.4526175032674595,0.0258448843196554,0.01779194059105095,0.9976726568960217,9.0,0.9976726568960217,0.9485022887460594,0.9485022887460594,0.00884105589684303,0.0360813627420991,9.0,0.9936228438437151,0.003951647168758447,1.0,1.0,1.0
retained,3.0,11,60.5,1.4997545816237796,1.4990466694747617,0.004919746768916671,1.453408012082052,0.025790343667531586,0.01774473750876474,0.997909534394925,9.0,0.997909534394925,0.9465084195768549,0.9465084195768549,0.007880875172016476,0.040419258144721984,,,,1.0,1.0,1.0
retained,3.0,11,61.0,1.4999455926392453,1.4992520969444227,0.0047166640500785366,1.4545208870776747,0.025939423050817752,0.017833654560254198,0.9976722625943583,9.0,0.9976722625943583,0.9446583865937354,0.9446583865937354,0.016746916354844574,0.03534854816150826,,,,1.0,1.0,1.0
retained,3.0,11,61.5,1.5014480331552713,1.5002579539770753,0.003312560363539353,1.4532923540121483,0.026001023848015788,0.01789111721136767,0.9975525935033202,9.0,0.9975525935033202,0.946224421081716,0.946224421081716,0.009079102084836201,0.039177968228977025,,,,1.0,1.0,1.0
retained,3.0,11,62.0,1.5016165188240778,1.503819566424117,0.005330970299028153,1.4532720563925783,0.025244073111624365,0.01737050747007901,0.9974774942881133,9.0,0.9974774942881133,0.9469659744122011,0.9469659744122011,0.009621971429818368,0.03678686499682849,,,,1.0,1.0,1.0
retained,3.0,11,62.5,1.4964681286289547,1.5016820781387799,0.008491212503002811,1.4528591384050233,0.025431265773345233,0.0175042886822904,0.9973642596799316,9.0,0.9973642596799316,0.9474736661930058,0.9474736661930058,0.019730215288082584,0.03362816958301377,,,,1.0,1.0,1.0
retained,3.0,11,63.0,1.4973944955232148,1.4966176667543922,0.007793586567936124,1.4540701178143889,0.02514010223777028,0.01728947038369672,0.9972057531100175,9.0,0.9972057531100175,0.9465012053161841,0.9465012053161841,0.009392505973733773,0.03486684326909668,,,,1.0,1.0,1.0
retained,3.0,11,63.5,1.5019019941370593,1.4973555766556412,0.0034568528410738263,1.4542969652031712,0.02566324841960249,0.01764649795306231,0.9970844209035591,9.0,0.9970844209035591,0.9460088567363077,0.9460088567363077,0.00980773763394224,0.03970874337047401,,,,1.0,1.0,1.0
retained,3.0,11,64.0,1.5016872334724363,1.5006890003216975,0.0032224087786220743,1.4542035963307787,0.024834072290562944,0.017077438367793785,0.996987893142427,9.0,0.996987893142427,0.9467621806386118,0.9467621806386118,0.01573739487772343,0.043801130985045025,,,,1.0,1.0,1.0
retained,3.0,11,64.5,1.5005397313230455,1.501220952284002,0.004486605605269319,1.4537051038208177,0.02498768850608868,0.017188966620817914,0.9973213903624085,9.0,0.9973213903624085,0.9472870986547207,0.9472870986547207,0.011313149204319299,0.03733976445782453,,,,1.0,1.0,1.0
retained,3.0,11,65.0,1.499406261211316,1.5009178979009246,0.00545570063160569,1.4533305023283325,0.024912993607279003,0.01714200146997997,0.9974914781944866,9.0,0.9974914781944866,0.9479576303166644,0.9479576303166644,0.005578780928234987,0.03811401542671274,9.0,0.9941071826966493,0.005703802819461567,1.0,1.0,1.0
retained,3.0,11,65.5,1.4995311926004156,1.4993001803578896,0.005129204674763146,1.453852207008846,0.02547955644987359,0.017525547870024014,0.9976526882716006,9.0,0.9976526882716006,0.9460320935095847,0.9460320935095847,0.02597916151403282,0.03791983734591321,,,,1.0,1.0,1.0
retained,3.0,11,66.0,1.5003949959852825,1.500479358325934,0.004387913514879194,1.454093432417198,0.02558909316200022,0.017597970385893596,0.9975962667086641,9.0,0.9975962667086641,0.9458257618061642,0.9458257618061642,0.007474329515078005,0.03891657887459265,,,,1.0,1.0,1.0
retained,3.0,11,66.5,1.4992835438936831,1.5023757819414982,0.006123605515126525,1.453512507235972,0.02528757480542963,0.017397562579985624,0.9968859962562268,9.0,0.9968859962562268,0.9468081812318904,0.9468081812318904,0.010757551315158652,0.05212365057403905,,,,1.0,1.0,1.0
retained,3.0,11,67.0,1.4992227439871457,1.4989319584415912,0.005459547578803817,1.453683604295415,0.025369336842207647,0.017451759631356572,0.9969657808213249,9.0,0.9969657808213249,0.9463157826630892,0.9463157826630892,0.014368683119526705,0.048004039823355285,,,,1.0,1.0,1.0
retained,3.0,11,67.5,1.5025603639227352,1.5004727865321175,0.0023377628130866646,1.454467094312581,0.025178565288649396,0.017311196236137222,0.9972980216814233,9.0,0.9972980216814233,0.9437800782071843,0.9437800782071843,0.017434553906161977,0.04049774035219741,,,,1.0,1.0,1.0
retained,3.0,11,68.0,1.499790946544546,1.5039800129482954,0.006655001832912956,1.4532225722003416,0.026006618406664902,0.017895826079337575,0.9974690852679763,9.0,0.9974690852679763,0.9458550965722516,0.9458550965722516,0.013028536969250168,0.03670560957622899,,,,1.0,1.0,1.0
retained,3.0,11,68.5,1.497827677707195,1.4989397455382802,0.00684918381731066,1.4529459683590107,0.02615202297472257,0.017999308676467332,0.9970342340782368,9.0,0.9970342340782368,0.9463420501779269,0.9463420501779269,0.01497829923624203,0.04666476223541315,,,,1.0,1.0,1.0
retained,3.0,11,69.0,1.4993879563286314,1.4994635614341298,0.005270534357604921,1.4525871232261736,0.02519078453355313,0.017342012834042467,0.99730914578192,9.0,0.99730914578192,0.9477405291049229,0.9477405291049229,0.019666108535772275,0.04303954381607492,,,,1.0,1.0,1.0
retained,3.0,11,69.5,1.4991495658809817,1.4998011578901753,0.005520595924788171,1.4533898987112799,0.0253105340770339,0.017414827294091377,0.9973523467077346,9.0,0.9973523467077346,0.9456782326404047,0.9456782326404047,0.02223597459782372,0.03665160995857726,,,,1.0,1.0,1.0
retained,3.0,11,70.0,1.499085499800001,1.4987241637235167,0.005618945118924543,1.4531325513433755,0.025943474417417792,0.017853481014814418,0.9972338108757917,9.0,0.9972338108757917,0.9453732478120485,0.9453732478120485,0.016271036005324525,0.04410428298247374,9.0,0.9939275249035092,0.007029698247316361,1.0,1.0,1.0
retained,3.0,11,70.5,1.5020923777565043,1.4996782333627319,0.002576948181355848,1.4519724924294284,0.025456424930002934,0.017532305234935583,0.9972603583369379,9.0,0.9972603583369379,0.9482992682183149,0.9482992682183149,0.01590422935877882,0.030398436266031777,,,,1.0,1.0,1.0
retained,3.0,11,71.0,1.5023318789311217,1.5034671315882402,0.00464943078704573,1.4536788135740049,0.026159939658113397,0.01799568062342241,0.9974204289558923,9.0,0.9974204289558923,0.9453774945181526,0.9453774945181526,0.027509491375205423,0.03644020928245039,,,,1.0,1.0,1.0
retained,3.0,11,71.5,1.497691832202027,1.5019017954000426,0.007388226220066177,1.4537978602962658,0.02662599976350574,0.018314788108217257,0.9971883709260638,9.0,0.9971883709260638,0.9455715430813236,0.9455715430813236,0.020017825600925538,0.04045952346572549,,,,1.0,1.0,1.0
retained,3.0,11,72.0,1.4983167241338209,1.498558149659491,0.006402971557634722,1.4524500771536075,0.025509698274525518,0.017563218643987636,0.997096953076649,9.0,0.997096953076649,0.9479813896383777,0.9479813896383777,-0.0011246403030696457,0.036082625280979455,,,,1.0,1.0,1.0
retained,3.0,11,72.5,1.502360410973906,1.5017493511280735,0.003256735759633665,1.4539332313112046,0.025391781942015492,0.017464200827926844,0.9967518035131286,9.0,0.9967518035131286,0.944561199926666,0.944561199926666,0.016341429347872628,0.044938420913127955,,,,1.0,1.0,1.0
retained,3.0,11,73.0,1.5007917449023098,1.5004086380115382,0.0039857731785163586,1.4538371426410799,0.024769718813915913,0.01703747833056361,0.9975123256997674,9.0,0.9975123256997674,0.9453886571055838,0.9453886571055838,0.013041347868259565,0.038451726605946084,,,,1.0,1.0,1.0
retained,3.0,11,73.5,1.5014865885132302,1.4991916126559302,0.0031816986992719105,1.4530576006310998,0.026004109061966478,0.017896130924659994,0.9977354359030584,9.0,0.9977354359030584,0.9472698673799671,0.9472698673799671,0.011673064340743122,0.030583539023285627,,,,1.0,1.0,1.0
retained,3.0,11,74.0,1.5020943537130258,1.4996754186788495,0.0025747235210948093,1.4534925245542707,0.025866733621907553,0.017796261889850357,0.9978311103296722,9.0,0.9978311103296722,0.9462084763551889,0.9462084763551889,0.01013624596408532,0.037223897347474416,,,,1.0,1.0,1.0
retained,3.0,11,74.5,1.5020865897474949,1.5002829124020622,0.0027059416185572435,1.4530463893988246,0.025668870934084164,0.017665555016935324,0.9974755902531508,9.0,0.9974755902531508,0.9473620258086567,0.9473620258086567,0.0012228599257163698,0.04254294080231634,,,,1.0,1.0,1.0
retained,3.0,11,75.0,1.5012970733843019,1.5027225727022453,0.004697138119778454,1.4521728458160632,0.025116671852035633,0.01729592446546614,0.997082182221021,9.0,0.997082182221021,0.9491998807656915,0.9491998807656915,0.006370862395777276,0.04671682921913366,9.0,0.9933435602244474,0.006085689663132027,1.0,1.0,1.0
retained,3.0,11,75.5,1.4959830401487584,1.5018550675983144,0.00900483839292859,1.453796847320691,0.025396953775341128,0.01746939665067168,0.9974215045002679,9.0,0.9974215045002679,0.9461479214749383,0.9461479214749383,0.007710824036447888,0.03425655708660812,,,,1.0,1.0,1.0
retained,3.0,11,76.0,1.4987627921951328,1.4967226310501098,0.006492451633676677,1.454314633333216,0.025600942980423157,0.01760344178188394,0.9971890076806372,9.0,0.9971890076806372,0.9456205786509513,0.9456205786509513,0.018200614300316595,0.03329871558835798,,,,1.0,1.0,1.0
retained,3.0,11,76.5,1.5033714797122848,1.4979751015809917,0.0019511841709346281,1.454202723461433,0.025736607693553896,0.01769808794766465,0.997452877250035,9.0,0.997452877250035,0.9466025079533162,0.9466025079533162,0.007251503830789348,0.03321416423198362,,,,1.0,1.0,1.0
retained,3.0,11,77.0,1.500905767858129,1.5003347055786862,0.0038574719829530977,1.453941365268447,0.025291276679328928,0.01739497704892611,0.9972125447419726,9.0,0.9972125447419726,0.9469131491734518,0.9469131491734518,0.008760455910148079,0.03307739180819653,,,,1.0,1.0,1.0
retained,3.0,11,77.5,1.4994330222925472,1.4994635902477946,0.005225468906340887,1.454065546689184,0.02574889145764601,0.017708205463140652,0.9972285213887657,9.0,0.9972285213887657,0.9465915193651793,0.9465915193651793,0.005919557495313164,0.04536448968224881,,,,1.0,1.0,1.0
retained,3.0,11,78.0,1.5007667549716044,1.5005691990815533,0.004051735722772694,1.4545173202601793,0.025827271917819996,0.017756592897223183,0.9976724756831487,9.0,0.9976724756831487,0.945588349515087,0.945588349515087,0.004635947119591778,0.036186044509569554,,,,1.0,1.0,1.0
retained,3.0,11,78.5,1.499100710719787,1.503331467098027,0.006783722494028318,1.4543016912714959,0.026065229201725052,0.017922848717129816,0.9977819268548243,9.0,0.9977819268548243,0.9458403850344465,0.9458403850344465,0.004992627197763115,0.03284312400334141,,,,1.0,1.0,1.0
retained,3.0,11,79.0,1.49806626880671,1.4989497952720994,0.006610501983274363,1.4534784118827406,0.025868440522829966,0.01779760904004187,0.9974483820718516,9.0,0.9974483820718516,0.9476992272491749,0.9476992272491749,0.015004079004327662,0.036269705759781674,,,,1.0,1.0,1.0
retained,3.0,11,79.5,1.499915904467824,1.4977477705766857,0.005035971335748462,1.4533655174885347,0.02603883731937453,0.017916234426953056,0.9970387801891825,9.0,0.9970387801891825,0.9476439042018724,0.9476439042018724,0.006516950974428234,0.04226466772498527,,,,1.0,1.0,1.0
retained,3.0,11,80.0,1.5005218071988295,1.4996246544735568,0.004140682986591864,1.4531683223102276,0.025406429098231154,0.017483472979813067,0.9964739212999159,9.0,0.9964739212999159,0.9478375707831246,0.9478375707831246,0.008107224519690832,0.04569052780314421,9.0,0.9940855130912988,0.00645924943943075,1.0,1.0,1.0
retained,3.0,11,80.5,1.5020407356435659,1.5007183317999189,0.0029124310441345537,1.4535897884156397,0.02535274879993926,0.017441474205437863,0.9966282338520851,9.0,0.9966282338520851,0.9477116822152457,0.9477116822152457,0.022604783951411227,0.03951502103643169,,,,1.0,1.0,1.0
retained,3.0,11,81.0,1.498096533929249,1.502253900570878,0.007139137857771646,1.4531442524527074,0.026036609917286187,0.017917429651832552,0.9969163151169658,9.0,0.9969163151169658,0.9491193510445731,0.9491193510445731,0.0268744724908299,0.036911593261892035,,,,1.0,1.0,1.0
retained,3.0,11,81.5,1.4970465333488372,1.4974344107230615,0.007872122652462362,1.453883034423506,0.026221676172571026,0.01803561603768796,0.9971709431668668,9.0,0.9971709431668668,0.9480456485281634,0.9480456485281634,0.024174878533323917,0.03814900988553759,,,,1.0,1.0,1.0
retained,3.0,11,82.0,1.5018138516805368,1.495475242236651,0.004881014880322336,1.4545215671931677,0.025294304706855147,0.017390120076161055,0.9974430977099681,9.0,0.9974430977099681,0.9475536746326638,0.9475536746326638,-0.004698046348563441,0.042793864173069796,,,,1.0,1.0,1.0
retained,3.0,11,82.5,1.50245720765885,1.5003013146642403,0.0023631390598840844,1.4534791856249625,0.025405093630119998,0.01747881488870196,0.997500570966613,9.0,0.997500570966613,0.949233450569912,0.949233450569912,0.012971188954175166,0.03729581854426807,,,,1.0,1.0,1.0
retained,3.0,11,83.0,1.500117632921707,1.5003255157384858,0.004626029607951478,1.4534986711653939,0.025559905093931804,0.017585090100865553,0.9975760605954154,9.0,0.9975760605954154,0.9488985559562171,0.9488985559562171,0.0114723892631321,0.040260806312943674,,,,1.0,1.0,1.0
retained,3.0,11,83.5,1.501244176063083,1.4987035236789474,0.003493150773444845,1.4544285707414044,0.025357032833627443,0.0174343610567974,0.9975942886532135,9.0,0.9975942886532135,0.9471081129824185,0.9471081129824185,0.012633563233732404,0.04149753405924951,,,,1.0,1.0,1.0
retained,3.0,11,84.0,1.503210454969373,1.5008849795583559,0.0020444564377395877,1.453331231759419,0.02573727808867103,0.017709161907649363,0.9974816476189245,9.0,0.9974816476189245,0.9489511343594251,0.9489511343594251,0.019389869327929667,0.039775416346502473,,,,1.0,1.0,1.0
retained,3.0,11,84.5,1.500116701921485,1.5042509540643223,0.006614876542160798,1.4540573088436708,0.025172988186585966,0.017312239368752674,0.9974768239947719,9.0,0.9974768239947719,0.9485148956931023,0.9485148956931023,0.013189382780643766,0.0319184540589555,,,,1.0,1.0,1.0
retained,3.0,11,85.0,1.4973472082390447,1.5002203038028852,0.007352581072646306,1.4545727789917333,0.025791012100310696,0.017730987732486138,0.9971802331627299,9.0,0.9971802331627299,0.9480068326018061,0.9480068326018061,0.00020024850685399276,0.04442777039467168,9.0,0.9950465666012386,0.0046335519930396024,1.0,1.0,1.0
retained,3.0,11,85.5,1.5007069777026876,1.4990045711366493,0.003975569904437687,1.4544362084846867,0.025183669352927776,0.017315073157567726,0.9964175952689164,9.0,0.9964175952689164,0.9487728475208792,0.9487728475208792,0.016404510464640126,0.048936688205148536,,,,1.0,1.0,1.0
retained,3.0,11,86.0,1.503111514771688,1.499867642752866,0.0016045067459445304,1.4542391947866555,0.02567882494404289,0.01765791008528697,0.9969559343835727,9.0,0.9969559343835727,0.9482731092167048,0.9482731092167048,0.011984568531783828,0.03715786135501162,,,,1.0,1.0,1.0
retained,3.0,11,86.5,1.5021544450859599,1.5021995159641608,0.0037250100960176946,1.4547266186589367,0.025354441589746833,0.017429007804311874,0.9974681778735024,9.0,0.9974681778735024,0.9470888265790012,0.9470888265790012,0.009840079934746697,0.03634430763836491,,,,1.0,1.0,1.0
retained,3.0,11,87.0,1.499682990999212,1.5019979146808824,0.005593702096404862,1.4554022015781103,0.026147519548933296,0.017965837567499365,0.9977236271015159,9.0,0.9977236271015159,0.9452317845759814,0.9452317845759814,0.01832600150038551,0.04392680761229854,,,,1.0,1.0,1.0
retained,3.0,11,87.5,1.4985890613681865,1.5002961633637684,0.006129238939161764,1.4536609841137993,0.026024258924557897,0.017902564084034463,0.9977220080550154,9.0,0.9977220080550154,0.9481607834530221,0.9481607834530221,0.00821288373746066,0.036863049774763575,,,,1.0,1.0,1.0
retained,3.0,11,88.0,1.5000730339519759,1.4991723163981143,0.004593315917551658,1.4539919655723426,0.026057109404339626,0.017921082111401233,0.997862580089167,9.0,0.997862580089167,0.9468726556532046,0.9468726556532046,-0.0016032669899734852,0.054839487121863824,,,,1.0,1.0,1.0
retained,3.0,11,88.5,1.5005593613544455,1.5018249758014053,0.004741582915754659,1.4538628996365495,0.025922955563446124,0.01783039898048612,0.9974651881040191,9.0,0.9974651881040191,0.9472047633508835,0.9472047633508835,0.013027995640783479,0.0465308059660005,,,,1.0,1.0,1.0
retained,3.0,11,89.0,1.4976923749068751,1.4999998139425172,0.006988394262171282,1.451747377687035,0.025725966039420217,0.017720690551828344,0.9973348128539383,9.0,0.9973348128539383,0.9504344600042938,0.9504344600042938,0.016503845097410597,0.037609049432097495,,,,1.0,1.0,1.0
retained,3.0,11,89.5,1.5006130302330092,1.4977041718139887,0.004402760732634798,1.4539907362357576,0.024993923096736353,0.017189877812731614,0.9974642507930018,9.0,0.9974642507930018,0.9460792895547588,0.9460792895547588,0.027797790679984464,0.04620868607844463,,,,1.0,1.0,1.0
retained,3.0,11,90.0,1.505131437742517,1.5001786440131732,0.0008756964818124087,1.4533175501390954,0.025128082430759594,0.017290152746283573,0.9974218110686214,9.0,0.9974218110686214,0.9481632876387661,0.9481632876387661,0.01586218395008356,0.029964639352277646,9.0,0.9941146918766159,0.004720221694264119,1.0,1.0,1.0
retained,3.0,11,90.5,1.5016396993994228,1.50415400756034,0.005596329054690497,1.454231967196723,0.025132945646747035,0.01728262492757261,0.997596034292429,9.0,0.997596034292429,0.9459540134368927,0.9459540134368927,2.9769507067692657e-05,0.037787027643678237,,,,1.0,1.0,1.0
retained,3.0,11,91.0,1.4993208190142038,1.501764907160255,0.005821310730457107,1.4537295947189246,0.025683778378843627,0.017667507404504294,0.9971056248231336,9.0,0.9971056248231336,0.9468788099019142,0.9468788099019142,0.017324644145577956,0.04861245241440752,,,,1.0,1.0,1.0
retained,3.0,11,91.5,1.5000134135969467,1.4990208795724789,0.0046640527788738536,1.4537502532309414,0.02554211821107892,0.017569811702052598,0.9973524794143157,9.0,0.9973524794143157,0.9459468705275091,0.9459468705275091,0.015193746872044805,0.042163164811949184,,,,1.0,1.0,1.0
retained,3.0,11,92.0,1.4995674530676235,1.5005317458696457,0.005206385937208284,1.4535855868888452,0.02536052594114546,0.017446874934571543,0.9975886584098892,9.0,0.9975886584098892,0.9464042958781663,0.9464042958781663,0.007497900306483467,0.037554790214550875,,,,1.0,1.0,1.0
retained,3.0,11,92.5,1.5004798932999643,1.4994261710681624,0.00417858071053243,1.4537043485304348,0.025923511379960497,0.017832726032749952,0.9980133990947074,9.0,0.9980133990947074,0.9454614639179688,0.9454614639179688,0.013486002231651294,0.04153704397758077,,,,1.0,1.0,1.0
retained,3.0,11,93.0,1.5004606125346693,1.4993904394000928,0.0041981453785523825,1.4534322937187893,0.025341163866517906,0.01743539343114453,0.9976670638802205,9.0,0.9976670638802205,0.9461857493040524,0.9461857493040524,0.013656963944550711,0.038381223321581164,,,,1.0,1.0,1.0
retained,3.0,11,93.5,1.501630466856979,1.500308158745959,0.0031495152240530997,1.454267611020353,0.02582552045802363,0.01775843748586531,0.9976940880255094,9.0,0.9976940880255094,0.9442173489495224,0.9442173489495224,0.010453379634829384,0.04282218804441521,,,,1.0,1.0,1.0
retained,3.0,11,94.0,1.5003993225301464,1.5015397039903535,0.004747825753795517,1.4537013994106318,0.02582822717883959,0.01776721628617199,0.9972127890495458,9.0,0.9972127890495458,0.9464085445275218,0.9464085445275218,0.001607275371524241,0.0494320808308559,,,,1.0,1.0,1.0
retained,3.0,11,94.5,1.4986942205741978,1.5031498833104924,0.007023017889594755,1.453467305606905,0.025635578887195073,0.01763753390826412,0.9970148405976529,9.0,0.9970148405976529,0.9461521461613708,0.9461521461613708,0.009038868238340384,0.04035175883671432,,,,1.0,1.0,1.0
retained,3.0,11,95.0,1.4991771435838481,1.49884469184582,0.005513715401092335,1.4530809677462728,0.02584071437241796,0.017783396070830713,0.9968955601087319,9.0,0.9968955601087319,0.9470248555456744,0.9470248555456744,0.0037253875404127906,0.03728847308933315,9.0,0.9939991190216753,0.007302040564571809,1.0,1.0,1.0
retained,3.0,11,95.5,1.503194459904363,1.4981145120224333,0.0019760101896958114,1.4536012516452395,0.02583764393432658,0.017774918606517833,0.9973396534274915,9.0,0.9973396534274915,0.946154007181964,0.946154007181964,0.014930727237590993,0.024773199577976523,,,,1.0,1.0,1.0
retained,3.0,11,96.0,1.5028089683997552,1.502631799344045,0.003687472581316762,1.4530433157196672,0.025228538500149993,0.0173625508800849,0.9975555747211291,9.0,0.9975555747211291,0.9469300363355687,0.9469300363355687,0.009804909126925372,0.03561644957009318,,,,1.0,1.0,1.0
retained,3.0,11,96.5,1.498288758481224,1.5001687332138114,0.006411046890826915,1.4534001188128214,0.025465027390050507,0.01752100268909505,0.9974622918614676,9.0,0.9974622918614676,0.9462175027147118,0.9462175027147118,0.001441245759090326,0.04788980105939003,,,,1.0,1.0,1.0
retained,3.0,11,97.0,1.5013202229537428,1.4980816512553428,0.0036046351157873503,1.453289191380235,0.025395890218265403,0.01747476714813114,0.9975039335380284,9.0,0.9975039335380284,0.9458238705091293,0.9458238705091293,0.0057308187342747325,0.04955568918217974,,,,1.0,1.0,1.0
retained,3.0,11,97.5,1.5009783559879106,1.502188207556659,0.004592003340139942,1.4535025888944613,0.02542909384497529,0.017495045443514993,0.9974822716588658,9.0,0.9974822716588658,0.9454584391851468,0.9454584391851468,0.025652835139280072,0.03251711135386426,,,,1.0,1.0,1.0
retained,3.0,11,98.0,1.4963412947823087,1.5014342378842842,0.008552502338239922,1.4535704254997537,0.025708323014888512,0.017686327792511124,0.9975900893638496,9.0,0.9975900893638496,0.9456471164775908,0.9456471164775908,0.01994326811386912,0.04398917986325315,,,,1.0,1.0,1.0
retained,3.0,11,98.5,1.498281891833016,1.4954351505702945,0.00753078191987536,1.4539544654593306,0.026274484083306116,0.018071050165250898,0.9974472517472986,9.0,0.9974472517472986,0.9454421335820204,0.9454421335820204,0.017066872865876402,0.029104058707573793,,,,1.0,1.0,1.0
retained,3.0,11,99.0,1.502738211948879,1.497502430148221,0.002729096714685587,1.4533371659264096,0.02634944177862288,0.0181303020361602,0.9971733383685228,9.0,0.9971733383685228,0.9467777990928645,0.9467777990928645,0.015798364809161934,0.034551695984412864,,,,1.0,1.0,1.0
retained,3.0,11,99.5,1.501336662436123,1.4991132750499871,0.0033379766270266683,1.4540338128724455,0.02617908614688408,0.0180044548586991,0.9968152333416594,9.0,0.9968152333416594,0.9455987765256048,0.9455987765256048,0.008095151947286702,0.03532761457930891,,,,1.0,1.0,1.0
retained,3.0,11,100.0,1.499423561945726,1.5027416386539099,0.0061881951529858086,1.4533556219263692,0.025031303154516467,0.017223109593327474,0.9973456825356949,9.0,0.9973456825356949,0.9475641724371431,0.9475641724371431,0.0038203750277571212,0.028012628184356844,9.0,0.9941183038025372,0.005869846105708825,1.0,1.0,1.0
removed,3.0,11,0.0,1.5046584452457459,1.4994416756106912,0.0,1.4548368273342134,0.024997351174848803,0.017182237007742636,0.9974593905290976,9.0,0.9974593905290976,0.944696596282809,0.944696596282809,0.020708208745544073,0.03970850568618222,9.0,0.9951170439782884,0.005485817795259356,1.0,1.0,1.0
removed,3.0,11,0.5,1.5060832998636053,1.5027949529919153,0.003643443409395147,2.496792032824653,0.14361762004234613,0.057520858026717456,0.4984111700964009,9.0,0.4984111700964009,-0.2754297719941579,0.2754297719941579,0.8362146517732552,0.07651967110514458,,,,1.0,0.0,0.0
removed,3.0,11,1.0,1.4562933081549385,1.508636195765579,0.04923134861743306,3.397556278169344,0.38741318908531336,0.11402701158317755,0.521395735312087,9.0,0.521395735312087,-0.6569325248134434,0.6569325248134434,0.35478792850058993,0.0919838760960543,,,,1.0,0.0,0.0
removed,3.0,11,1.5,1.701184057321301,1.5253855594235866,0.1982306770128393,3.7019025989829317,1.1072182212326918,0.29909436880832335,0.2946415379032737,13.0,0.39015644853535236,-0.4150246247825145,0.4150246247825145,0.13164419116853246,0.13678057256214143,,,,1.0,0.0025,0.0025
removed,3.0,11,2.0,1.6155643658926881,1.9854819881636145,0.4985331570327988,3.990222918105737,1.796640133730203,0.45026059210323893,0.14640166524059384,8.0,0.39415112390385243,-0.2951324640097579,0.2951324640097579,0.3135050386457841,0.19922693264177593,,,,1.0,0.0425,0.0425
removed,3.0,11,2.5,1.8444750436459347,2.130304434568199,0.7165634243999297,4.381795227982926,1.9836844546921897,0.4527104420635695,0.26728737363402877,11.0,0.43271171649071605,-0.4057435440211593,0.4057435440211593,0.038061905479576774,0.010986285308490731,,,,1.0,0.0375,0.0375
removed,3.0,11,3.0,2.2932983679466634,1.8399965925371276,0.8590288581418445,4.3397205267173,2.0686338103753283,0.47667443044773844,0.32857400021652605,15.0,0.40912141507659183,-0.08899684718986918,0.08899684718986918,-0.05779052787941987,0.18962877092659156,,,,1.0,0.0555,0.0555
removed,3.0,11,3.5,1.8970681820317052,1.8875730818613772,0.5519342261923615,4.208280705990841,2.061989303395098,0.4899837837480002,0.37040251812415936,5.0,0.39106214450341614,-0.11400621534373803,0.11400621534373803,-0.0578729321893036,0.10476379094143719,,,,1.0,0.041,0.041
removed,3.0,11,4.0,2.0908901956296946,1.6024657337574741,0.5952156094351525,4.186295950516815,2.1565848009340294,0.5151534498338061,0.1462575131307419,6.0,0.3348327273840531,0.010925207101808,0.010925207101808,0.02650926146929156,0.16245476008583734,,,,1.0,0.112,0.112
removed,3.0,11,4.5,2.028422783821956,1.6748233211802828,0.5523475391154313,4.275882330129342,2.111848101208178,0.49389761882065086,0.20544032826767192,4.0,0.4115275665338603,-0.15919596382107482,0.15919596382107482,-0.09067899225630763,0.17113382394123533,,,,1.0,0.049,0.049
removed,3.0,11,5.0,1.9147228670672647,1.4278856996847635,0.4162608409813833,4.182214577472965,2.26741179345837,0.5421557769110013,0.09748570474386636,4.0,0.35479370182241154,0.005913338582373777,0.005913338582373777,0.10926387714047639,0.13501987972547125,14.0,2.9806935161838832,1.9480969068434977,1.0,0.0855,0.0855
removed,3.0,11,5.5,1.8875072899507783,1.4489348469402232,0.3861659975118551,4.247272829729552,2.119636460326512,0.4990582299045482,0.2580725267529084,4.0,0.38727362272172994,-0.12655940842630076,0.12655940842630076,-0.0788767878502686,0.057908818460676324,,,,1.0,0.06,0.06
removed,3.0,11,6.0,1.9744705603314219,1.5430039324479472,0.47182739821043834,4.172776391781844,2.203086830249028,0.5279666637752122,0.15193155670974648,4.0,0.40693878841220393,0.041208946036699355,0.041208946036699355,0.07324778145456905,0.06028070768509918,,,,1.0,0.069,0.069
removed,3.0,11,6.5,2.2058974693548743,1.1895730301053664,0.7666516460562955,4.319922771172403,2.087076396271247,0.4831281730772298,0.11351504740204102,4.0,0.42602566811384723,-0.028541334158669943,0.028541334158669943,-0.037381253726206626,0.19622264577955897,,,,1.0,0.052,0.052
removed,3.0,11,7.0,2.073784643420165,1.3594970455778175,0.5860794561520699,4.388345777392218,2.146829727430454,0.4892116155683181,0.23147412487302985,4.0,0.39798220841907406,-0.2800581352286356,0.2800581352286356,-0.01926832743109761,0.1589306528491224,,,,1.0,0.064,0.064
removed,3.0,11,7.5,2.2642325008783337,1.2367386563659282,0.8037198655691248,4.2933527460394965,2.129748947673729,0.4960572945324294,0.15112040968797535,4.0,0.3924199722495069,0.14530178853770878,0.14530178853770878,0.22436734698174887,0.0989344324622204,,,,1.0,0.0775,0.0775
removed,3.0,11,8.0,2.0943792200655116,1.231538620626837,0.6477211121491308,4.391610084843341,2.154604349202602,0.4906183171039561,0.10465048423510913,4.0,0.3613339600637137,-0.09339407354072987,0.09339407354072987,-0.15120089415917212,0.05015623981548721,,,,1.0,0.055,0.055
removed,3.0,11,8.5,2.3207196385587725,1.0630687018586242,0.9254065287497724,4.4575086678871525,2.2029178933772515,0.49420383840137966,0.10484307136206428,4.0,0.3949141471465599,-0.04429277605960947,0.04429277605960947,0.10364281841173287,0.0848080889000524,,,,1.0,0.049,0.049
removed,3.0,11,9.0,2.012273074581085,1.2224552504343242,0.5782681831531428,4.440568510701456,2.158755535999745,0.4861439544953077,0.14543337031984613,4.0,0.38418812236784516,-0.11055081549158345,0.11055081549158345,0.013896697232053596,0.10518974979730479,,,,1.0,0.044,0.044
removed,3.0,11,9.5,2.089752532822132,1.2406193510499388,0.6397844066620217,4.474839091499556,2.2661671161284858,0.5064242690722258,0.12463177001888953,4.0,0.3672507123569261,-0.0959609667204344,0.0959609667204344,-0.0174919578143622,0.1016144728136636,,,,1.0,0.038,0.038
removed,3.0,11,10.0,2.0218791145063326,1.1846088098323388,0.6055055359652621,4.506977443225566,2.2767075014322367,0.5051517408533637,0.07649005029302454,4.0,0.41312517083115036,-0.10951599297852806,0.10951599297852806,0.14363753860896009,0.02747631545939368,14.0,2.6802618487834136,2.235951469967914,1.0,0.0335,0.0335
removed,3.0,11,10.5,2.074384207833093,1.1167658513214462,0.6863149649040063,4.496632664429205,2.372311736781877,0.5275751687586459,0.06474210484204021,4.0,0.4041485941386448,0.059394795815212814,0.059394795815212814,0.004005242977827531,0.12393033380160126,,,,1.0,0.0355,0.0355
removed,3.0,11,11.0,2.1890420107665816,1.2259677903227288,0.7369998851353409,4.6235270676330495,2.418053800191585,0.5229890005660709,0.05121393074535545,4.0,0.37393064463661063,-0.1156343934105316,0.1156343934105316,0.011475449712561158,0.14551866585132153,,,,1.0,0.032,0.032
removed,3.0,11,11.5,2.168887162899308,1.0911627534887824,0.7796739495486067,4.59258714781118,2.453728588001673,0.5342802453234048,0.07441342744854798,4.0,0.42619964642911246,0.02573506557346365,0.02573506557346365,0.08322885361797133,0.16177308648009311,,,,1.0,0.0275,0.0275
removed,3.0,11,12.0,2.3805393250854,1.0261448444901973,0.9955788296349959,4.732599250046852,2.524926803808913,0.5335179824879355,0.09096886249322854,4.0,0.38541900261363393,-0.07826899691596845,0.07826899691596845,-0.09728641017478362,0.1623657023010536,,,,1.0,0.025,0.025
removed,3.0,11,12.5,2.471991927600616,0.9581994052750744,1.1084571535620367,4.809820768054656,2.603459091332605,0.5412798557118752,0.08568032223591297,4.0,0.423787057279709,-0.10277086966466019,0.10277086966466019,0.17934255309721983,0.10152068679914573,,,,1.0,0.024,0.024
removed,3.0,11,13.0,2.477456356870507,0.7748221101177736,1.2130166081124534,4.74289567557348,2.7322528514988984,0.5760727282217804,0.033869150863462545,4.0,0.4198295320583485,0.1647162719821991,0.1647162719821991,-0.03652612778632948,0.04054949388994124,,,,1.0,0.0235,0.0235
removed,3.0,11,13.5,2.6623961556673343,0.7941695837581191,1.3556420359661043,4.980995812294969,2.802364862686106,0.56261136694169,0.05160328035289672,4.0,0.35301982563715384,-0.19465337226008633,0.19465337226008633,-0.08038572299463735,0.12839510193724193,,,,1.0,0.023,0.023
removed,3.0,11,14.0,2.626947984133318,0.47024797803095214,1.5227519417929942,4.933359571570343,2.9092327778891858,0.5897062104806491,0.09557750717816021,4.0,0.40797448655888174,0.03985615718924119,0.03985615718924119,0.14674920679099102,0.2291036879782993,,,,1.0,0.0195,0.0195
removed,3.0,11,14.5,2.886206507905682,0.559634429875881,1.670901765088263,5.116693435495525,3.0158192324826816,0.589407841314342,0.07087411062684691,4.0,0.3576543328630607,-0.06752047375487785,0.06752047375487785,-0.0794595805730014,0.29856062796956245,,,,1.0,0.0175,0.0175
removed,3.0,11,15.0,2.7929336684090824,0.2650964459244693,1.7841696098369337,5.122246457877702,3.1558681861595255,0.6161101798032371,0.08612708456199934,3.0,0.3633838676580972,-0.01971379977790944,0.01971379977790944,0.033277958330259476,0.28576625670863076,16.0,2.153480901123737,2.063163266240556,1.0,0.021,0.021
removed,3.0,11,15.5,2.962272264896396,0.2273722210402253,1.9346314234209472,5.332960287701758,3.287353925773544,0.616421977368639,0.06260470882577232,3.0,0.3703156734673841,-0.1989667054490456,0.1989667054490456,0.047744250917455475,0.18325202498240287,,,,1.0,0.0195,0.0195
removed,3.0,11,16.0,2.9798421785859217,0.04250185855830894,2.0733645790415367,5.261879197729067,3.44320205289278,0.6543673701932959,0.13257150155304806,5.0,0.37377352714765105,0.20712542860801256,0.20712542860801256,0.12583245475889937,0.07668144400696839,,,,1.0,0.021,0.021
removed,3.0,11,16.5,3.057200843791957,-0.0919107497147088,2.2232387278186425,5.549191466827666,3.5763159462334357,0.6444751397770613,0.1443201211895277,3.0,0.4393706820633184,-0.20362426296294053,0.20362426296294053,-0.2502374418864299,0.21544210949184145,,,,1.0,0.0235,0.0235
removed,3.0,11,17.0,3.0565129369882253,-0.3178769767871644,2.389748825273164,5.602975992685557,3.723628711920817,0.6645805223477405,0.18974614380039379,3.0,0.3967918390084165,-0.10293175852339934,0.10293175852339934,0.2750219726736357,0.3301432520048633,,,,1.0,0.014,0.014
removed,3.0,11,17.5,3.0986453592266043,-0.36276407652073306,2.4512455089634706,5.629743100395324,3.9023643934325536,0.6931691773215242,0.1867395630270818,3.0,0.4099525902451092,0.11308088487453682,0.11308088487453682,0.0009654280976042457,0.30669741118648636,,,,1.0,0.0125,0.0125
removed,3.0,11,18.0,3.013192304810417,-0.6077360099935869,2.5914999911560264,5.780052442426769,4.128006716035838,0.7141815333257917,0.12499028194635156,3.0,0.41268447489450666,-0.10326175706382476,0.10326175706382476,-0.11938084122850683,0.18697372497851916,,,,1.0,0.011,0.011
removed,3.0,11,18.5,3.210474743632173,-0.7872399630455904,2.8528445734754895,6.045790739376491,4.186140133341368,0.6924057271907974,0.23847706865241067,3.0,0.43442346988357045,-0.19429519760441014,0.19429519760441014,0.18261103232115683,0.12877158876157316,,,,1.0,0.003,0.003
removed,3.0,11,19.0,2.973791642371707,-0.844987242813827,2.7667127253191115,5.877998847079972,4.518468743421885,0.7687086814701463,0.17853593024661163,3.0,0.4114709720235677,0.12831115098647056,0.12831115098647056,-0.0065156886320756734,0.18120717315344162,,,,1.0,0.0065,0.0065
removed,3.0,11,19.5,3.1251140538506177,-1.2286404130726623,3.1730597633914672,6.289369377009378,4.611530369332933,0.7332261937405457,0.10702068223165134,4.0,0.4232831520331501,-0.15939723564290215,0.15939723564290215,-0.01724165270627839,0.16736802562605296,,,,1.0,0.006,0.006
removed,3.0,11,20.0,3.076378156053243,-1.1201864029726976,3.0549556657083095,6.236769802906404,4.844796456378563,0.7768118127625673,0.19436995262670112,3.0,0.44219674942924647,-0.11268782336139566,0.11268782336139566,0.0706687111502607,0.08467932208567348,14.0,2.349184803097001,2.1442066303095,1.0,0.006,0.006
removed,3.0,11,20.5,2.911860764207535,-1.3818552763297405,3.20656989503623,6.267968788273691,5.090527123715626,0.8121494052808848,0.09576328148746398,4.0,0.4494683880920064,0.09522308740695005,0.09522308740695005,0.0985818326548592,0.06857911799347018,,,,1.0,0.006,0.006
removed,3.0,11,21.0,2.9543823468398456,-1.4265883725060005,3.2654787142676325,6.475196002937171,5.2803390707771385,0.8154716966686351,0.08348488572609211,4.0,0.4869233632156205,-0.1980322686385293,0.1980322686385293,-0.15909787590478935,0.22232756655794414,,,,1.0,0.0055,0.0055
removed,3.0,11,21.5,2.842410348326698,-1.5024996297283755,3.286522745227473,6.427021092726641,5.525660845146553,0.8597545838771024,0.05650145959351845,4.0,0.4714923401637972,0.003614488877693228,0.003614488877693228,0.28118627571194804,0.3086666640559482,,,,1.0,0.007,0.007
removed,3.0,11,22.0,2.755031780527693,-1.5760386704746343,3.319941691768278,6.533184392219624,5.775028537487148,0.8839530909864775,0.08774341812025616,4.0,0.42728123562401754,-0.04939132392124213,0.04939132392124213,-0.07842968958264157,0.25276299062966934,,,,1.0,0.004,0.004
removed,3.0,11,22.5,2.699541317692348,-1.6551272718814563,3.373284797248515,6.593231273904725,6.023112953948662,0.9135297555521026,0.0764646815083738,4.0,0.5523467033809487,-0.02457015923361005,0.02457015923361005,0.10772531065140299,0.1464991824027748,,,,1.0,0.0055,0.0055
removed,3.0,11,23.0,2.637747750145313,-1.778088428176925,3.4678660519275897,6.762362794701559,6.207801865437719,0.9179930231341108,0.14690060493806742,4.0,0.41115352473218497,-0.11954452017550421,0.11954452017550421,-0.019997730367922954,0.10739529608580652,,,,1.0,0.0055,0.0055
removed,3.0,11,23.5,2.459502995782512,-1.6844503985642392,3.3239880949972878,6.684853578711896,6.544802627529865,0.9790495110277319,0.018459698051586586,4.0,0.4583923200640118,-0.004724309651333847,0.004724309651333847,0.20116140007549185,0.16864204668852287,,,,1.0,0.0045,0.0045
removed,3.0,11,24.0,2.4526110863272743,-1.9378714809622206,3.5656326151305433,6.917025664017743,6.7342290478466404,0.9735729452151656,0.19739475518149124,4.0,0.4430454052931378,-0.02629347551634855,0.02629347551634855,-0.14456857096313833,0.22042161367224025,,,,1.0,0.006,0.006
removed,3.0,11,24.5,2.430720570229658,-1.8920204779297558,3.515623216191821,7.047030679068122,6.9585451941852146,0.9874435788756054,0.09436017023455326,4.0,0.455095888504563,-0.23894392166626285,0.23894392166626285,0.18396143500572684,0.13331303785580648,,,,1.0,0.002,0.002
removed,3.0,11,25.0,2.173687300469647,-1.917095332900944,3.4814256763073135,6.860351107731705,7.332522046346673,1.068826060240973,0.18443951156987984,4.0,0.41692631760260696,0.19610607291575302,0.19610607291575302,0.02389055086578216,0.18199708971306408,14.0,2.3607866737069725,2.3520844833395964,1.0,0.006,0.006
removed,3.0,11,25.5,2.2862331845814903,-2.1341523155567756,3.7167007366501887,7.301643674643668,7.471321918641953,1.0232383626973642,0.2207421499369637,4.0,0.43657754333645615,-0.22291297262777468,0.22291297262777468,0.023164796297000436,0.22865778977047393,,,,1.0,0.0065,0.0065
removed,3.0,11,26.0,2.053224541535702,-2.021491470717352,3.5634105829823057,7.151038794043045,7.81803312382033,1.0932723690903345,0.14666674382433267,4.0,0.4439035966997709,-0.04489315214629311,0.04489315214629311,0.11462499831597858,0.18621705354534573,,,,1.0,0.0075,0.0075
removed,3.0,11,26.5,1.9926005856095357,-2.1493491333291037,3.681271777490263,7.208514260669983,8.10018030173557,1.1236962304327485,0.17581941602246337,4.0,0.41085703961756265,0.07532429798143446,0.07532429798143446,-0.022608784766908537,0.08617663376063574,,,,1.0,0.0085,0.0085
removed,3.0,11,27.0,1.9609628616245816,-2.2232994849600867,3.7506020142124776,7.46908716583898,8.333445346747242,1.1157247414197464,0.23193983328347098,4.0,0.4406432526234948,-0.2432475848837102,0.2432475848837102,0.0916345288239497,0.11632985007528661,,,,1.0,0.0145,0.0145
removed,3.0,11,27.5,1.7272415541218036,-2.1633498320672464,3.6695483194903633,7.2906561991280405,8.691522433250638,1.1921454250291135,0.14894191986949246,4.0,0.40781483538005237,0.043876451733954325,0.043876451733954325,0.017098949415725023,0.1240728264160403,,,,1.0,0.0115,0.0115
removed,3.0,11,28.0,1.754502459113967,-2.2420976044559953,3.7498717598802926,7.443452897314792,8.959759934168334,1.2037101675487927,0.24199123743164958,4.0,0.4135290098398318,-0.016591529016453208,0.016591529016453208,0.08506825945460787,0.03221871123020381,,,,1.0,0.017,0.017
removed,3.0,11,28.5,1.5579514387050393,-2.2967941585133804,3.7966098892880127,7.611428424758624,9.243819066523724,1.214465741601829,0.2673385496095659,4.0,0.4028058495664293,-0.1998445775066786,0.1998445775066786,0.09625923513624533,0.11531212323252141,,,,1.0,0.006,0.006
removed,3.0,11,29.0,1.4054818784543783,-2.1889390691517105,3.689713879115096,7.379905505777267,9.635261415246914,1.3056076948009794,0.22905781417410434,12.0,0.38719726838130286,0.13706905822420606,0.13706905822420606,-0.06066473565145355,0.2608241844675157,,,,1.0,0.017,0.017
removed,3.0,11,29.5,1.441891223642666,-2.3252138616747984,3.8251705456092187,7.771906328810019,9.854172461143659,1.267922185914001,0.3103048590140722,4.0,0.4122444919024898,-0.2775154863707328,0.2775154863707328,0.23009337958261009,0.36150704046279714,,,,1.0,0.0015,0.0015
removed,3.0,11,30.0,1.12147579823358,-2.2169869019884487,3.736130392982399,7.5140802838956295,10.27670903306622,1.3676602651014427,0.3663160477328259,8.0,0.43133222384748493,0.11666177050195009,0.11666177050195009,-0.10121511148719697,0.34094773298918796,13.0,2.4479399740505476,2.7159413317913645,1.0,0.0095,0.0095
removed,3.0,11,30.5,1.207209859715258,-2.2937899104551787,3.8048760198673865,7.762762768053155,10.52041200679265,1.3552406947289843,0.3205063000205485,4.0,0.3861601659614132,-0.13075869469224097,0.13075869469224097,0.10121099151973066,0.18682735554289326,,,,1.0,0.001,0.001
removed,3.0,11,31.0,1.0982258077813236,-2.3173915878381366,3.8384116050478116,7.866958064755211,10.847070561160479,1.3788138276415227,0.46346002407816167,9.0,0.46346002407816167,-0.1272783387560244,0.1272783387560244,0.055268718330189,0.04914032576220749,,,,1.0,0.0075,0.0075
removed,3.0,11,31.5,0.9802076725551124,-2.287461543095671,3.82304650780296,7.863085544800162,11.182115663276447,1.4221027610046988,0.2997442552001366,8.0,0.3738750782978513,0.055943140134386025,0.055943140134386025,0.17437936657081604,0.1340543415012232,,,,1.0,0.0025,0.0025
removed,3.0,11,32.0,0.9012811431666791,-2.4148250509133966,3.960498475575746,8.13969733461268,11.46684167137395,1.4087552890465784,0.4364099884266861,9.0,0.4364099884266861,-0.2419325011057249,0.2419325011057249,-0.1460142954654698,0.2248811317615452,,,,1.0,0.0145,0.0145
removed,3.0,11,32.5,0.9513313438475484,-2.3436822243145996,3.8827531715676584,8.036116022369553,11.803351734103614,1.4687881186940905,0.36181354838513324,13.0,0.41990555636017335,0.1470764393124149,0.1470764393124149,0.4026596094105539,0.30317531835174144,,,,1.0,0.0015,0.0015
removed,3.0,11,33.0,0.7017836868899509,-2.5069899423501174,4.086086414529304,8.479487832234282,12.094214826869143,1.4262907225237926,0.35752969963903236,8.0,0.44253150112376516,-0.3409587645123893,0.3409587645123893,-0.18445316708841425,0.3325162410234931,,,,1.0,0.002,0.002
removed,3.0,11,33.5,0.8064801852613351,-2.4148096009212465,3.9760301732440064,8.254730093413945,12.439473283587906,1.5069509411958566,0.3954612485307381,9.0,0.3954612485307381,0.1457974055933205,0.1457974055933205,0.20484799284265987,0.29931490013433154,,,,1.0,0.0075,0.0075
removed,3.0,11,34.0,0.6614525621741015,-2.540427363352982,4.126928399333323,8.637551539131378,12.753902691287445,1.4765645835521142,0.4424827400176924,8.0,0.488513065551148,-0.1614814212046892,0.1614814212046892,0.07344928951104984,0.18951104444771494,,,,1.0,0.0015,0.0015
removed,3.0,11,34.5,0.6434280635273569,-2.489071573565085,4.080435725415303,8.671940707360084,13.052436587870535,1.505134436262072,0.3566311042386886,9.0,0.3566311042386886,-0.09023809590134374,0.09023809590134374,0.02130262842713163,0.12070141598665636,,,,1.0,0.024,0.024
removed,3.0,11,35.0,0.6046655785061587,-2.422699588344783,4.024074956384931,8.644629575392246,13.43438961000114,1.5540734849117652,0.4094891038150598,8.0,0.4211481852628094,0.060610939671424294,0.060610939671424294,0.08643282729732187,0.07353487880406015,9.0,3.3520916815539596,3.0147164112742453,1.0,0.003,0.003
removed,3.0,11,35.5,0.6104534303682579,-2.4084247152490863,4.008867962086488,8.927399747004532,13.660756015851865,1.5302054800935228,0.36014545534182846,8.0,0.40987619206146225,-0.23126383543597234,0.23126383543597234,0.1302266231132987,0.14482052876272783,,,,1.0,0.0125,0.0125
removed,3.0,11,36.0,0.47158539475929767,-2.226777210613528,3.866774769196603,8.73800325626942,14.107748512568406,1.6145277243340752,0.31175574252945826,8.0,0.39012573400752815,0.06979413525565258,0.06979413525565258,-0.03741093906316471,0.17748052323867422,,,,1.0,0.002,0.002
removed,3.0,11,36.5,0.5877567006811047,-2.3361734504521685,3.9436851046283965,9.094444082489526,14.32455764234159,1.5750888688097102,0.40872550272128866,9.0,0.40872550272128866,-0.21967551346450284,0.21967551346450284,0.2033162370979075,0.238029724555325,,,,1.0,0.0015,0.0015
removed,3.0,11,37.0,0.2976566256349884,-2.137688020472832,3.832175076725527,8.944349830300396,14.769985417377505,1.6513201851007493,0.3024494145653655,8.0,0.40024063527170883,-0.0021231657495861993,0.0021231657495861993,-0.08030433319220479,0.25086027100746605,,,,1.0,0.03,0.03
removed,3.0,11,37.5,0.522135285175601,-2.206632624452792,3.8341020431993282,9.225530454640776,15.014656353025883,1.6275114397864208,0.35923623363735696,8.0,0.4123166780579141,-0.19885158008484682,0.19885158008484682,0.1968336930860038,0.2827153746864139,,,,1.0,0.001,0.001
removed,3.0,11,38.0,0.16366302733155877,-2.0782814655894084,3.8207815412485377,9.135926790298589,15.435046133723285,1.689488815750331,0.3140065123911779,8.0,0.3645372713448029,-0.014339551183395464,0.014339551183395464,-0.09527423193529959,0.2884413033606217,,,,1.0,0.0295,0.0295
removed,3.0,11,38.5,0.46749914552746435,-2.0315354915665704,3.6801493404642254,9.31793800392436,15.728329286301324,1.6879624311384294,0.2735447867039216,8.0,0.42158227520379227,-0.1552114927944151,0.1552114927944151,0.2561947016719513,0.2967808723584554,,,,1.0,0.003,0.003
removed,3.0,11,39.0,0.14062540390113107,-2.0996876122908454,3.848937225898919,9.465509379863231,16.088977365102092,1.6997476542920678,0.45106573701414243,9.0,0.45106573701414243,-0.11600819701343702,0.11600819701343702,-0.09566383911704067,0.26788637476025395,,,,1.0,0.003,0.003
removed,3.0,11,39.5,0.28146991306256625,-1.8848304781948892,3.5985397310976444,9.384045144278026,16.458490828755092,1.7538801844736167,0.24774747401762204,8.0,0.4323725243520237,-0.06266281823147359,0.06266281823147359,0.16537029475329257,0.1812497676947471,,,,1.0,0.047,0.047
removed,3.0,11,40.0,0.23420351455284782,-1.9977428012413627,3.7208003166062094,9.659927919930709,16.780696877067076,1.7371451439554266,0.3935428438211154,8.0,0.4540795290007284,-0.17197240127121063,0.17197240127121063,0.05833684259327968,0.13581481765189943,9.0,3.610281847968271,3.1896370997194796,1.0,0.003,0.003
removed,3.0,11,40.5,0.13193919640880333,-1.9130876763188716,3.6782760518901054,9.660135082860648,17.153982057733366,1.7757497085282548,0.4254238608714696,8.0,0.4698210110891295,-0.05892572446631218,0.05892572446631218,0.06702108957093604,0.059763272060034636,,,,1.0,0.029,0.029
removed,3.0,11,41.0,0.15434967609467348,-1.7897421869024754,3.5555680633990567,9.683308520454553,17.527687129004896,1.810092809908954,0.21752052135406919,7.0,0.4738134146701553,-0.03235560758922354,0.03235560758922354,0.09892458013989593,0.14739578120904065,,,,1.0,0.0035,0.0035
removed,3.0,11,41.5,0.2424492622248437,-1.895951735621233,3.622411964249712,10.009324294876526,17.845332337373662,1.7828708324005602,0.41257434946656973,8.0,0.4800295575203328,-0.1968780565422566,0.1968780565422566,0.2288826025899278,0.21040159631260083,,,,1.0,0.003,0.003
removed,3.0,11,42.0,-0.07228773990148764,-1.817558902188827,3.6727717195563288,10.00675429973442,18.21757708909911,1.8205280696841537,0.3867634262420992,8.0,0.4504645830842892,-0.08434225964184318,0.08434225964184318,-0.14108138540152812,0.30885561905644765,,,,1.0,0.0265,0.0265
removed,3.0,11,42.5,0.2988774859361207,-1.635105990915131,3.3584664350795763,9.908235497604503,18.65109726888546,1.8823833237910732,0.16515615150009572,7.0,0.4844311089455822,0.05332419904558088,0.05332419904558088,0.433425647290515,0.38467252871469376,,,,1.0,0.003,0.003
removed,3.0,11,43.0,0.060405080134331414,-1.9610173386258418,3.7497525747503024,10.599450905580012,18.84056701578898,1.7775040597499714,0.43746829209399646,8.0,0.5124417134860736,-0.4403468224984776,0.4403468224984776,-0.023369242373579433,0.3978972554407978,,,,1.0,0.0045,0.0045
removed,3.0,11,43.5,-0.0076004670677816254,-1.5280219453271435,3.3841487842548705,10.006883854368228,19.428246514710658,1.9414881592964421,0.2712996734649861,7.0,0.4443006704407399,0.2010697884002485,0.2010697884002485,-0.07026166683531168,0.41066510991110355,,,,1.0,0.0065,0.0065
removed,3.0,11,44.0,0.331609655993504,-1.8022671668605508,3.5039013602581535,10.681928345655908,19.604095960842137,1.8352581412713433,0.27204719588415627,8.0,0.4724655368977549,-0.30495864255324656,0.30495864255324656,0.35984167778384796,0.38844771017018637,,,,1.0,0.003,0.003
removed,3.0,11,44.5,-0.10898952611530288,-1.7029532016875415,3.585971657113814,10.711890419059014,20.04267733323388,1.871068182099134,0.34960472146724003,8.0,0.4320787853802301,-0.21301776324778432,0.21301776324778432,-0.2419489139130996,0.2955800845609237,,,,1.0,0.0065,0.0065
removed,3.0,11,45.0,0.2144678718070244,-1.5992356772197514,3.3565448086886036,10.618728779493056,20.445382075662224,1.925407692411021,0.24422268820840826,8.0,0.43005411902167856,0.041603367421341644,0.041603367421341644,0.24329258303097281,0.2546769659335507,8.0,3.279867378641443,2.496934807931986,1.0,0.0045,0.0045
removed,3.0,11,45.5,-0.014414769672384498,-1.696203377310952,3.5383231532103276,11.058885123702431,20.754978479240485,1.8767695158308937,0.25134938987058303,7.0,0.43201899650455294,-0.31022832598931815,0.31022832598931815,0.0673159499298739,0.1953848563447313,,,,1.0,0.003,0.003
removed,3.0,11,46.0,0.08476324851889472,-1.5695261835863892,3.3815183114205807,10.993322693915262,21.185626399104798,1.9271358613743699,0.26363926628031553,8.0,0.39953146595448197,-0.10634955617925353,0.10634955617925353,0.04257733113975209,0.11039944272472996,,,,1.0,0.01,0.01
removed,3.0,11,46.5,0.024393368701396172,-1.6281319262857805,3.4601880486639045,11.158918170257177,21.55304112237344,1.9314633187131536,0.3254993202368273,8.0,0.4548830408615416,-0.05841732183091331,0.05841732183091331,0.12990748377417882,0.08369616616425489,,,,1.0,0.0045,0.0045
removed,3.0,11,47.0,0.062125872850629094,-1.5570903992662628,3.3798355799021484,11.391100900047478,21.912968517994013,1.9236918986384082,0.2170507951214149,7.0,0.43135832722420087,-0.2453363075635167,0.2453363075635167,0.22234096774351944,0.08628238599697928,,,,1.0,0.004,0.004
removed,3.0,11,47.5,-0.05140302929959985,-1.5491778375081413,3.422777855533885,11.449056192306287,22.322501773747074,1.949724186762896,0.31213409972501854,8.0,0.45065354632479,-0.09389765780158826,0.09389765780158826,-0.08649978722885975,0.11403742023707812,,,,1.0,0.011,0.011
removed,3.0,11,48.0,0.10835341837029758,-1.5101793790818712,3.3177532489512265,11.583526297179757,22.717585833394132,1.9611977605580424,0.24621021133773913,8.0,0.38632126460057054,-0.11929418878702418,0.11929418878702418,0.37073053650331095,0.17001074018522222,,,,1.0,0.004,0.004
removed,3.0,11,48.5,-0.13552516089440106,-1.5803059592190316,3.489276107746443,11.929846440788808,23.031944931878886,1.9306153726448136,0.2031567483823219,7.0,0.3841981990602761,-0.26970572530361814,0.26970572530361814,0.0016321381924646863,0.22378750650277576,,,,1.0,0.005,0.005
removed,3.0,11,49.0,0.009907845117562833,-1.3245977414654921,3.1952273762259162,11.680557418285103,23.56789062024502,2.0177025612965287,0.25616159244115855,7.0,0.4395177083417761,0.02082272403642822,0.02082272403642822,0.11894333307914223,0.2757350253917724,,,,1.0,0.0135,0.0135
removed,3.0,11,49.5,0.054280074342894974,-1.5774811924268701,3.401624869769637,12.246254949397844,23.806657931350294,1.9439949625187969,0.23817513906572998,8.0,0.3943752748175183,-0.2849909613220008,0.2849909613220008,0.18863266280609764,0.2849138513926881,,,,1.0,0.0045,0.0045
removed,3.0,11,50.0,-0.17504242591646518,-1.3653644462816916,3.320919922644201,12.186421249808207,24.290369818146818,1.9932324117327804,0.18458977332657817,7.0,0.4400904954064107,-0.15744499957336533,0.15744499957336533,-0.028955067592268652,0.2283833863119639,9.0,3.3727731101325733,2.4795122720096097,1.0,0.0035,0.0035
removed,3.0,11,50.5,0.05173396497730868,-1.3963471925216675,3.239843007641357,12.352450243618863,24.669718716180167,1.9971518386746199,0.2716040827752628,7.0,0.42181092757349953,-0.14306873206698417,0.14306873206698417,0.12319492333583072,0.1720169047970778,,,,1.0,0.0145,0.0145
removed,3.0,11,51.0,-0.13256297470188677,-1.3784572183320019,3.311011329139772,12.50480505280002,25.08813903511085,2.0062799003406475,0.20015859591341742,7.0,0.44287728940871246,-0.13920335980473267,0.13920335980473267,0.06571614938878864,0.16563057365813214,,,,1.0,0.003,0.003
removed,3.0,11,51.5,0.03505659683084524,-1.3604233083405555,3.2153627041587325,12.744951255128694,25.448696700822317,1.9967668915627679,0.13501914442665075,7.0,0.42584782543967914,-0.2586124318730831,0.2586124318730831,0.2572307298472226,0.19792565805618295,,,,1.0,0.003,0.003
removed,3.0,11,52.0,-0.20590147192562294,-1.3199300338611133,3.2977070922693064,12.831603944392512,25.87390753778183,2.0164203672362317,0.3048026103354637,11.0,0.41458816738270665,-0.14903649961201648,0.14903649961201648,-0.08869584426787773,0.17388449877992587,,,,1.0,0.0045,0.0045
removed,3.0,11,52.5,-0.010544588474437712,-1.1359293579877303,3.0399047218826545,12.780592180412556,26.35140626555808,2.06182983492299,0.1195982923103318,7.0,0.45708610714835074,-0.09399335091909987,0.09399335091909987,0.22844514979105288,0.20740149888726123,,,,1.0,0.003,0.003
removed,3.0,11,53.0,-0.032323414208319724,-1.2952443515901102,3.189448734016942,13.271671521482276,26.641962660760946,2.00743083624672,0.11503862806617023,7.0,0.46375281091247705,-0.3291908096354205,0.3291908096354205,0.16261438859203264,0.18980284361616528,,,,1.0,0.0035,0.0035
removed,3.0,11,53.5,-0.1115673640975755,-1.1731277859849567,3.1232696639645328,13.25685430938614,27.126846297113225,2.0462506160233525,0.30129257540651666,7.0,0.42714832006055375,-0.1859850630676723,0.1859850630676723,0.03470454372386439,0.041984247190534424,,,,1.0,0.003,0.003
removed,3.0,11,54.0,-0.12941435463590065,-1.1405269025481857,3.1047750335538393,13.337588525711066,27.554044807305896,2.0658940523011005,0.2684664478357751,7.0,0.5072594985303489,-0.04114904452905439,0.04114904452905439,0.06027317219413681,0.05248692769008673,,,,1.0,0.0025,0.0025
removed,3.0,11,54.5,-0.04728921966063122,-0.9951147569606459,2.9379164981141637,13.541173346249474,27.962745215113543,2.0650164132828595,0.1322957137824946,6.0,0.3661209454626642,-0.2540549213682676,0.2540549213682676,0.203117665265196,0.20982233626716887,,,,1.0,0.003,0.003
removed,3.0,11,55.0,0.09618342480718016,-1.2385050567502494,3.0789859032553837,14.002364372246582,28.276985302101114,2.0194436132620273,0.3518937189390795,8.0,0.5132622623152415,-0.36412578319636635,0.36412578319636635,0.24811200479607637,0.37354119459966,7.0,4.119894085136514,2.2673969596088073,1.0,0.0025,0.0025
removed,3.0,11,55.5,-0.39796343780398413,-1.1101052658233157,3.2295054217956163,13.997622975954458,28.753565582283667,2.0541748860986906,0.2723962456953892,11.0,0.38511759150266495,-0.11966152288714821,0.11966152288714821,-0.047663758567327214,0.36835592702517606,,,,1.0,0.0045,0.0045
removed,3.0,11,56.0,0.002376712620161357,-0.7578406446888064,2.7114892361426057,13.902942736278815,29.259812267879575,2.1045769102916623,0.11747236913782111,6.0,0.40297996162394617,-0.14499576982133552,0.14499576982133552,0.21831196149514231,0.43419551490391145,,,,1.0,0.001,0.001
removed,3.0,11,56.5,0.10913755542351761,-1.2283891423171727,3.064072375967517,14.58274379017741,29.51235883734751,2.0237864192077715,0.250707382507704,8.0,0.4325166317523456,-0.3972286204397094,0.3972286204397094,0.22733779296634485,0.5056637677213085,,,,1.0,0.0015,0.0015
removed,3.0,11,57.0,-0.4231379973809358,-1.0029053321458297,3.1588193477044717,14.572809617026538,30.007100457658662,2.059115657601061,0.24761907031529434,7.0,0.3627195823115813,-0.22246176589751623,0.22246176589751623,-0.07475919478776194,0.3584257563168344,,,,1.0,0.0015,0.0015
removed,3.0,11,57.5,-0.041709762446808,-0.7465201431044084,2.7268295005167302,14.46309626509883,30.52554834316483,2.1105818410976496,0.12574712519004172,6.0,0.4216336273506476,-0.1362928449721882,0.1362928449721882,0.011032651767236099,0.31288590845108405,,,,1.0,0.025,0.025
removed,3.0,11,58.0,-0.015477816077187977,-1.0354435451975623,2.9557498770465975,14.900740777099967,30.86582335317395,2.0714287843064647,0.12288411336782959,7.0,0.43042017075971345,-0.2929249408257269,0.2929249408257269,0.24901850470141168,0.3022425026974811,,,,1.0,0.0025,0.0025
removed,3.0,11,58.5,-0.23249275736091726,-0.8941810859975833,2.9575537570105124,15.029950554507062,31.3138465566576,2.083429778634066,0.22255464312400158,7.0,0.4806015010673123,-0.2502255703949899,0.2502255703949899,0.08263507820352069,0.11511406085299963,,,,1.0,0.0025,0.0025
removed,3.0,11,59.0,-0.17662444754574091,-0.8269896701628568,2.870364954529481,15.164104258850625,31.763183586429513,2.09462972848467,0.2120578660211486,6.0,0.34142700875317855,-0.27675527837998454,0.27675527837998454,-0.031474087207605764,0.05235367209308627,,,,1.0,0.036,0.036
removed,3.0,11,59.5,-0.08046987314250446,-0.7923223227868839,2.7865415859282634,15.206433055826004,32.23695125181658,2.119954833159622,0.0518846613064817,7.0,0.40119265066646426,-0.07841570245969155,0.07841570245969155,0.27260940844808906,0.07702558812159108,,,,1.0,0.0025,0.0025
removed,3.0,11,60.0,-0.07092910892725256,-0.8378098730818552,2.8187268301008803,15.65388549840259,32.58042751758703,2.081299720820861,0.08384758812691605,7.0,0.4727305700680683,-0.3775579788177327,0.3775579788177327,0.18753005232472145,0.06693049242157198,9.0,3.0704823909074266,2.5755865908394564,1.0,0.0025,0.0025
removed,3.0,11,60.5,-0.2693933074898605,-0.8701742173358145,2.960124845591642,15.86563997325236,33.005339441663764,2.0803030635579125,0.1849474127644897,7.0,0.3469127579895233,-0.33785032580959545,0.33785032580959545,0.08302173473567843,0.2314988384470488,,,,1.0,0.0025,0.0025
removed,3.0,11,61.0,-0.1813891321186999,-0.5145066443109096,2.626546072021497,15.679884383633704,33.55961457132774,2.1402973230055498,0.09451554081810329,7.0,0.4371242141690134,-0.03315667928050264,0.03315667928050264,0.05668597725339924,0.3987686244710131,,,,1.0,0.0025,0.0025
removed,3.0,11,61.5,0.09211364690876973,-0.8051232644340443,2.70301727153051,16.23183006633766,33.8700392981533,2.086643290357912,0.08945836421972707,6.0,0.4034867955417756,-0.3358868694107175,0.3358868694107175,0.42759525372591267,0.3832149983681001,,,,1.0,0.0025,0.0025
removed,3.0,11,62.0,-0.3803052099197591,-0.7869150200770947,2.963193365477736,16.561754399735246,34.26501984230582,2.068924524255327,0.21456796627289002,7.0,0.3938404246982404,-0.3788948684471435,0.3788948684471435,-0.0334572083290602,0.25196227636048174,,,,1.0,0.0025,0.0025
removed,3.0,11,62.5,-0.22289202852426257,-0.49109208241175073,2.6356508268831678,16.362349488866656,34.8481537785687,2.129776888232356,0.08327465448148817,7.0,0.3835818672423469,-0.18452787035467752,0.18452787035467752,-0.07370727749089825,0.23989045493325983,,,,1.0,0.029,0.029
removed,3.0,11,63.0,0.020071460927349277,-0.6190828942504785,2.5869180248150587,16.548504711645407,35.277728638457376,2.1317774175470947,0.22150145501571689,6.0,0.3722650708810297,-0.0635150171090712,0.0635150171090712,0.3034168353832404,0.2566350136582512,,,,1.0,0.003,0.003
removed,3.0,11,63.5,-0.34044853766828104,-0.6233099747275587,2.8125601055643004,17.104532131146595,35.61733609439452,2.082333256548826,0.09751078645994923,7.0,0.4101513125251697,-0.5659951429844086,0.5659951429844086,0.04499301162929428,0.2510026692030974,,,,1.0,0.0025,0.0025
removed,3.0,11,64.0,-0.1255881876628305,-0.4398224238280167,2.53346587336036,16.825065446705345,36.2126659747435,2.152304612986489,0.15297165272043708,7.0,0.36782292447211384,0.08211319436251091,0.08211319436251091,-0.10072687242535362,0.20537486227510746,,,,1.0,0.009,0.009
removed,3.0,11,64.5,-0.1729216755762155,-0.5036306252358432,2.612771269016034,17.254453135681004,36.593506188579475,2.1208151832356053,0.2571417371867954,6.0,0.44544600723282024,-0.3024409259420043,0.3024409259420043,0.4293048245513897,0.07429881597684995,,,,1.0,0.002,0.002
removed,3.0,11,65.0,-0.14408220595949817,-0.49088623382277713,2.584521410630311,17.576501057655946,36.98266770438605,2.1040972593505574,0.0856736181938895,7.0,0.4134284826355137,-0.35556874603652644,0.35556874603652644,0.002004961870301198,0.1209312463266852,9.0,3.186930182706693,2.6341879126583345,1.0,0.002,0.002
removed,3.0,11,65.5,-0.3125239923289593,-0.3955785793066708,2.6255006718675604,17.465850234805913,37.56698137051606,2.1508819133037482,0.07902489086313667,6.0,0.36033906358033624,0.025944070158204127,0.025944070158204127,0.09082962288511709,0.22733489411130386,,,,1.0,0.002,0.002
removed,3.0,11,66.0,0.059809907644090304,-0.37032333960029434,2.362966040533926,17.931398885194646,37.894858722082795,2.1133241731280266,0.23224335022973358,10.0,0.3729663017475799,-0.2553206773002509,0.2553206773002509,0.4221615262524844,0.3547096852877689,,,,1.0,0.0025,0.0025
removed,3.0,11,66.5,-0.33079400191960023,-0.5715341503190708,2.7672778243954324,18.253114235656692,38.34050219948966,2.100491001398167,0.17892716696409453,7.0,0.3708611435010852,-0.42972656731975256,0.42972656731975256,-0.017235288705995343,0.3919989808890771,,,,1.0,0.002,0.002
removed,3.0,11,67.0,-0.2020691481158182,-0.1595944446623627,2.380193253984311,18.08384843722659,38.90526798459646,2.1513821087168505,0.03299953560465505,6.0,0.3526486264239576,0.03963007918790531,0.03963007918790531,0.2282091651998133,0.3988254725643216,,,,1.0,0.0025,0.0025
removed,3.0,11,67.5,0.042353229437214895,-0.45522504341481196,2.441118294275548,18.66417706933306,39.2360294630787,2.10221052432829,0.1324585209476164,11.0,0.3985567343888315,-0.35811491604254997,0.35811491604254997,0.2489412843182653,0.35696185672415687,,,,1.0,0.002,0.002
removed,3.0,11,68.0,-0.38725008707006925,-0.39490166575603053,2.677284928734672,18.813420344281536,39.72320168568744,2.1114290202824058,0.28405636062487216,6.0,0.3965667847605166,-0.2695004713381404,0.2695004713381404,0.1282024007389327,0.24531173631384856,,,,1.0,0.0025,0.0025
removed,3.0,11,68.5,-0.1375307539769069,-0.17400484068836516,2.3446126778120484,18.955587695250685,40.2072382002034,2.121128547772608,0.11310812035969439,7.0,0.3597821462441913,-0.18125209408112425,0.18125209408112425,0.14233593223393187,0.24090165049282525,,,,1.0,0.003,0.003
removed,3.0,11,69.0,-0.06899399949959216,-0.3848230892004087,2.4549614499542773,19.177616857684242,40.662581521149924,2.1203146263117105,0.14039533877362653,6.0,0.4342084738776793,-0.09679192119613449,0.09679192119613449,0.09975028137343332,0.22860785271950973,,,,1.0,0.0035,0.0035
removed,3.0,11,69.5,-0.3302926456455629,-0.2304337819814246,2.521807804877829,19.54733168549826,41.080731834597536,2.1016030471859457,0.21290789210010697,7.0,0.30484730701513063,-0.3713824312654638,0.3713824312654638,0.1921293523926583,0.24287151383807853,,,,1.0,0.003,0.003
removed,3.0,11,70.0,0.010140828010108396,-0.1978600137643566,2.261507447032417,19.63894283481525,41.5704287458366,2.116734546023626,0.20425524981104107,4.0,0.367395109694014,-0.10234744602436684,0.10234744602436684,0.03219524617935141,0.3150640339544069,9.0,3.413074065995607,3.3496012389915797,1.0,0.0025,0.0025
removed,3.0,11,70.5,-0.3616332846653021,-0.342392952893788,2.6220983238415383,19.889015330727407,42.05270714279926,2.11436848147179,0.2903597601502388,6.0,0.394667553805541,-0.23272431778976846,0.23272431778976846,0.2883203896249747,0.37927686835866187,,,,1.0,0.0035,0.0035
removed,3.0,11,71.0,-0.10674273497332733,0.04079578357644845,2.1735366576066286,20.090306727768773,42.500463438156906,2.115471108234145,0.06735940148842076,5.0,0.4735286237958089,-0.15644138567451044,0.15644138567451044,0.08879472446835737,0.4294391276999123,,,,1.0,0.0025,0.0025
removed,3.0,11,71.5,-0.10002977547137434,-0.36227758092947493,2.4578492378257755,20.40958503851533,42.936412424248026,2.1037376479346284,0.10445517654526683,7.0,0.37515827054227563,-0.26287635741785464,0.26287635741785464,0.12909310261587492,0.47648509549479473,,,,1.0,0.003,0.003
removed,3.0,11,72.0,-0.4819853023805839,0.06779320948440433,2.4487488051134476,20.505589621898515,43.457267065459895,2.119288831326782,0.23229018091834766,3.0,0.3153747759584151,-0.19710674802732744,0.19710674802732744,0.12419917416354817,0.5211808974145768,,,,1.0,0.0095,0.0095
removed,3.0,11,72.5,0.11353634716874213,-0.053700108517208626,2.0850587745582043,20.83230242618079,43.858078982625756,2.105291968472364,0.13747526526924406,6.0,0.3505973918641995,-0.1924015654364623,0.1924015654364623,0.2532417187631113,0.524526743650835,,,,1.0,0.0025,0.0025
removed,3.0,11,73.0,-0.5748667090615929,-0.15456164145008158,2.6570946238786832,21.042354978417375,44.37162254807552,2.1086813996620815,0.2429169959135408,6.0,0.312125218636472,-0.2995140890951458,0.2995140890951458,0.08555651751383167,0.538503123200393,,,,1.0,0.005,0.005
removed,3.0,11,73.5,-0.13467169421849431,0.2985119713369895,2.032150452294998,21.126026039486888,44.85349003440033,2.1231390111213617,0.07916587702756706,5.0,0.5125132055519437,-0.0848623389270329,0.0848623389270329,0.2444949733087654,0.5391266488205926,,,,1.0,0.0025,0.0025
removed,3.0,11,74.0,-0.2511587292544385,-0.18442352446113797,2.4327548093227054,21.572290225730328,45.26787977060408,2.0984271626668023,0.12406701302450934,6.0,0.39660124424066345,-0.37141361396737743,0.37141361396737743,0.19078216404611237,0.520347949240026,,,,1.0,0.0025,0.0025
removed,3.0,11,74.5,-0.5805731193109032,0.2800723737180293,2.4155852649454475,21.63808286726671,45.791334097278146,2.116238040965708,0.14562920326291467,3.0,0.36915793979863665,-0.11072726962844372,0.11072726962844372,-0.062251814676290325,0.5013412652450162,,,,1.0,0.0215,0.0215
removed,3.0,11,75.0,-0.05406597786259599,0.13052891825567592,2.074498485042528,21.84571890807219,46.25677171448604,2.1174295938319405,0.08832821348860198,6.0,0.36081759504850425,-0.054506867043481094,0.054506867043481094,0.2792001382700857,0.4561748792017121,7.0,3.946675293355042,2.5421024105735706,1.0,0.0025,0.0025
removed,3.0,11,75.5,-0.6325580270933657,0.10120832276829304,2.5539676502725186,22.399193646139437,46.62861559568145,2.081709562063544,0.2630190921707157,3.0,0.3249914929227604,-0.5132861754500996,0.5132861754500996,0.11327832506681239,0.3907587783169266,,,,1.0,0.0095,0.0095
removed,3.0,11,76.0,-0.3206387695062916,0.3573186444700206,2.1531732258328633,22.12325744674856,47.28203755407767,2.137209570872967,0.11910049285376904,5.0,0.456166296336991,0.20628292038817833,0.20628292038817833,-0.07882629803033905,0.3005715644208166,,,,1.0,0.0025,0.0025
removed,3.0,11,76.5,-0.4578938641706151,0.193006354447514,2.357622704246425,22.66210532783887,47.64542270029037,2.102427025690379,0.2599613077463263,6.0,0.39392747581237053,-0.27372010556957577,0.27372010556957577,0.610166964812217,0.19504399508900022,,,,1.0,0.0025,0.0025
removed,3.0,11,77.0,-0.47328907126132186,0.3556959813139344,2.2848261621573855,22.925178125930184,48.107518451181846,2.0984577823963972,0.25970854156596507,8.0,0.3310830294235904,-0.2647157489668088,0.2647157489668088,-0.2307996573345095,0.09417233012115528,,,,1.0,0.0225,0.0225
removed,3.0,11,77.5,-0.5202869007823442,0.3459382844985144,2.3304449634582904,22.841089286840496,48.71311024975146,2.1326964593504165,0.15363832664578359,6.0,0.38294788149808257,0.20402645402807473,0.20402645402807473,0.4015744380132872,0.07024063435248873,,,,1.0,0.0025,0.0025
removed,3.0,11,78.0,-0.45691973754710385,0.40857974842679917,2.244497429579338,23.43680770611972,49.04939151656957,2.0928358559584037,0.274818898132,5.0,0.40615700386810255,-0.35366268089248265,0.35366268089248265,0.17552500141145191,0.10697300443171663,,,,1.0,0.0025,0.0025
removed,3.0,11,78.5,-0.642820909340823,0.3839613387790372,2.419909907462178,23.5173715491034,49.59737456996036,2.1089675972675295,0.2144136054162376,3.0,0.4539481066483623,0.010736156942298083,0.010736156942298083,0.15832210065255217,0.15414528207250103,,,,1.0,0.068,0.068
removed,3.0,11,79.0,-0.5119855017653445,0.5439620868458488,2.2315452165624388,23.79403567956793,50.05779462815606,2.103795896680989,0.11762837498957514,6.0,0.3797289548240743,-0.15464861485672526,0.15464861485672526,0.22958229731143046,0.19877107407807962,,,,1.0,0.0025,0.0025
removed,3.0,11,79.5,-0.6315279439341562,0.3629357564446973,2.4196979137108845,24.007214921823216,50.56733152359869,2.1063389355352338,0.1931413450000788,6.0,0.3366115518915851,0.008379850670431732,0.008379850670431732,0.14451184121681318,0.23192626715741074,,,,1.0,0.002,0.002
removed,3.0,11,80.0,-0.7667083966009137,0.6112073148086887,2.438866050021979,24.426212740508962,50.958697993403945,2.0862300076873126,0.1255551305069843,3.0,0.6046261765283936,-0.25986541589356943,0.25986541589356943,0.17408962137196282,0.2192395135691792,7.0,4.030108652088517,2.4399033143463917,1.0,0.113,0.113
removed,3.0,11,80.5,-0.5440258191846283,0.5335011818749013,2.264983057941751,24.467840497935992,51.543815378224394,2.106594383863685,0.15291321456711932,16.0,0.33143116391466754,-0.03235195844074015,0.03235195844074015,0.012434308506221892,0.22629774427763047,,,,1.0,0.002,0.002
removed,3.0,11,81.0,-0.8409898014382444,0.5408751522795585,2.5339525403651133,24.846853389130477,51.96551704366895,2.091432513800795,0.2394189292554815,3.0,0.4059065537381712,-0.10627208512256789,0.10627208512256789,0.40630443780412506,0.19357324017858663,,,,1.0,0.0015,0.0015
removed,3.0,11,81.5,-0.6996739541641696,0.6880480627604544,2.348923353807534,25.191686956708452,52.4103580885042,2.08046242312278,0.1507627871290382,3.0,0.5601413136856478,-0.3108748859360246,0.3108748859360246,0.031304765712839314,0.1284903466062336,,,,1.0,0.149,0.149
removed,3.0,11,82.0,-0.7753511623609505,0.6309658472252052,2.439814352623719,25.134133520015734,53.040099413816314,2.1102815966015886,0.18179139501485997,3.0,0.32589992825737085,0.1777481721210874,0.1777481721210874,0.1803882073126213,0.08437927976000928,,,,1.0,0.0015,0.0015
removed,3.0,11,82.5,-0.7526126410299663,0.7337871635524196,2.3835896435358843,25.644721737523966,53.39444596536128,2.082083265003155,0.22450840341818584,3.0,0.46183298155339264,-0.20728848655346568,0.20728848655346568,0.3949497335159349,0.07743958515999443,,,,1.0,0.0,0.0
removed,3.0,11,83.0,-0.8561818438010513,0.7145147104149944,2.4879061901683293,25.913051785622486,53.9033389514261,2.0801617423283836,0.350692730827918,3.0,0.5817317377698361,-0.20942024157960895,0.20942024157960895,-0.08703340051676049,0.13590844253278597,,,,1.0,0.1745,0.1745
removed,3.0,11,83.5,-0.7906786936181093,0.92918498948787,2.365114219042178,25.901916110828715,54.48249070189812,2.103415456554615,0.21188586365594395,3.0,0.43593388299657115,0.1263748444229159,0.1263748444229159,0.2129362950747598,0.23834061646043314,,,,1.0,0.001,0.001
removed,3.0,11,84.0,-0.7071664916896111,0.7188353819474644,2.345531013940284,26.387580024725647,54.88544246771463,2.0799725634668267,0.1811500986149221,8.0,0.3780285910534398,-0.24884421186889394,0.24884421186889394,0.25213206277218386,0.29039655090317434,,,,1.0,0.0,0.0
removed,3.0,11,84.5,-1.0679263199966365,0.9193893625972485,2.6371676207987704,26.701901289673522,55.35746151753249,2.073165536678131,0.10373872012529427,3.0,0.5118214385460225,-0.19620261614297288,0.19620261614297288,0.10468742705789848,0.3258499508620634,,,,1.0,0.1635,0.1635
removed,3.0,11,85.0,-0.6497381400994235,1.037606652279088,2.203342060535002,26.698623677291035,55.94613698101316,2.09546895215423,0.18816746714475377,3.0,0.42831522124726734,0.0038320119967994045,0.0038320119967994045,0.24297235388654115,0.3506822223891184,6.0,4.847143274105735,3.4019779723903505,1.0,0.0005,0.0005
removed,3.0,11,85.5,-0.9091312454736865,0.7641753743937552,2.5232909473004983,27.077562556565564,56.41238536400233,2.0833627563838415,0.17701537078447072,3.0,0.3730266153444553,-0.08292218269335519,0.08292218269335519,0.17155733058265168,0.32993479894742184,,,,1.0,0.0005,0.0005
removed,3.0,11,86.0,-1.0092717848658277,1.1485549056719844,2.5382999679287015,27.4606731786671,56.83355871502114,2.0696345768818385,0.07801361370211561,3.0,0.5334366420125577,-0.23046473420605662,0.23046473420605662,0.17473361446849603,0.35105110163793696,,,,1.0,0.1435,0.1435
removed,3.0,11,86.5,-0.6361384084034295,0.9839277246206571,2.2019913265632005,27.53757114421131,57.41883606750993,2.0851089504885394,0.20868230453132522,5.0,0.39308105095025747,-0.13339131688164613,0.13339131688164613,0.16633031700647452,0.3696644960484986,,,,1.0,0.0,0.0
removed,3.0,11,87.0,-1.138843551659176,0.8923257039050755,2.7123223648269326,27.84564484812534,57.90297607912705,2.0794266534296213,0.03735023867816072,3.0,0.5098585917689592,-0.009776608730009633,0.009776608730009633,0.30661577717465904,0.35929452029226294,,,,1.0,0.0165,0.0165
removed,3.0,11,87.5,-0.9400368370784322,1.2908209696481037,2.4535805718122283,28.23180632517564,58.333540603886945,2.066234796739455,0.26611653766160204,3.0,0.48994343025587256,-0.2985556519139819,0.2985556519139819,0.18177660039754762,0.3706470316852627,,,,1.0,0.097,0.097
removed,3.0,11,88.0,-0.7393943604067233,0.9833096715224473,2.3026430987456274,28.318976220038934,58.92426938421713,2.0807344490978257,0.18614758257280575,5.0,0.418267241448713,-0.13319989538282118,0.13319989538282118,0.0681382054165305,0.3514758655758189,,,,1.0,0.0,0.0
removed,3.0,11,88.5,-1.2512699617092666,1.0452759127055662,2.793100056291716,28.710738060995673,59.36337337502479,2.067636619055487,0.16639512590546496,3.0,0.49105569065390603,-0.08465964908122241,0.08465964908122241,0.29962532925729046,0.3316687850359317,,,,1.0,0.074,0.074
removed,3.0,11,89.0,-0.9296111405389375,1.3646960072187744,2.437996064686471,28.96934168870913,59.86831822376618,2.0666095511276326,0.3078816182505247,3.0,0.4386838603302001,-0.2237796913779095,0.2237796913779095,0.08281752811538473,0.3326495091728275,,,,1.0,0.0395,0.0395
removed,3.0,11,89.5,-0.852157873917643,1.043636496327623,2.4004877678788814,29.083144693038445,60.43911495003028,2.0781492368841885,0.06375539770732656,3.0,0.2861330490569823,-0.054115288252505236,0.054115288252505236,0.09906962913372316,0.3187234591263945,,,,1.0,0.0,0.0
removed,3.0,11,90.0,-1.2997875998570791,1.1417610068801327,2.8271634336692344,29.608694197865102,60.824282118169975,2.054271009444099,0.19430608144602032,3.0,0.4818775116450747,-0.2247679172968111,0.2247679172968111,0.2631343178901549,0.28288912023033325,7.0,4.409673127355797,3.5803051310352028,1.0,0.146,0.146
removed,3.0,11,90.5,-1.0256201374820688,1.4061076353774566,2.531999397566543,29.719857925936335,61.40145541972519,2.0660077034264863,0.268976294893197,3.0,0.4459088653471789,-0.15467785179005222,0.15467785179005222,0.0026243205676807478,0.2825767385738152,,,,1.0,0.004,0.004
removed,3.0,11,91.0,-0.9518111291909005,1.127983456336612,2.484396099417166,29.835894854684494,61.966041022214675,2.0768956762992974,0.13095710803798621,3.0,0.36757997302796436,0.0846740598917841,0.0846740598917841,0.2580087570406907,0.29273818140166613,,,,1.0,0.0,0.0
removed,3.0,11,91.5,-1.3977617978814807,1.2086177511472236,2.9169542030609668,30.56854838422124,62.27469833891141,2.037214772391879,0.04003664701682236,3.0,0.49039238815229774,-0.37717168743408663,0.37717168743408663,0.2616098611762246,0.3152971435732418,,,,1.0,0.1685,0.1685
removed,3.0,11,92.0,-1.0971266841910745,1.5296676718356073,2.601960697360043,30.503820687439383,62.921774756712765,2.062750610864369,0.26070907660202863,4.0,0.38240727422585064,-0.08402538102011838,0.08402538102011838,-0.18020524441999516,0.3814543707486174,,,,1.0,0.008,0.008
removed,3.0,11,92.5,-1.0195123027574406,1.1412044331201165,2.5494650197604627,30.619545894568734,63.49901868042443,2.073806675613952,0.14402384985096026,3.0,0.3990262269307676,0.1365243671280878,0.1365243671280878,0.49763424561611463,0.41400041896549183,,,,1.0,0.001,0.001
removed,3.0,11,93.0,-1.5529398182100533,1.3318133735321767,3.062189802795647,31.565557966657884,63.71370097654868,2.0184563518201797,0.15646536277498171,5.0,0.5241694094216286,-0.5227008847848992,0.5227008847848992,0.1577173070790059,0.40227123701882483,,,,1.0,0.1625,0.1625
removed,3.0,11,93.5,-1.1260665492975375,1.5489137034127622,2.6311901258650248,31.30776817036888,64.43955971410129,2.058261047655574,0.20507178555918293,8.0,0.4316692144368259,0.009992634764949071,0.009992634764949071,-0.12215872495225436,0.3632640163922247,,,,1.0,0.074,0.074
removed,3.0,11,94.0,-1.2911439524878638,1.2959254991018236,2.8031999360148734,31.53799555578048,64.9883826629618,2.0606377012140307,0.16230394514520455,3.0,0.46282403042333187,0.04404542984875037,0.04404542984875037,0.4520463326065638,0.20907656827530435,,,,1.0,0.0005,0.0005
removed,3.0,11,94.5,-1.4019078074157667,1.4736052034753837,2.9066810806146566,32.214964235613444,65.29318049293717,2.026796615864498,0.07535454879866174,4.0,0.5168965039209372,-0.26528862705871675,0.26528862705871675,0.3305653848869527,0.09528396980561224,,,,1.0,0.0935,0.0935
removed,3.0,11,95.0,-1.3861318371982816,1.4989910073123833,2.8907903175731606,32.44587895641825,65.83169850576775,2.0289694908309865,0.29864647428898966,3.0,0.49408444082696534,-0.3474643979759835,0.3474643979759835,-0.1401665627405333,0.014976787902013034,8.0,4.206137055341674,3.985303175400739,1.0,0.1725,0.1725
removed,3.0,11,95.5,-1.3586708420965314,1.5228745990899197,2.8634251709543266,32.19782503889054,66.56509456563796,2.06737860353103,0.14545198744456786,4.0,0.5142824201119973,0.4551556239231198,0.4551556239231198,0.22812354197965692,0.07279443364795614,,,,1.0,0.0,0.0
removed,3.0,11,96.0,-1.4817258455989313,1.531914834581938,2.9865608379300497,33.11623406890797,66.78952874760729,2.0168213755414404,0.33941416481642156,4.0,0.5499679765086177,-0.4514044205160385,0.4514044205160385,0.5251224376565168,0.0970773500558121,,,,1.0,0.039,0.039
removed,3.0,11,96.5,-1.407598216908281,1.624926004505201,2.9149588647283893,33.203330173646705,67.37331507685418,2.029113186072161,0.24395858603061107,4.0,0.519987614774912,-0.11887960270098497,0.11887960270098497,-0.2629048041564479,0.12971196431407128,,,,1.0,0.1875,0.1875
removed,3.0,11,97.0,-1.5623205223661851,1.5368749861832225,3.0672074009617223,33.29171604502279,67.97485428077272,2.0417948473681986,0.07033427758136453,4.0,0.359769358591823,0.13478628280839924,0.13478628280839924,0.4204121450975368,0.1798846944389167,,,,1.0,0.0165,0.0165
removed,3.0,11,97.5,-1.5333386172120016,1.7887085665695166,3.051737453600307,33.93001347098854,68.31731708448271,2.013477452430033,0.3043323246872325,4.0,0.4842882476548614,-0.3299164322087811,0.3299164322087811,0.16943772856851055,0.2591004924638697,,,,1.0,0.0985,0.0985
removed,3.0,11,98.0,-1.4272770760976519,1.575228009076767,2.9329148418689917,33.93151725619511,68.94835757471932,2.0319856920671873,0.23527192300534988,4.0,0.4354336281751488,0.040770514932352925,0.040770514932352925,0.13019345799474236,0.28538370249856754,,,,1.0,0.179,0.179
removed,3.0,11,98.5,-1.7826443170416595,1.6997944240315768,3.2934025983384125,34.42022730598818,69.3781711793563,2.0156221097147258,0.04626252883105131,4.0,0.45148482424032615,-0.11874381969702279,0.11874381969702279,0.20037612483491413,0.25723591122797435,,,,1.0,0.0925,0.0925
removed,3.0,11,99.0,-1.5306799930684964,1.8296467554569147,3.0532466048231663,34.66521265434858,69.88665856865474,2.016045863197317,0.18828762641707014,3.0,0.4280338677826411,-0.13352646282059324,0.13352646282059324,0.2448037126432645,0.19785635590275358,,,,1.0,0.175,0.175
removed,3.0,11,99.5,-1.6443302196694913,1.7395989565584498,3.1581331718844394,34.90296537728379,70.43652293076275,2.0180670086159953,0.27367335136344884,4.0,0.35667583552442206,-0.05291804223568124,0.05291804223568124,0.06750181094459598,0.08532607952402155,,,,1.0,0.16,0.16
removed,3.0,11,100.0,-1.6752549542410105,1.8238432745518476,3.196417623783069,35.20817974508371,70.92408589735447,2.0144206945903798,0.3945536579087879,4.0,0.5066715660339219,-0.07921238388100078,0.07921238388100078,0.2978401990180447,0.030710569395325887,7.0,4.623367242048473,3.6722200483077354,1.0,0.1645,0.1645
retained,5.0,9,0.0,2.497254668504934,2.4999526365311446,0.0,2.4466301108343167,0.02938376496547796,0.012009892641866452,0.9962448069520359,15.0,0.9962448069520359,0.9765315260002171,0.9765315260002171,0.0014190437589880736,0.012425639864218454,15.0,1.0175646862627756,0.0033009171199217574,0.997,1.0,1.0
retained,5.0,9,0.5,2.4986787284218015,2.5002103599163825,0.0014471931419569799,2.444787273788491,0.031096264502968072,0.012719415237621342,0.9959678717194106,15.0,0.9959678717194106,0.9779411204112656,0.9779411204112656,0.002858477673809294,0.014192810950092682,,,,0.997,1.0,1.0
retained,5.0,9,1.0,2.498691145825281,2.5001260285324514,0.001446904239398427,2.447857262605431,0.030595724254831824,0.01249898215971408,0.9970433699458542,15.0,0.9970433699458542,0.9760469028503621,0.9760469028503621,0.015120455451611985,0.012947069375129542,,,,0.997,1.0,1.0
retained,5.0,9,1.5,2.5004878659923655,2.5007616175387115,0.003332869073836786,2.447602724850701,0.02962027427932081,0.012101749184450507,0.9965591358208314,15.0,0.9965591358208314,0.9763969192274656,0.9763969192274656,0.0015713638970854408,0.013658181375170407,,,,0.997,1.0,1.0
retained,5.0,9,2.0,2.4999358215571506,2.4999170703892415,0.0026813889385652965,2.447339007904816,0.029674604638908975,0.0121252529964427,0.9967011186650597,15.0,0.9967011186650597,0.9765907197912227,0.9765907197912227,-0.0023447678062632877,0.015511717310277645,,,,0.997,1.0,1.0
retained,5.0,9,2.5,2.501319411531195,2.500183119696927,0.004071272326834288,2.4471186926425257,0.02961793076305311,0.01210318520801708,0.9965964078664498,15.0,0.9965964078664498,0.9769075136423262,0.9769075136423262,0.004979205634592384,0.016336436329956135,,,,0.997,1.0,1.0
retained,5.0,9,3.0,2.5015535779524534,2.501737451827436,0.004654695272501378,2.447401667292548,0.02932311379592907,0.011981324597350598,0.9966002118840837,15.0,0.9966002118840837,0.9768323835924354,0.9768323835924354,0.007752591362104257,0.016091542572629597,,,,0.997,1.0,1.0
retained,5.0,9,3.5,2.501325926310027,2.5031394334211114,0.00517018515465672,2.447209434732356,0.029952729674876423,0.01223954486680551,0.9967310087336315,15.0,0.9967310087336315,0.9769946983325565,0.9769946983325565,0.00625014099019583,0.022158876575643117,,,,0.997,1.0,1.0
retained,5.0,9,4.0,2.501846946820334,2.501336719755784,0.004796322184635156,2.447027521270183,0.030273747739571946,0.012371641706693064,0.9967529093874269,15.0,0.9967529093874269,0.9772162657643001,0.9772162657643001,0.01055359289863945,0.009275246249395777,,,,0.997,1.0,1.0
retained,5.0,9,4.5,2.4981654214599867,2.499333393541861,0.001101332295410567,2.4480136498794183,0.029192676401572845,0.011925046415901638,0.9966011258646706,15.0,0.9966011258646706,0.9764581233564529,0.9764581233564529,0.008824487017100303,0.007706483821054075,,,,0.997,1.0,1.0
retained,5.0,9,5.0,2.500358907338954,2.5010389344415804,0.0032888207444091142,2.447285023820159,0.029112184837608468,0.011895706693029558,0.9966006722927273,15.0,0.9966006722927273,0.9770413062914024,0.9770413062914024,0.00550215445031844,0.01932482980629607,15.0,1.0177499953828297,0.003535486992518719,0.997,1.0,1.0
retained,5.0,9,5.5,2.497546502154197,2.498668518797318,0.001316861888419069,2.4483934524716138,0.029004038235055197,0.011846150873249594,0.9967750923626102,15.0,0.9967750923626102,0.9764939784960113,0.9764939784960113,0.009429525465348684,0.017200945447989873,,,,0.997,1.0,1.0
retained,5.0,9,6.0,2.498097880098792,2.498881931966429,0.0013628697872210872,2.447463574665145,0.029740046988340325,0.012151374711433354,0.9968065278941663,15.0,0.9968065278941663,0.9773367950069338,0.9773367950069338,-0.002995296386829801,0.014687884914132544,,,,0.997,1.0,1.0
retained,5.0,9,6.5,2.4996568767877165,2.499033164037249,0.002572165294241416,2.4462416041169477,0.029871461570045797,0.01221116569997545,0.9967555220246543,15.0,0.9967555220246543,0.9780423093390611,0.9780423093390611,0.011124372823201584,0.01674880599912081,,,,0.997,1.0,1.0
retained,5.0,9,7.0,2.500183466792349,2.4968436985674023,0.004271224024886076,2.4484674911960216,0.028924836275263426,0.011813445095460218,0.9968052545005032,15.0,0.9968052545005032,0.9762167218020198,0.9762167218020198,0.004253210970118625,0.013978741286641104,,,,0.997,1.0,1.0
retained,5.0,9,7.5,2.500545127820089,2.499177448902018,0.00338053817683534,2.4460310397924263,0.02933692419258724,0.011993684346326534,0.9967651700720906,15.0,0.9967651700720906,0.9780407133516251,0.9780407133516251,0.0029459123481763443,0.013547683125207578,,,,0.997,1.0,1.0
retained,5.0,9,8.0,2.5013215912011715,2.4989904816767528,0.004179186784651039,2.447051888319846,0.030069543982781763,0.012288069626274909,0.9968797134670971,15.0,0.9968797134670971,0.9770382537882654,0.9770382537882654,0.00650348307577264,0.013686931218086305,,,,0.997,1.0,1.0
retained,5.0,9,8.5,2.499724387022587,2.4997505858824036,0.0024779697377277886,2.448009288000696,0.028634502338755117,0.011697056248565579,0.9967200488807763,15.0,0.9967200488807763,0.9765562357940648,0.9765562357940648,0.006333214471390049,0.01672142573825461,,,,0.997,1.0,1.0
retained,5.0,9,9.0,2.499318023906118,2.502851408107777,0.0035581332416153304,2.448348249149142,0.029279951967694635,0.011959063412596676,0.9968253210085047,15.0,0.9968253210085047,0.9762228723186875,0.9762228723186875,-0.010407296131959379,0.02209282238715824,,,,0.997,1.0,1.0
retained,5.0,9,9.5,2.500858724809387,2.502726395609747,0.004547852380167963,2.4453230596675883,0.030627834735330928,0.012525066826750657,0.9969073831358098,15.0,0.9969073831358098,0.9782368824413314,0.9782368824413314,0.0049354989657509896,0.014237840586959791,,,,0.997,1.0,1.0
retained,5.0,9,10.0,2.498256202380209,2.5020415013658313,0.00231655485601226,2.445764791313742,0.02952471812706272,0.012071773308668625,0.9968771542529511,15.0,0.9968771542529511,0.9778507542113731,0.9778507542113731,0.006934240841092562,0.011146985080851612,15.0,1.017224503926351,0.0031981348665630176,0.997,1.0,1.0
retained,5.0,9,10.5,2.4988978715285186,2.5019471530839708,0.0025842237627990336,2.448750070235039,0.02927229453721471,0.011953973944921648,0.9968652246276772,15.0,0.9968652246276772,0.97583642071931,0.97583642071931,0.007303617094352701,0.0186769517111766,,,,0.997,1.0,1.0
retained,5.0,9,11.0,2.4998355714377967,2.499508088565763,0.0026189087121136104,2.4472222007542896,0.029106198295741632,0.011893565809745613,0.9969015178689842,15.0,0.9969015178689842,0.9770971921106519,0.9770971921106519,-0.004885701246137156,0.011624536825095521,,,,0.997,1.0,1.0
retained,5.0,9,11.5,2.5000165016444384,2.499283386928283,0.0028417630656682024,2.4475368087499336,0.029745379505213256,0.01215318985147584,0.9969881576760768,15.0,0.9969881576760768,0.9766082691626131,0.9766082691626131,0.004051303734603218,0.018432287683957427,,,,0.997,1.0,1.0
retained,5.0,9,12.0,2.4993399343304987,2.4982662459292473,0.0026818364650806146,2.446093123888227,0.029610561221576542,0.012105246906752508,0.9969357946022137,15.0,0.9969357946022137,0.977462246506272,0.977462246506272,0.0021824495995651718,0.021380041734258753,,,,0.997,1.0,1.0
retained,5.0,9,12.5,2.5016592984051136,2.4987758046904465,0.004559133441657263,2.4470909176906406,0.029457286910741357,0.012037675714370547,0.9969643769073308,15.0,0.9969643769073308,0.9767271512966911,0.9767271512966911,0.004608416459426759,0.005253587782325166,,,,0.997,1.0,1.0
retained,5.0,9,13.0,2.502142733360583,2.4997262051455773,0.0048933065717775715,2.446958536535805,0.02978138001281298,0.012170774276778271,0.9969912991614969,15.0,0.9969912991614969,0.9769432913920817,0.9769432913920817,0.007741534231206577,0.019212807695269802,,,,0.997,1.0,1.0
retained,5.0,9,13.5,2.5020447259673486,2.4979825006428817,0.00517939049613523,2.4468114289986467,0.029200858962202658,0.011934249863363217,0.9970822171626146,15.0,0.9970822171626146,0.9768335292612648,0.9768335292612648,0.0006100182646281043,0.0168568132410139,,,,0.997,1.0,1.0
retained,5.0,9,14.0,2.5026406741568756,2.501179177772055,0.0055238990123282995,2.448424964128891,0.028995087091798512,0.011842342533096366,0.9972187288845866,15.0,0.9972187288845866,0.975711783476667,0.975711783476667,0.0028615756485632178,0.018849853436080095,,,,0.997,1.0,1.0
retained,5.0,9,14.5,2.4979950140263,2.500684528526445,0.0010410462928187232,2.446630899121204,0.030066071972787874,0.012288764923056923,0.9968798248718873,15.0,0.9968798248718873,0.9772633743452923,0.9772633743452923,-0.0024796557670048206,0.015702820316977065,,,,0.997,1.0,1.0
retained,5.0,9,15.0,2.499062648548674,2.5004975788848998,0.0018883204197061658,2.447458648827733,0.029875319151928086,0.012206669626977175,0.9970264086450852,15.0,0.9970264086450852,0.9766229255990652,0.9766229255990652,0.006399350644121782,0.015062488434100779,15.0,1.0178792023848486,0.0034939038241658944,0.997,1.0,1.0
retained,5.0,9,15.5,2.497994194996759,2.5042369872886705,0.004347707539108809,2.4477222739712547,0.02885413220420762,0.011788156079240907,0.9972538110731495,15.0,0.9972538110731495,0.976448752619576,0.976448752619576,0.004124200377797838,0.022972248011841268,,,,0.997,1.0,1.0
retained,5.0,9,16.0,2.4969347057915976,2.4996087413783368,0.0004697233377747964,2.4462291022886364,0.029966185057106107,0.012249950353820264,0.9972669147394734,15.0,0.9972669147394734,0.97744382044908,0.97744382044908,-0.0020980843039879737,0.006861391829909491,,,,0.997,1.0,1.0
retained,5.0,9,16.5,2.4988473766848145,2.5034242406282146,0.0038195227912726365,2.4453022343753203,0.029582793248576197,0.012097806493083032,0.9969181362448916,15.0,0.9969181362448916,0.9778664359894302,0.9778664359894302,0.014713847593045103,0.021965561128190925,,,,0.997,1.0,1.0
retained,5.0,9,17.0,2.498444949977468,2.497527584850004,0.002701415488232339,2.4485305459157134,0.028761589451266174,0.011746469530160496,0.9972577108778926,15.0,0.9972577108778926,0.9756792430999729,0.9756792430999729,-0.0021037619549555994,0.01558275700929567,,,,0.997,1.0,1.0
retained,5.0,9,17.5,2.5010779324750216,2.4989891717876214,0.003942792373050235,2.4469835195648155,0.02934877562106578,0.011993859127537287,0.9972449568691368,15.0,0.9972449568691368,0.9767952213078883,0.9767952213078883,-0.007700581895798901,0.00939069029048407,,,,0.997,1.0,1.0
retained,5.0,9,18.0,2.5029180751772846,2.499047425736304,0.005735292644627818,2.4453363279391453,0.03031440739704644,0.012396825357186957,0.9972325235459049,15.0,0.9972325235459049,0.9778255216236298,0.9778255216236298,0.012914369059336257,0.01704742293739857,,,,0.997,1.0,1.0
retained,5.0,9,18.5,2.5025753258576997,2.498697325590385,0.005466735792365652,2.4473271680708355,0.029178594924195684,0.011922637604352838,0.9971969589234367,15.0,0.9971969589234367,0.9766794896849005,0.9766794896849005,0.010836975878934684,0.016885249852631092,,,,0.997,1.0,1.0
retained,5.0,9,19.0,2.5010052377509018,2.4996297976734843,0.0037644381515460207,2.4476717951937204,0.02844772322297199,0.011622360186865046,0.9971853733510672,15.0,0.9971853733510672,0.9763083587728253,0.9763083587728253,0.0006621019566217394,0.015644276805371116,,,,0.997,1.0,1.0
retained,5.0,9,19.5,2.4999220665879114,2.502406299889299,0.003624289779835549,2.446458211240593,0.029659202459954515,0.01212332273802233,0.9974133905714823,15.0,0.9974133905714823,0.9770213949127647,0.9770213949127647,0.0003707493720696586,0.009786268173066902,,,,0.997,1.0,1.0
retained,5.0,9,20.0,2.500546237075947,2.5026294768275705,0.004242628622711302,2.4468819880146397,0.029374135085650076,0.012004720795498507,0.9973453244269935,15.0,0.9973453244269935,0.9767351777796176,0.9767351777796176,0.01550855015156183,0.020241404568610438,15.0,1.0176800960743626,0.002700832189560509,0.997,1.0,1.0
retained,5.0,9,20.5,2.4980943857595275,2.503455581368005,0.0036021865023550884,2.4464625592037406,0.029556700712040498,0.012081403249294128,0.9972857674204666,15.0,0.9972857674204666,0.9771171394631106,0.9771171394631106,-0.0010942261363106889,0.015827344085890267,,,,0.997,1.0,1.0
retained,5.0,9,21.0,2.49829428563793,2.500806554398982,0.0013453547889800456,2.446769662701782,0.029247897175404016,0.01195367819915986,0.9973065176080698,15.0,0.9973065176080698,0.976811159084068,0.976811159084068,0.0010650771528583289,0.015254840659362424,,,,0.997,1.0,1.0
retained,5.0,9,21.5,2.498707356989226,2.4992558562355023,0.0016111507107625796,2.4475848887564755,0.02883851187330699,0.01178243582307731,0.9973031830759825,15.0,0.9973031830759825,0.9764259848117997,0.9764259848117997,0.0038955105993866987,0.013533620766299648,,,,0.997,1.0,1.0
retained,5.0,9,22.0,2.499191475689399,2.4992938744101245,0.0020457735949725624,2.446385363222657,0.029435073913193277,0.012032067537560006,0.9972750988613767,15.0,0.9972750988613767,0.9773126189540803,0.9773126189540803,0.00031085481559340087,0.014213195299815098,,,,0.997,1.0,1.0
retained,5.0,9,22.5,2.4991580519908223,2.4978039876317712,0.002870463514335447,2.4480450354705634,0.028730040966311484,0.011735911941991294,0.9973368701469907,15.0,0.9973368701469907,0.976159254113636,0.976159254113636,0.017205018938511934,0.015267517369630125,,,,0.997,1.0,1.0
retained,5.0,9,23.0,2.501208226338384,2.4978687519753597,0.004469137991187363,2.4473956537485115,0.029334340851322863,0.01198594138483225,0.997391476834177,15.0,0.997391476834177,0.9766328919030551,0.9766328919030551,-0.00256564538980262,0.010735902952119979,,,,0.997,1.0,1.0
retained,5.0,9,23.5,2.500181393161358,2.500710536959288,0.003023264836811526,2.446391913145873,0.029987933931596374,0.01225802528632225,0.9973672377421606,15.0,0.9973672377421606,0.977054322951031,0.977054322951031,0.0025019944256498955,0.009050408715056048,,,,0.997,1.0,1.0
retained,5.0,9,24.0,2.50245368965051,2.5014484955324363,0.005409936693150216,2.447309331627017,0.028845214202636887,0.011786501129981818,0.9975265028983676,15.0,0.9975265028983676,0.9763584884268814,0.9763584884268814,0.014170756509717091,0.020918883478437553,,,,0.997,1.0,1.0
retained,5.0,9,24.5,2.5011438012759144,2.5032448165053744,0.005095468839374253,2.446667947568882,0.029401315725066924,0.0120168802449394,0.9975016791789132,15.0,0.9975016791789132,0.9768096219969428,0.9768096219969428,-0.000890135910813899,0.015000752258696808,,,,0.997,1.0,1.0
retained,5.0,9,25.0,2.5010660156027194,2.5022442155464995,0.004447212731971771,2.4468713327828278,0.029286299533359123,0.011968875985012176,0.9975541191736931,15.0,0.9975541191736931,0.9767107151091557,0.9767107151091557,0.009340078709037539,0.010633722009128476,15.0,1.0175762785770557,0.0034951690976835316,0.997,1.0,1.0
retained,5.0,9,25.5,2.5010236915972706,2.5009740992578773,0.003904986705825104,2.448375306467285,0.029272863537254286,0.011956036094601672,0.9974749199052128,15.0,0.9974749199052128,0.9755386026713841,0.9755386026713841,-0.0014001406415929246,0.011814121241453994,,,,0.997,1.0,1.0
retained,5.0,9,26.0,2.4967828183658276,2.4989701357072622,0.0010899313844019121,2.4459035615362996,0.030442254555477142,0.012446220298381681,0.9975457102309603,15.0,0.9975457102309603,0.9772114655062589,0.9772114655062589,-0.0019418990872890197,0.016083766460905598,,,,0.997,1.0,1.0
retained,5.0,9,26.5,2.4983468089755814,2.501699803329806,0.002060427778392399,2.446479282921853,0.030099715833375295,0.012303278447315083,0.9974524066817015,15.0,0.9974524066817015,0.9769441681397526,0.9769441681397526,0.004269846740670843,0.015302836398390163,,,,0.997,1.0,1.0
retained,5.0,9,27.0,2.4994872297170616,2.4985798912895065,0.0026208317504824758,2.4472236808808225,0.028879014811403463,0.01180072546576908,0.9974355776576532,15.0,0.9974355776576532,0.976585590290678,0.976585590290678,-0.0018856542038495705,0.015514573986455933,,,,0.997,1.0,1.0
retained,5.0,9,27.5,2.4994212337980883,2.4991027340831304,0.002327303018655226,2.447909122822586,0.028406191168604274,0.011604267047238352,0.9975940705950993,15.0,0.9975940705950993,0.9758448588066052,0.9758448588066052,-0.0002048047288368168,0.013017215308694678,,,,0.997,1.0,1.0
retained,5.0,9,28.0,2.501266989954617,2.4979922648296418,0.004465622086970787,2.4458518181773674,0.029604400658043938,0.012103922420003736,0.997592176202789,15.0,0.997592176202789,0.977260692610985,0.977260692610985,0.005582002457261845,0.0129173401342889,,,,0.997,1.0,1.0
retained,5.0,9,28.5,2.50123106750511,2.4997453238455583,0.003981799537672309,2.4465595109456983,0.029554989419889884,0.012080225021162733,0.9976187711946147,15.0,0.9976187711946147,0.9768815323385184,0.9768815323385184,-0.0006665906778433808,0.01581660450035868,,,,0.997,1.0,1.0
retained,5.0,9,29.0,2.5012320438564313,2.4998747047592818,0.003978138766780798,2.446388115758378,0.02917433990468143,0.011925474832368296,0.9976635645932428,15.0,0.9976635645932428,0.9770292011073428,0.9770292011073428,0.0019908792756459727,0.018468909214285675,,,,0.997,1.0,1.0
retained,5.0,9,29.5,2.500474201047436,2.5007364076604235,0.003313561071614887,2.4464842919306506,0.029088426728975707,0.01188988902357533,0.9977335382470843,15.0,0.9977335382470843,0.9770190326679342,0.9770190326679342,0.0003815669401642182,0.016833039937426936,,,,0.997,1.0,1.0
retained,5.0,9,30.0,2.5008372578216456,2.502473591988071,0.004380657784856515,2.4477864096453263,0.028883392748733718,0.011799801091680542,0.9977599290937859,15.0,0.9977599290937859,0.9762818522021259,0.9762818522021259,0.008752363587142983,0.010461736360351562,15.0,1.0179974087245887,0.0028331897445458168,0.997,1.0,1.0
retained,5.0,9,30.5,2.50062742576043,2.5015529180755633,0.0037331478039195915,2.4469404377547983,0.029053495978325232,0.011873397296496275,0.9976692811978446,15.0,0.9976692811978446,0.9767093380016953,0.9767093380016953,0.007993598546056581,0.016512921743280843,,,,0.997,1.0,1.0
retained,5.0,9,31.0,2.499544814890636,2.49872988140951,0.002596131844769973,2.4456049633574124,0.02881972246291417,0.011784291778402936,0.997639766361198,15.0,0.997639766361198,0.9775021157188578,0.9775021157188578,-0.005757535606531488,0.010110088600403935,,,,0.997,1.0,1.0
retained,5.0,9,31.5,2.4990149473376846,2.500407853421528,0.0018181870053216303,2.445976050655327,0.028894839628968133,0.011813214451231693,0.9977176332019089,15.0,0.9977176332019089,0.9771795782865549,0.9771795782865549,0.013271476685202593,0.01577098201231273,,,,0.997,1.0,1.0
retained,5.0,9,32.0,2.4991387134323118,2.4985285821290204,0.0023616850400905443,2.447552176452553,0.028724035447931534,0.011735821497200415,0.997655192472501,15.0,0.997655192472501,0.9761205507302175,0.9761205507302175,-0.0020598645483384443,0.014006767078345547,,,,0.997,1.0,1.0
retained,5.0,9,32.5,2.4990560259668775,2.499565628228946,0.001842461432885506,2.4461487893460094,0.029478890287685362,0.01205114358377468,0.9977248258902733,15.0,0.9977248258902733,0.9770695145749768,0.9770695145749768,-0.00026292065707316686,0.01768052816687857,,,,0.997,1.0,1.0
retained,5.0,9,33.0,2.5001118071682087,2.4986659914724823,0.0031334799900685105,2.44627949784893,0.02926595182201909,0.011963453827640429,0.9978081769502775,15.0,0.9978081769502775,0.9769820031687321,0.9769820031687321,0.0048109109573828265,0.009685852523089558,,,,0.997,1.0,1.0
retained,5.0,9,33.5,2.5008996707276965,2.500214072034837,0.0036543658446486567,2.447267561351262,0.029629254108866798,0.012107075898357009,0.9976850880382566,15.0,0.9976850880382566,0.976201695344722,0.976201695344722,0.005784122571142711,0.015962195472774644,,,,0.997,1.0,1.0
retained,5.0,9,34.0,2.5014424664693613,2.5003670195187677,0.00420824964222578,2.44653822406634,0.02951135100281852,0.012062493327313857,0.9977416474784639,15.0,0.9977416474784639,0.9767538240464395,0.9767538240464395,0.003522731376310043,0.008934795715964105,,,,0.997,1.0,1.0
retained,5.0,9,34.5,2.501361814695366,2.5005872270445284,0.0041558819700825604,2.447416668046038,0.02972540817291923,0.01214562626830981,0.9978837813698757,15.0,0.9978837813698757,0.9761576766597843,0.9761576766597843,0.0007562708793802961,0.0163549465033783,,,,0.997,1.0,1.0
retained,5.0,9,35.0,2.5010376353463784,2.501308094624281,0.004018470451019546,2.4466002462152927,0.03019387871892432,0.012341157394074487,0.9978416248967877,15.0,0.9978416248967877,0.9767316243151734,0.9767316243151734,0.004235809815952113,0.010499780799838801,15.0,1.0175015494071424,0.0029542178625548733,0.997,1.0,1.0
retained,5.0,9,35.5,2.4992034924705666,2.5002636193904717,0.0019734804756620975,2.4468003412006127,0.02914217479541074,0.011910319900115372,0.9977619089433831,15.0,0.9977619089433831,0.9763845402541551,0.9763845402541551,0.0064366498312901175,0.017512138324922065,,,,0.997,1.0,1.0
retained,5.0,9,36.0,2.4993627933543947,2.4985023479942483,0.0025588136354894775,2.4474454462797897,0.028994943982705003,0.011847023608545972,0.997745083106706,15.0,0.997745083106706,0.9758423140515365,0.9758423140515365,0.001257657354440794,0.017432981923957685,,,,0.997,1.0,1.0
retained,5.0,9,36.5,2.4961269425196235,2.5012429679547523,0.001713686400918724,2.445296056796281,0.02923731858665797,0.01195655573295424,0.9978803373415019,15.0,0.9978803373415019,0.9771494384289856,0.9771494384289856,3.987225253182787e-05,0.013071343179221285,,,,0.997,1.0,1.0
retained,5.0,9,37.0,2.4993328047815684,2.499305154134402,0.002176668058835781,2.446475814663426,0.029210348713656378,0.011939765984432997,0.9979155586791407,15.0,0.9979155586791407,0.9763660359558544,0.9763660359558544,0.012149249106063376,0.01773200378514183,,,,0.997,1.0,1.0
retained,5.0,9,37.5,2.4991453992488832,2.499348241914375,0.0019849825185363867,2.4463798274145043,0.02948466415585509,0.012052365632452272,0.9978753869439331,15.0,0.9978753869439331,0.9764853312790321,0.9764853312790321,0.00685867063017067,0.01223061098635495,,,,0.997,1.0,1.0
retained,5.0,9,38.0,2.500449946429905,2.500675792684617,0.003276088496990101,2.447049425346746,0.0293509835842837,0.011994438395997937,0.9978306247285147,15.0,0.9978306247285147,0.9760760754117466,0.9760760754117466,0.004634258609429591,0.015855853408429915,,,,0.997,1.0,1.0
retained,5.0,9,38.5,2.502959517314295,2.500286326288167,0.005714599617787003,2.445798250491081,0.02989898395534252,0.012224632162255916,0.9978420494499529,15.0,0.9978420494499529,0.9770297554391648,0.9770297554391648,0.004237249460375829,0.012071407667699673,,,,0.997,1.0,1.0
retained,5.0,9,39.0,2.5008913394870778,2.4983214501239828,0.0039857427071094955,2.446010308489806,0.029148434831600394,0.011916726078557274,0.9978683459527037,15.0,0.9978683459527037,0.9767937606620659,0.9767937606620659,0.008744725191176205,0.01663345748355711,,,,0.997,1.0,1.0
retained,5.0,9,39.5,2.502497871170296,2.501317199127507,0.00541785984217478,2.4465022170054627,0.02903311432070386,0.011867193137572797,0.9979470783277671,15.0,0.9979470783277671,0.9764289186175572,0.9764289186175572,-0.001609179145370745,0.01780947350157559,,,,0.997,1.0,1.0
retained,5.0,9,40.0,2.5006281620585518,2.4999247272521345,0.0033736089998925296,2.4461387337328575,0.029512536070882552,0.012064947774178703,0.9978788973051845,15.0,0.9978788973051845,0.9764024484588164,0.9764024484588164,0.005289634441605741,0.0211893993920313,15.0,1.0173555321853802,0.002942650691915799,0.997,1.0,1.0
retained,5.0,9,40.5,2.499989700378422,2.50146652010133,0.003126058670766479,2.446381246346859,0.029387358932006873,0.01201258347442392,0.9979633007860742,15.0,0.9979633007860742,0.9761973202153136,0.9761973202153136,0.0025595578319941976,0.009262600611818125,,,,0.997,1.0,1.0
retained,5.0,9,41.0,2.498821145073671,2.499384791717494,0.0016662222459179205,2.4472220239693234,0.02886717312407465,0.011795894627187496,0.99790419130135,15.0,0.99790419130135,0.9755595210485055,0.9755595210485055,0.006808319852158366,0.014781164711068365,,,,0.997,1.0,1.0
retained,5.0,9,41.5,2.4980257424824166,2.4996801595780616,0.0008178011792070062,2.4455264046214666,0.030210617550173912,0.012353421125645173,0.9979327506785586,15.0,0.9979327506785586,0.9767651617082359,0.9767651617082359,-0.003813457504315124,0.019434780281475293,,,,0.997,1.0,1.0
retained,5.0,9,42.0,2.4987561651982273,2.5022376263405754,0.002734167286245222,2.4467444454618854,0.029665873529190877,0.012124630990463202,0.9979808487234177,15.0,0.9979808487234177,0.9757344894679769,0.9757344894679769,0.00623266752785579,0.016145088850326065,,,,0.997,1.0,1.0
retained,5.0,9,42.5,2.4995756114886825,2.4996233062522553,0.0023441917085436576,2.4454304259963107,0.029408664222298767,0.012025966435056998,0.9979306982959371,15.0,0.9979306982959371,0.9768182566934369,0.9768182566934369,-0.005692389447861761,0.016072501618565955,,,,0.997,1.0,1.0
retained,5.0,9,43.0,2.5006194627666702,2.49978268291845,0.003369083652016009,2.4457254595458924,0.029157506399914414,0.0119218231490824,0.9978919163538726,15.0,0.9978919163538726,0.9766689235368546,0.9766689235368546,0.011785086679996934,0.015892035011921987,,,,0.997,1.0,1.0
retained,5.0,9,43.5,2.501118681182789,2.4983248142254904,0.004192898691049984,2.44793920723709,0.02958943428935779,0.012087487386075419,0.9980261339747565,15.0,0.9980261339747565,0.9751394881715156,0.9751394881715156,0.00842084005110326,0.012846538455705448,,,,0.997,1.0,1.0
retained,5.0,9,44.0,2.501677440143224,2.4997282504301315,0.0044284600130057635,2.445918764070137,0.02973298142603404,0.012156160647198601,0.9980326395349071,15.0,0.9980326395349071,0.9767281513694315,0.9767281513694315,-0.00037927116371833965,0.018076501796102755,,,,0.997,1.0,1.0
retained,5.0,9,44.5,2.5014521602536606,2.5004145827268305,0.004222834506387481,2.44568926393545,0.02984502442965891,0.012203113809165668,0.9979994121169413,15.0,0.9979994121169413,0.976931397686838,0.976931397686838,0.005700374701498389,0.013742457125350561,,,,0.997,1.0,1.0
retained,5.0,9,45.0,2.500418133052719,2.50106417555256,0.003353062322895469,2.4463583086709497,0.02962785659040988,0.012111004543118632,0.997962199742964,15.0,0.997962199742964,0.9764379796856574,0.9764379796856574,-0.00025116965966394064,0.017041261692605617,15.0,1.0174026934781564,0.0031160064218294817,0.997,1.0,1.0
retained,5.0,9,45.5,2.5014411154914993,2.5005982598676813,0.00423593766054255,2.4466733210414735,0.02912207793360314,0.011902724275918767,0.9979659632691312,15.0,0.9979659632691312,0.9760723041076268,0.9760723041076268,0.003014527248356871,0.013967466141746902,,,,0.997,1.0,1.0
retained,5.0,9,46.0,2.500429721130427,2.500852793233569,0.003300188064878992,2.4466224413210322,0.029399011281506147,0.012016161866655817,0.9980311931608468,15.0,0.9980311931608468,0.9761351521787078,0.9761351521787078,-0.0026482157169512607,0.017396230132206213,,,,0.997,1.0,1.0
retained,5.0,9,46.5,2.4997076742476176,2.5002363375706063,0.0024693568906561116,2.4459726228385836,0.03038506119388589,0.012422486216801407,0.9980691996949913,15.0,0.9980691996949913,0.9765077394006871,0.9765077394006871,0.012906752281382737,0.00952389186399976,,,,0.997,1.0,1.0
retained,5.0,9,47.0,2.499127496153745,2.4993420602663123,0.001969844353579028,2.4466236499088945,0.029585905701859566,0.012092544639205652,0.9980666023862423,15.0,0.9980666023862423,0.976196778915181,0.976196778915181,0.00032253256248440887,0.018571534268848555,,,,0.997,1.0,1.0
retained,5.0,9,47.5,2.4988630277345005,2.498150952140863,0.0024151368602041705,2.4457901665876003,0.029580901466016073,0.01209461950993439,0.9980545658937285,15.0,0.9980545658937285,0.9768579612341366,0.9768579612341366,0.004102041341174633,0.011446017023572059,,,,0.997,1.0,1.0
retained,5.0,9,48.0,2.4992724013607797,2.499223409637452,0.0021454644578840537,2.446535344297206,0.029761190082326108,0.012164627072197615,0.9980501089198833,15.0,0.9980501089198833,0.9763000214615256,0.9763000214615256,0.007641545351963418,0.013693469743460977,,,,0.997,1.0,1.0
retained,5.0,9,48.5,2.49909063813229,2.4990703383265007,0.0020369670086900237,2.4464769600149148,0.029235335116174026,0.01194997361266619,0.9980595082862591,15.0,0.9980595082862591,0.9762741976131181,0.9762741976131181,0.005804799350690734,0.013605918830247784,,,,0.997,1.0,1.0
retained,5.0,9,49.0,2.5005081234522963,2.5000369683212376,0.003254547732840487,2.4463681882430306,0.029178045042081817,0.011927086520462541,0.9980752876147092,15.0,0.9980752876147092,0.9765192209626644,0.9765192209626644,0.0023604688634516384,0.007817432748625307,,,,0.997,1.0,1.0
retained,5.0,9,49.5,2.499743173169899,2.5002570316114268,0.0025070524191672583,2.4457625931622764,0.02877647052432788,0.011765847840170382,0.9980433920557047,15.0,0.9980433920557047,0.9770306774305384,0.9770306774305384,0.004441951737223787,0.014068785787474626,,,,0.997,1.0,1.0
retained,5.0,9,50.0,2.5015285216976766,2.5002259397408007,0.004282582837205232,2.4473091755154996,0.029304496386684042,0.011974170112981889,0.9980942489249471,15.0,0.9980942489249471,0.976219898871983,0.976219898871983,0.002823039225262393,0.015193100776149595,15.0,1.017843678093574,0.002993711473431459,0.997,1.0,1.0
retained,5.0,9,50.5,2.500121261378437,2.5013139326030562,0.0031734022275503263,2.4458286119852333,0.029826139481542353,0.012194697263490198,0.997999501321342,15.0,0.997999501321342,0.9772548216083871,0.9772548216083871,0.005885484402013792,0.014046101573589384,,,,0.997,1.0,1.0
retained,5.0,9,51.0,2.5019110526782065,2.4993585557453186,0.004694128838154154,2.4467950564383862,0.0289212940215067,0.011820072116544665,0.9980179404175108,15.0,0.9980179404175108,0.9765545129681779,0.9765545129681779,0.0007543856131886488,0.013762277642512323,,,,0.997,1.0,1.0
retained,5.0,9,51.5,2.4997582991553693,2.4983927998851976,0.0029497892799043622,2.4463879665581514,0.029734130979438108,0.012154299066991964,0.9979540206618409,15.0,0.9979540206618409,0.9768672035905795,0.9768672035905795,0.001935612899135666,0.01025936424632683,,,,0.997,1.0,1.0
retained,5.0,9,52.0,2.4992293338322074,2.499163804225676,0.002126395908782433,2.4472137485407357,0.029317035726193586,0.011979760960265618,0.9981173234664426,15.0,0.9981173234664426,0.9764774092777461,0.9764774092777461,0.0005877578626459311,0.022347604675036443,,,,0.997,1.0,1.0
retained,5.0,9,52.5,2.4999618396584973,2.5001349184858443,0.0027133010090468397,2.446196491367356,0.030337405804197377,0.012401867924861427,0.9981451046774109,15.0,0.9981451046774109,0.9771824506229526,0.9771824506229526,0.0026630405424673425,0.013691675543644258,,,,0.997,1.0,1.0
retained,5.0,9,53.0,2.498725797267754,2.499381753929119,0.0015780135557375643,2.447377332746459,0.029461710214004944,0.012038074317270425,0.998141271578924,15.0,0.998141271578924,0.9765479434876744,0.9765479434876744,0.004733133367248725,0.01282319272537849,,,,0.997,1.0,1.0
retained,5.0,9,53.5,2.4998775669063247,2.4988698178416566,0.00283762089404533,2.4463443112513983,0.029552243480883766,0.012080165226523927,0.9980283498178453,15.0,0.9980283498178453,0.9772910626736224,0.9772910626736224,0.006474336969588917,0.01370021448882532,,,,0.997,1.0,1.0
retained,5.0,9,54.0,2.4988946968022843,2.499969735440478,0.0016401174314085564,2.4475004341702595,0.029270723833790677,0.011959435604232653,0.99815871519393,15.0,0.99815871519393,0.9766835053260647,0.9766835053260647,-0.004047998584970728,0.006825812824584888,,,,0.997,1.0,1.0
retained,5.0,9,54.5,2.5011457801591703,2.5002187302990215,0.003900199456314661,2.447456169497239,0.02950823079890639,0.012056694279827704,0.9981696663093363,15.0,0.9981696663093363,0.9766813767283362,0.9766813767283362,0.0075480646611863775,0.01254903715928613,,,,0.997,1.0,1.0
retained,5.0,9,55.0,2.500436891824772,2.499561141652766,0.003206214823918916,2.4466198356057007,0.029304626351921124,0.011977596979085344,0.9981032262833742,15.0,0.9981032262833742,0.9772878202780386,0.9772878202780386,0.0027698351196745524,0.015870810377988064,15.0,1.0175479110592174,0.0031730118200383154,0.997,1.0,1.0
retained,5.0,9,55.5,2.501304957887012,2.4997117488942053,0.004057446356047792,2.4459300664965453,0.029295477634231282,0.011977234359849454,0.9980347706002883,15.0,0.9980347706002883,0.9778899964208786,0.9778899964208786,0.00922068375413006,0.01887520766425932,,,,0.997,1.0,1.0
retained,5.0,9,56.0,2.4993665473603537,2.5011781705278864,0.0024417137172770306,2.447495621842752,0.029074676072359217,0.011879357745477194,0.9980849467198443,15.0,0.9980849467198443,0.9770061677435697,0.9770061677435697,-0.007000931628980895,0.01586526469223911,,,,0.997,1.0,1.0
retained,5.0,9,56.5,2.5001782853306955,2.499798915194055,0.0029276553064445454,2.4474209726366944,0.029374244582885834,0.012002121789141942,0.9981220741723014,15.0,0.9981220741723014,0.9770725603742383,0.9770725603742383,0.0013338064586156204,0.019310064269322972,,,,0.997,1.0,1.0
retained,5.0,9,57.0,2.4997159201465693,2.500726722945022,0.0025801103502761298,2.4471256358023186,0.029262728386542102,0.01195800001373774,0.9981849572038624,15.0,0.9981849572038624,0.9771713824349875,0.9771713824349875,-0.0003433042144654772,0.018802991193475053,,,,0.997,1.0,1.0
retained,5.0,9,57.5,2.500108337742968,2.500253650470488,0.0028695012653385996,2.4469395706724044,0.029246520569367117,0.011952285589680643,0.998114374588484,15.0,0.998114374588484,0.9773351638795945,0.9773351638795945,0.0027317521619535825,0.0118811798954231,,,,0.997,1.0,1.0
retained,5.0,9,58.0,2.4996270094192568,2.499306206444367,0.002458835755161597,2.447569380949171,0.029183757673231087,0.01192356707041072,0.9980876719338412,15.0,0.9980876719338412,0.9769319718757448,0.9769319718757448,0.006759980583222109,0.017267264392638794,,,,0.997,1.0,1.0
retained,5.0,9,58.5,2.498379137607507,2.499635608657934,0.001168305368914378,2.4480834039825803,0.029485627249993762,0.012044372018545644,0.9982327092394977,15.0,0.9982327092394977,0.9767743295262123,0.9767743295262123,0.0013885731308050425,0.019249117281730163,,,,0.997,1.0,1.0
retained,5.0,9,59.0,2.4996054584407665,2.4984507612535296,0.0027895954315855635,2.4463315113076916,0.029226326582400684,0.011947001641971938,0.998226064345968,15.0,0.998226064345968,0.9778057761516856,0.9778057761516856,0.002758366272852431,0.014046254918318806,,,,0.997,1.0,1.0
retained,5.0,9,59.5,2.499918765663777,2.500910544632222,0.002831077816285729,2.447603413093059,0.028655257356657575,0.011707475648779907,0.9980406281139782,15.0,0.9980406281139782,0.9770457749859853,0.9770457749859853,-0.00038021423404992015,0.017006659833154473,,,,0.997,1.0,1.0
retained,5.0,9,60.0,2.5007842124080533,2.5002167931810724,0.0035394150505059234,2.4464819973218583,0.02929294354578513,0.011973496464658989,0.99818737773204,15.0,0.99818737773204,0.9776668938801719,0.9776668938801719,-0.003571481421276042,0.01638878154948834,15.0,1.017491724217067,0.0030000019734733375,0.997,1.0,1.0
retained,5.0,9,60.5,2.501725624568639,2.5003196192728523,0.004485992025883726,2.446601487961503,0.029698802502011474,0.012138798512199213,0.9982325649469088,15.0,0.9982325649469088,0.9777259591061642,0.9777259591061642,0.003303517239654904,0.019504075235148216,,,,0.997,1.0,1.0
retained,5.0,9,61.0,2.50125181449794,2.500778350217584,0.004081541275226653,2.4481853025393545,0.029325156563759378,0.011978323917451088,0.9982128096398759,15.0,0.9982128096398759,0.9767955651871228,0.9767955651871228,0.004593999639477003,0.012216713343451506,,,,0.997,1.0,1.0
retained,5.0,9,61.5,2.500443855782931,2.4997694843192386,0.003194442083817448,2.447416457794523,0.02820275511757654,0.011523480210225973,0.9981297900220288,15.0,0.9981297900220288,0.9773531027824283,0.9773531027824283,0.0005335392639877301,0.012235423799824705,,,,0.997,1.0,1.0
retained,5.0,9,62.0,2.499253701331062,2.499313875469599,0.0020986061883270946,2.4474742501101936,0.029951509260907245,0.012237721912522155,0.9981504715775033,15.0,0.9981504715775033,0.9773197877800355,0.9773197877800355,-0.0016439135681858075,0.014302706961950254,,,,0.997,1.0,1.0
retained,5.0,9,62.5,2.497285050017124,2.4994929184857653,0.00046072086726170437,2.446509157749123,0.030093534200589304,0.012300601493875643,0.9981102557969102,15.0,0.9981102557969102,0.9779161333621006,0.9779161333621006,0.00127107507654677,0.0210665807316441,,,,0.997,1.0,1.0
retained,5.0,9,63.0,2.4983206858941456,2.5012375392221617,0.0016695412542026642,2.4473632737531146,0.02914154011236713,0.011907321003341523,0.9981710044557759,15.0,0.9981710044557759,0.9771212038851993,0.9771212038851993,0.016147017471325485,0.009527556229805055,,,,0.997,1.0,1.0
retained,5.0,9,63.5,2.4991097621422456,2.4993255195490347,0.001958225756250983,2.4479225100936133,0.028911216177986775,0.011810511181941439,0.9982627730134503,15.0,0.9982627730134503,0.9766816526473242,0.9766816526473242,-0.0034435968315171183,0.01942137197868924,,,,0.997,1.0,1.0
retained,5.0,9,64.0,2.5008390764392736,2.498954497888433,0.003720787684057145,2.446194777315401,0.02911458028000323,0.011901987752567804,0.9982464806355803,15.0,0.9982464806355803,0.9779031921007835,0.9779031921007835,0.0007183582861221066,0.010048806210311826,,,,0.997,1.0,1.0
retained,5.0,9,64.5,2.501055770628059,2.49830562172139,0.004142587975405926,2.448083697042745,0.02984783724844265,0.01219232711875761,0.9982755072367372,15.0,0.9982755072367372,0.9768206987417974,0.9768206987417974,0.007503723593135772,0.014055000998686703,,,,0.997,1.0,1.0
retained,5.0,9,65.0,2.4991581452808997,2.499269127479837,0.0020224758242957616,2.447388663309237,0.029375614524734136,0.012002839992326307,0.9981283498524242,15.0,0.9981283498524242,0.9773232579126737,0.9773232579126737,0.0019941403913896695,0.012178576823822106,15.0,1.0178729006068685,0.003995688995872672,0.997,1.0,1.0
retained,5.0,9,65.5,2.5005219797535734,2.5000823724638677,0.003269885962495529,2.4466145258757104,0.02889866827973468,0.011811696519455206,0.9982124882004412,15.0,0.9982124882004412,0.9776743467264717,0.9776743467264717,0.006730921558638274,0.019263755358470747,,,,0.997,1.0,1.0
retained,5.0,9,66.0,2.500580982092176,2.5013435225293574,0.0036054023271605115,2.4472949837681335,0.028805538927692827,0.011770358342066531,0.998223090004447,15.0,0.998223090004447,0.9772786067402508,0.9772786067402508,0.00476276126925877,0.0210700329720466,,,,0.997,1.0,1.0
retained,5.0,9,66.5,2.5008217422489833,2.4996826302633566,0.0035772780825833917,2.447309035740072,0.029434776718910514,0.012027404912518278,0.9981133011210357,15.0,0.9981133011210357,0.9771531545114417,0.9771531545114417,0.004614140508455802,0.012627144968060876,,,,0.997,1.0,1.0
retained,5.0,9,67.0,2.4997930249253018,2.5000897276379326,0.002542055720943751,2.44712587645033,0.028793008796458616,0.011766051380333658,0.9981668104254983,15.0,0.9981668104254983,0.9773360190073527,0.9773360190073527,0.002109575049707395,0.012121193928019032,,,,0.997,1.0,1.0
retained,5.0,9,67.5,2.498861581055323,2.499445666145425,0.001684988699248459,2.4469680860989604,0.029118864055214598,0.011899977045322597,0.9981897304492682,15.0,0.9981897304492682,0.9774114367196943,0.9774114367196943,0.010685826870294835,0.016083693255233882,,,,0.997,1.0,1.0
retained,5.0,9,68.0,2.4978017421775123,2.499452011213011,0.0007415627501328236,2.4473006729793982,0.028952756037693754,0.01183048587260266,0.9981673531703861,15.0,0.9981673531703861,0.9772305245921128,0.9772305245921128,0.0038237596627426823,0.015115880176684708,,,,0.997,1.0,1.0
retained,5.0,9,68.5,2.499626634384998,2.501200547077152,0.0026802057508751396,2.446123489597978,0.029107968907509676,0.011899631817972357,0.9982496287520476,15.0,0.9982496287520476,0.9778427349599556,0.9778427349599556,0.0033908211002558067,0.019023738273766636,,,,0.997,1.0,1.0
retained,5.0,9,69.0,2.4987364271286965,2.4987970143853184,0.0018791144624579494,2.4464729126952536,0.028558936262181787,0.011673514190156598,0.9982258781388619,15.0,0.9982258781388619,0.9775264389082287,0.9775264389082287,0.013260842008379129,0.011354091010841765,,,,0.997,1.0,1.0
retained,5.0,9,69.5,2.500785017742459,2.4987404657308847,0.0037326563983170525,2.4473432006809164,0.028425837986584154,0.011614978225642943,0.9982227648531902,15.0,0.9982227648531902,0.9770827858938989,0.9770827858938989,-0.00042662521160423064,0.018432770049125972,,,,0.997,1.0,1.0
retained,5.0,9,70.0,2.5010064142308934,2.4980297824611393,0.004215799303428885,2.44633148676161,0.029622412687683463,0.01210891199658998,0.9981982671869477,15.0,0.9981982671869477,0.9774999889309817,0.9774999889309817,0.002075347587892088,0.012682118916319934,15.0,1.0174420511031605,0.003438558052009865,0.997,1.0,1.0
retained,5.0,9,70.5,2.50027921784009,2.4993243751685967,0.0030891116879230534,2.4472455134474904,0.029209751065302117,0.01193576651986734,0.9982365787665766,15.0,0.9982365787665766,0.976890488802767,0.976890488802767,0.0008620628199125721,0.014669672893276389,,,,0.997,1.0,1.0
retained,5.0,9,71.0,2.50037451653525,2.499606566777633,0.003138983275929126,2.446931256289019,0.028822223427041042,0.011778926503539136,0.9981874391151284,15.0,0.9981874391151284,0.9770944451514907,0.9770944451514907,0.005107949412493208,0.015433715926744413,,,,0.997,1.0,1.0
retained,5.0,9,71.5,2.4993607689895354,2.5004727838058143,0.0021693806578341216,2.446457972447663,0.029219416010598874,0.011943559357925558,0.9981904120883951,15.0,0.9981904120883951,0.9774664925896559,0.9774664925896559,0.00015241060184811582,0.018907785526181334,,,,0.997,1.0,1.0
retained,5.0,9,72.0,2.500192838141409,2.499943742120131,0.002938183099000258,2.4470987967042257,0.02926804469681689,0.01196030366090464,0.9981418378140103,15.0,0.9981418378140103,0.9771627695715924,0.9771627695715924,0.016623421688590996,0.022218508986902502,,,,0.997,1.0,1.0
retained,5.0,9,72.5,2.500583500875722,2.501136532214781,0.0035330912728854316,2.447412684381851,0.02880742658465675,0.01177056357045592,0.9982476853710219,15.0,0.9982476853710219,0.9769387577181482,0.9769387577181482,-0.004379434588485856,0.008071894461530726,,,,0.997,1.0,1.0
retained,5.0,9,73.0,2.4995293084194956,2.4990528148217956,0.002446153275968795,2.4465963979368777,0.029399478675294473,0.012016480813952781,0.9981826733295606,15.0,0.9981826733295606,0.9775386915860956,0.9775386915860956,-0.00151045770965368,0.010242102518091644,,,,0.997,1.0,1.0
retained,5.0,9,73.5,2.499246214495377,2.4974731603825155,0.0031802605873842895,2.446530144769513,0.029199657923990194,0.011935131061604428,0.9980638324606793,15.0,0.9980638324606793,0.9773783385915674,0.9773783385915674,0.005306835599432827,0.016373715646049683,,,,0.997,1.0,1.0
retained,5.0,9,74.0,2.4971379174747224,2.500849105421342,0.0009040394206820425,2.448358530620009,0.028409157834259437,0.011603348724855774,0.998143247874712,15.0,0.998143247874712,0.9762845262989087,0.9762845262989087,0.006895373250792778,0.01929316653560806,,,,0.997,1.0,1.0
retained,5.0,9,74.5,2.499706294121003,2.4995316668166194,0.0024875055099261192,2.4468623020486926,0.029777527804736467,0.01216967860422899,0.9983287906622613,15.0,0.9983287906622613,0.977466349239032,0.977466349239032,-0.0021815564348982323,0.006966010398493805,,,,0.997,1.0,1.0
retained,5.0,9,75.0,2.5019480279400934,2.5001790315908186,0.004698816607470992,2.445683417838427,0.029893474515432932,0.0122229534278209,0.9982791824314867,15.0,0.9982791824314867,0.9780137678818864,0.9780137678818864,0.013357628759984405,0.015517916833646988,15.0,1.0171406344444243,0.0037618417454470744,0.997,1.0,1.0
retained,5.0,9,75.5,2.5016325823491377,2.5000737955216175,0.004379590063949247,2.4477300314140495,0.02887131402915436,0.011795138213210323,0.9982350305525813,15.0,0.9982350305525813,0.976609198855664,0.976609198855664,0.0035943281104955224,0.01905470985294979,,,,0.997,1.0,1.0
retained,5.0,9,76.0,2.501306995622527,2.498911028087974,0.004184053443356783,2.4482686967007243,0.02915277470428962,0.011907506207785022,0.9981859459684044,15.0,0.9981859459684044,0.9762679172227342,0.9762679172227342,0.006690689039096681,0.016918265510447783,,,,0.997,1.0,1.0
retained,5.0,9,76.5,2.501509257960752,2.4998107936652008,0.004256953233966301,2.4468585652789905,0.02935664447808859,0.011997687522548468,0.9982187608455311,15.0,0.9982187608455311,0.9772752274861441,0.9772752274861441,-0.0005909627687091232,0.012672827364416148,,,,0.997,1.0,1.0
retained,5.0,9,77.0,2.498318110462689,2.498875117914373,0.0015139204625751262,2.4458647117506347,0.02986629317476446,0.012210934248030249,0.9981026570999396,15.0,0.9981026570999396,0.9776943174494297,0.9776943174494297,-0.0007315324150653357,0.009222021410591823,,,,0.997,1.0,1.0
retained,5.0,9,77.5,2.4992491727274304,2.5001950534337474,0.002009182183930509,2.4473303445350885,0.028444070229293718,0.011622489090126142,0.9981940031611614,15.0,0.9981940031611614,0.9767401580993741,0.9767401580993741,0.012818084230109585,0.01782994963612441,,,,0.997,1.0,1.0
retained,5.0,9,78.0,2.4994030314605857,2.5003529357159717,0.0021853381492552013,2.4475658530161972,0.028645667733736665,0.01170373728593896,0.9982633762613694,15.0,0.9982633762613694,0.9766833258950285,0.9766833258950285,-0.005374058205963769,0.02092590227612716,,,,0.997,1.0,1.0
retained,5.0,9,78.5,2.499425279624191,2.499350956017805,0.002252459116426882,2.4454740691999324,0.02975651578197593,0.012167994809984286,0.9982236779891971,15.0,0.9982236779891971,0.978201972010137,0.978201972010137,-0.004420709425416035,0.013973399270699998,,,,0.997,1.0,1.0
retained,5.0,9,79.0,2.4981559931411947,2.4998661153135973,0.0009054678464840974,2.447016148640082,0.02882090155619213,0.011777977669746566,0.9982786188708613,15.0,0.9982786188708613,0.9772338715073772,0.9772338715073772,0.011146455414755256,0.0168604769307201,,,,0.997,1.0,1.0
retained,5.0,9,79.5,2.502313993835964,2.498715181431708,0.005208461186216703,2.447934918429261,0.02857976791294395,0.01167505218287519,0.9981773891093217,15.0,0.9981773891093217,0.9766071847071411,0.9766071847071411,-0.001895680555367902,0.008812777565030952,,,,0.997,1.0,1.0
retained,5.0,9,80.0,2.4982935385869385,2.4992609974761653,0.0012480447226188983,2.446337988347795,0.02990354191974849,0.012223798208662375,0.9982761238478202,15.0,0.9982761238478202,0.977514607699434,0.977514607699434,0.007035538378559876,0.022686862069944434,15.0,1.0174272198299412,0.0032562836068996963,0.997,1.0,1.0
retained,5.0,9,80.5,2.500458269238201,2.4993852576530893,0.003253456077689306,2.446479461420563,0.0295453404506753,0.01207667626750466,0.9983143939809332,15.0,0.9983143939809332,0.9771794052140718,0.9771794052140718,0.003584968284560252,0.011287490691913708,,,,0.997,1.0,1.0
retained,5.0,9,81.0,2.5013751739198904,2.500185815005296,0.004127097899916226,2.446935173393505,0.028762041196543863,0.011754312704841927,0.998225568294982,15.0,0.998225568294982,0.976877670534119,0.976877670534119,0.005172793725695905,0.016574994259778018,,,,0.997,1.0,1.0
retained,5.0,9,81.5,2.500872912323479,2.500226192863871,0.0036285701588388386,2.446748617355159,0.029338226064320107,0.011990698944803573,0.9982966681905707,15.0,0.9982966681905707,0.9770706910368832,0.9770706910368832,-0.002473642316432271,0.014587707339262183,,,,0.997,1.0,1.0
retained,5.0,9,82.0,2.5001066624741326,2.499451323917427,0.0028957182074604145,2.4473227621315012,0.02905368490415878,0.01187161961377518,0.9982939763139178,15.0,0.9982939763139178,0.9764921836616111,0.9764921836616111,0.009000905953325627,0.012928135597766904,,,,0.997,1.0,1.0
retained,5.0,9,82.5,2.49986906875381,2.500074707474116,0.0026172485507573798,2.445612110641438,0.029050891279719628,0.011878781247979725,0.9982948044149665,15.0,0.9982948044149665,0.9775635102504842,0.9775635102504842,0.00361865363948346,0.010934759769804493,,,,0.997,1.0,1.0
retained,5.0,9,83.0,2.4992046640844197,2.5008904363397866,0.0021637816990405295,2.446898568942033,0.028768653887451947,0.011757191022384988,0.9982845489170286,15.0,0.9982845489170286,0.976897731447376,0.976897731447376,0.0025230849822127227,0.01576088388707984,,,,0.997,1.0,1.0
retained,5.0,9,83.5,2.499416011005805,2.501110151465456,0.0024517834792706097,2.4480097065274404,0.02907552856201999,0.011877211305368684,0.998242202133924,15.0,0.998242202133924,0.9761384738427367,0.9761384738427367,0.002763005045836934,0.011457344993069529,,,,0.997,1.0,1.0
retained,5.0,9,84.0,2.499725763328072,2.501272280307824,0.0028013870354287036,2.446417065784782,0.029681272819029655,0.012132548139132707,0.9982351120589152,15.0,0.9982351120589152,0.9773129083178819,0.9773129083178819,-0.0008046375204836931,0.01563467496121364,,,,0.997,1.0,1.0
retained,5.0,9,84.5,2.5009651528925234,2.498583861653248,0.003954900638057366,2.4457833737216794,0.029356263095452147,0.01200280589477618,0.9983052791062438,15.0,0.9983052791062438,0.9775581624803051,0.9775581624803051,0.009891621889900542,0.010199597712604334,,,,0.997,1.0,1.0
retained,5.0,9,85.0,2.5002543330083906,2.4988275131368067,0.003203730604433594,2.448276455993676,0.028703711347615783,0.011724048269690148,0.998331583744511,15.0,0.998331583744511,0.9761078337406869,0.9761078337406869,0.009844448815038221,0.01742968502923158,15.0,1.0182231661954022,0.0036678218337861603,0.997,1.0,1.0
retained,5.0,9,85.5,2.4993205193406087,2.498602377000436,0.002467983078452362,2.4462001212837716,0.02908225400496856,0.011888746857598111,0.9982767702370592,15.0,0.9982767702370592,0.9776522368836464,0.9776522368836464,-0.0010604398249227682,0.014138532056010298,,,,0.997,1.0,1.0
retained,5.0,9,86.0,2.4999480903575244,2.4993868365518255,0.0027522083664957946,2.445764736688465,0.029521006226873862,0.01207025589339592,0.9983102021052402,15.0,0.9983102021052402,0.9779202048148589,0.9779202048148589,0.0018900186544492832,0.013008683330599579,,,,0.997,1.0,1.0
retained,5.0,9,86.5,2.5000907851422416,2.5003727347345386,0.0028670612272688003,2.4473820550540677,0.029340913958137736,0.01198869375443285,0.9982716435718245,15.0,0.9982716435718245,0.976824120158624,0.976824120158624,0.004468317759594156,0.017973372943253546,,,,0.997,1.0,1.0
retained,5.0,9,87.0,2.500676967766392,2.499964065830999,0.003422318346365555,2.4468460457087318,0.029623108709822755,0.012106650012482656,0.998284055460635,15.0,0.998284055460635,0.9772757759780393,0.9772757759780393,0.003491734427160341,0.021721066545266454,,,,0.997,1.0,1.0
retained,5.0,9,87.5,2.500922242656011,2.501622359307594,0.004029773480462933,2.4475098114307845,0.029427543536430543,0.012023462949563237,0.9983304598992051,15.0,0.9983304598992051,0.9767256229469777,0.9767256229469777,0.0017165580743349973,0.009458929475255673,,,,0.997,1.0,1.0
retained,5.0,9,88.0,2.498852299871426,2.5010670355304776,0.0019478991536817998,2.4475381801639404,0.02966475491231371,0.012120241944632999,0.9982957641645901,15.0,0.9982957641645901,0.9768429464359815,0.9768429464359815,0.007237018012080863,0.016180401479370044,,,,0.997,1.0,1.0
retained,5.0,9,88.5,2.500060973471416,2.4992263816315536,0.0028987572758133926,2.4474758925859654,0.029526686267385333,0.012064137733421304,0.9983063720505507,15.0,0.9983063720505507,0.9769672081242674,0.9769672081242674,0.001453557342077874,0.010488663500106021,,,,0.997,1.0,1.0
retained,5.0,9,89.0,2.500062840886448,2.500723577167613,0.002912075134548498,2.447302397125489,0.028896178810297223,0.011807359337463815,0.9982517613421759,15.0,0.9982517613421759,0.9770924915731563,0.9770924915731563,0.005171736237076697,0.014200442801854713,,,,0.997,1.0,1.0
retained,5.0,9,89.5,2.5009885104040603,2.498529082592193,0.003996008151239973,2.4471314553635795,0.02972699523841948,0.012147690379797285,0.9982533854972327,15.0,0.9982533854972327,0.9770849851996758,0.9770849851996758,-0.0028421204214221286,0.012612840036008434,,,,0.997,1.0,1.0
retained,5.0,9,90.0,2.498714376130223,2.4997673659403215,0.001471418208107812,2.4467123425967925,0.02966556001140374,0.012124661937135817,0.9982997696106641,15.0,0.9982997696106641,0.9773232674645416,0.9773232674645416,0.007297898978767408,0.018149924086455327,15.0,1.0175858299147662,0.003659747960985212,0.997,1.0,1.0
retained,5.0,9,90.5,2.500408600287975,2.4977920619920595,0.003823005104759861,2.447593201371592,0.029446157071143883,0.01203065813985867,0.9983418089962948,15.0,0.9983418089962948,0.9766193797996188,0.9766193797996188,0.0017149986711760793,0.01133301474398637,,,,0.997,1.0,1.0
retained,5.0,9,91.0,2.499532629589689,2.4992721000208955,0.002377443300152738,2.4477557890067563,0.028648521082349193,0.01170399482293702,0.998327204980811,15.0,0.998327204980811,0.976651580314475,0.976651580314475,0.005391705737631323,0.0066282518093129595,,,,0.997,1.0,1.0
retained,5.0,9,91.5,2.5007168266275333,2.5005615905724725,0.0035153042386584345,2.4457260693242584,0.028986115156482604,0.011851742318996224,0.9982717039531158,15.0,0.9982717039531158,0.9782137780273079,0.9782137780273079,0.004775109106191116,0.019735189153955553,,,,0.997,1.0,1.0
retained,5.0,9,92.0,2.5010514891069913,2.5009918804155147,0.003936479967611609,2.446587296677691,0.029043390608229344,0.011870980711650228,0.9982702371511796,15.0,0.9982702371511796,0.9777374682418857,0.9777374682418857,0.003101325427012505,0.01734292563058393,,,,0.997,1.0,1.0
retained,5.0,9,92.5,2.4998379568637685,2.4999087246364544,0.002583661548923464,2.449095031914614,0.02872520467381358,0.011728905697610783,0.998310632539567,15.0,0.998310632539567,0.9759176194166952,0.9759176194166952,-0.0042684702297902015,0.014729481183888914,,,,0.997,1.0,1.0
retained,5.0,9,93.0,2.498723117562376,2.499993426783901,0.0014690154795038756,2.446687691100134,0.02923935710472914,0.011950588222227044,0.9983137572795482,15.0,0.9983137572795482,0.9776536125657707,0.9776536125657707,-0.0017734195492383562,0.01206047605504523,,,,0.997,1.0,1.0
retained,5.0,9,93.5,2.4983190197487364,2.5009839005304793,0.001482008436719386,2.446519754824324,0.029580446564584334,0.012090826778019785,0.9982564140791099,15.0,0.9982564140791099,0.9776663701301324,0.9776663701301324,0.00868279943685169,0.020913158245471217,,,,0.997,1.0,1.0
retained,5.0,9,94.0,2.499469528273945,2.5006989276825067,0.002337210790447644,2.4470634023490896,0.02907989520328784,0.011883588784570201,0.9982715503986986,15.0,0.9982715503986986,0.9772011782911391,0.9772011782911391,0.004676890179459288,0.009341861047713762,,,,0.997,1.0,1.0
retained,5.0,9,94.5,2.498930052819253,2.500951553397771,0.0019505761987415268,2.4467042075477368,0.029479172267955222,0.012048523142689721,0.9983390804193938,15.0,0.9983390804193938,0.9776226626245526,0.9776226626245526,0.0020945439937847523,0.011890034560898403,,,,0.997,1.0,1.0
retained,5.0,9,95.0,2.4998842410958164,2.498409474394446,0.003048934468115136,2.4471775002069966,0.02941237191515947,0.012018896019055257,0.9984135476812698,15.0,0.9984135476812698,0.9773123329683887,0.9773123329683887,0.0010221781220744592,0.011086648102367832,15.0,1.017756032002356,0.003570817496657337,0.997,1.0,1.0
retained,5.0,9,95.5,2.5004131204452897,2.500550813347051,0.0032145970451403867,2.446401550681825,0.02925714665234376,0.011959257728638064,0.9981977544703197,15.0,0.9981977544703197,0.9776361836626697,0.9776361836626697,0.010159084301507129,0.015462435392280465,,,,0.997,1.0,1.0
retained,5.0,9,96.0,2.501061027426968,2.498824487538393,0.003970023727031474,2.447760428748507,0.028851224788398806,0.011786784543759409,0.9983012706143802,15.0,0.9983012706143802,0.976910048937288,0.976910048937288,0.0039490537760259155,0.01631623192295677,,,,0.997,1.0,1.0
retained,5.0,9,96.5,2.501587924518857,2.4998786629261645,0.004333887374682513,2.446846142616504,0.02911372939899977,0.011898471625137562,0.9983314152765543,15.0,0.9983314152765543,0.9774725526314504,0.9774725526314504,0.0006516688485586657,0.019455461136869745,,,,0.997,1.0,1.0
retained,5.0,9,97.0,2.5013239933190285,2.4993308533047442,0.004116554241503324,2.4473080527168714,0.02892304946425267,0.011818311729144125,0.9983911948399341,15.0,0.9983911948399341,0.9772596119200502,0.9772596119200502,0.0023898646982916357,0.018320292878256643,,,,0.997,1.0,1.0
retained,5.0,9,97.5,2.500798759245941,2.499811937977827,0.003546882471043637,2.4471646614324722,0.028743274879675144,0.011745541823430052,0.9983730403089209,15.0,0.9983730403089209,0.9773711927969976,0.9773711927969976,0.005606675080582754,0.01448045451932076,,,,0.997,1.0,1.0
retained,5.0,9,98.0,2.499373576939398,2.5008737968827464,0.0023104781641481564,2.4474195673338017,0.0290125453706221,0.011854340693299319,0.9982672783889159,15.0,0.9982672783889159,0.9776587723164715,0.9776587723164715,-0.0006268818086839953,0.01480180382045226,,,,0.997,1.0,1.0
retained,5.0,9,98.5,2.500328035595086,2.500713445246905,0.003166135684522549,2.447629244550063,0.029374801660191827,0.012001328111926392,0.998294800976192,15.0,0.998294800976192,0.9775704606524064,0.9775704606524064,0.007803049445516557,0.012539084445104097,,,,0.997,1.0,1.0
retained,5.0,9,99.0,2.4989391675043215,2.5009514786416394,0.0019583723958010142,2.4473364230286436,0.028689759964660562,0.011722850889930459,0.9983136775669127,15.0,0.9983136775669127,0.9778327510325701,0.9778327510325701,-0.0009270123689981404,0.012235787791799709,,,,0.997,1.0,1.0
retained,5.0,9,99.5,2.4994154957546963,2.5000699428805535,0.0021640090533376734,2.4468162573345333,0.029358474680074912,0.011998642968008106,0.9982981098911423,15.0,0.9982981098911423,0.9780869925545018,0.9780869925545018,0.008129018172128626,0.017787154295133473,,,,0.997,1.0,1.0
retained,5.0,9,100.0,2.4988813448937788,2.4994237162781587,0.0017105065647474002,2.449043218602849,0.028952718748428963,0.011822053007682796,0.9983885772104009,15.0,0.9983885772104009,0.9765315514019147,0.9765315514019147,-0.0010621234857038921,0.011014671948776821,15.0,1.0185705813976897,0.0035331726706366536,0.997,1.0,1.0
removed,5.0,9,0.0,2.497254668504934,2.4999526365311446,0.0,2.4466301108343167,0.02938376496547796,0.012009892641866452,0.9962448069520359,15.0,0.9962448069520359,0.9765315260002171,0.9765315260002171,0.0014190437589880736,0.012425639864218454,15.0,1.0175646862627756,0.0033009171199217574,0.997,1.0,1.0
removed,5.0,9,0.5,2.498677303931871,2.496495787987816,0.0037381403678154227,3.231568230185017,0.16330086769172134,0.05053300938113625,0.5975262557152513,15.0,0.5975262557152513,0.15671902454560438,0.15671902454560438,0.9090528820032938,0.020215295870520556,,,,0.997,0.003,0.0005015045135406219
removed,5.0,9,1.0,2.5005538911038636,2.4879606791582023,0.01243752030718963,4.418083311482433,0.15733914414229044,0.035612534452071534,0.44608928016849136,15.0,0.44608928016849136,-0.6970791958500356,0.6970791958500356,0.5333710436564576,0.03159933859402641,,,,0.997,0.0025,0.0
removed,5.0,9,1.5,2.4906157385018117,2.4758557855266194,0.02499467183062508,4.635379820593936,0.5868087413199783,0.12659345383369033,0.4116293342949621,15.0,0.4116293342949621,-0.6301819793950352,0.6301819793950352,-0.24060026818615743,0.08187488659276322,,,,0.997,0.0015,0.0
removed,5.0,9,2.0,2.2517763100265302,2.357587342924939,0.28377367972529227,4.118281183986918,1.1205977544193866,0.27210326453098893,0.1576975409853747,6.0,0.2801852698925989,0.04473567429695809,0.04473567429695809,-0.26461221737992596,0.11760607584166533,,,,0.997,0.0025,0.0
removed,5.0,9,2.5,2.445674881563416,2.2338129008077083,0.27109192786188396,4.089331687937424,1.1147120097153598,0.27259026530019576,0.10506836289930911,10.0,0.22993729912177088,-0.06838949703025428,0.06838949703025428,0.07657481590762943,0.14798851859145842,,,,0.997,0.038,0.03610832497492478
removed,5.0,9,3.0,2.3931439836713246,2.142154746573887,0.372637041575833,4.19473007862468,1.2830476149795704,0.30587131732686873,0.06693599789402274,4.0,0.30216892166732234,-0.014238054361436577,0.014238054361436577,0.15071840633277225,0.21548791355928162,,,,0.997,0.061,0.05917753259779338
removed,5.0,9,3.5,2.0999656198356766,2.511046215091586,0.397443902554562,4.288305336399928,1.3502903794501417,0.31487738710875546,0.1601725776321731,11.0,0.3246274881108416,-0.16350093802166257,0.16350093802166257,-0.11541496351793452,0.06686546684457544,,,,0.997,0.057,0.055165496489468405
removed,5.0,9,4.0,2.375031329180947,2.488448712735669,0.12276353260719813,4.212506639632197,1.2864575683570583,0.30539003933044995,0.030021589771897915,6.0,0.3872244552659895,-0.08119641891810148,0.08119641891810148,0.04608468998573136,0.2157227578245854,,,,0.997,0.056,0.05416248746238716
removed,5.0,9,4.5,2.271615735412952,2.2973781042421306,0.3032315439709409,4.226796485003049,1.2676691786497187,0.299912518416132,0.11808896670119848,6.0,0.3743968123854711,-0.0683534011731286,0.0683534011731286,-0.03878972912893866,0.14614177719882374,,,,0.997,0.061,0.05917753259779338
removed,5.0,9,5.0,2.3779508301644112,2.4039806921097138,0.153114401539541,4.193368927824862,1.2874075752272192,0.307010329256913,0.0802724210832003,6.0,0.33719054450089364,-0.04770235780769979,0.04770235780769979,0.04485721067461444,0.0680281399853618,18.0,2.1954199312577916,1.465894908790595,0.997,0.069,0.06720160481444333
removed,5.0,9,5.5,2.3418293404460426,2.448007504388467,0.16387595722232784,4.176534649680466,1.2769376978929259,0.30574095631904324,0.05152640380773416,6.0,0.40110730569167447,0.007952376570670132,0.007952376570670132,-0.04057711456951686,0.05766837395494187,,,,0.997,0.074,0.07221664994984955
removed,5.0,9,6.0,2.3814856438609886,2.3724248020288243,0.1722376719532101,4.215042703242684,1.2553091073216884,0.29781646253689525,0.09259036913981772,6.0,0.3667400772837648,-0.0841648700121115,0.0841648700121115,0.0189092020148109,0.09764125345941498,,,,0.997,0.0635,0.062186559679037114
removed,5.0,9,6.5,2.3749305697730967,2.2808341551912896,0.2509503815403369,4.190183785132955,1.2965070450493457,0.3094153172110104,0.11598458990426672,6.0,0.3743363304278737,0.00057927972603236,0.00057927972603236,-0.017870611827406468,0.0992017942131073,,,,0.997,0.0715,0.07021063189568706
removed,5.0,9,7.0,2.3406386318938437,2.3453648384719252,0.2200590153403499,4.236324456985977,1.248396491384208,0.2946885924484656,0.1371016171659425,6.0,0.3946489715365764,-0.11367229236752269,0.11367229236752269,-0.010186609709711998,0.032917488257218776,,,,0.997,0.0615,0.06018054162487462
removed,5.0,9,7.5,2.3820467349910057,2.3166566003975997,0.21649550759038746,4.1966370245986235,1.2969281361313827,0.3090398641887367,0.04135202396346264,6.0,0.35811382408901327,-0.016350324627419352,0.016350324627419352,0.05243378565706149,0.015011807319786177,,,,0.997,0.078,0.07673019057171515
removed,5.0,9,8.0,2.4473606501370657,2.2752703296237953,0.23015549549402792,4.223244161669186,1.2570635884919557,0.2976535431934668,0.13463135222924966,6.0,0.42175781908478327,-0.07234415694979009,0.07234415694979009,-0.05892054921770125,0.056641084380719985,,,,0.997,0.068,0.0667001003009027
removed,5.0,9,8.5,2.3046297336370007,2.302182825111716,0.27607474321594844,4.214430429177602,1.2614818338591738,0.2993243939028168,0.06563695678384547,6.0,0.3399567153461289,-0.03185079839906241,0.03185079839906241,0.06939145030086612,0.11615332778345375,,,,0.997,0.059,0.05717151454363089
removed,5.0,9,9.0,2.4114204722320047,2.281073000634147,0.23510806932179498,4.196585791573327,1.3036969510331204,0.31065657078926445,0.04269823565907679,6.0,0.38926243980075803,-0.0037057728886272226,0.0037057728886272226,-0.05435955175801076,0.16438066090784612,,,,0.997,0.067,0.06619859578736209
removed,5.0,9,9.5,2.499867347000591,2.3241284329660985,0.1758436141809092,4.2412975084241635,1.29399366486011,0.3050938214756097,0.04571826164318952,6.0,0.37033321148393067,-0.11116689731942482,0.11116689731942482,-0.00869949137561983,0.1608819135655729,,,,0.997,0.0575,0.05616850551654965
removed,5.0,9,10.0,2.4208691107420077,2.3378237280106897,0.17922203104748974,4.239277470057223,1.34747752598167,0.3178554684139327,0.07678176217847665,6.0,0.3814257925139507,-0.07059931721575068,0.07059931721575068,0.06548503406869055,0.12562985711882954,13.0,2.1941470498447915,1.9808537252861393,0.997,0.068,0.0667001003009027
removed,5.0,9,10.5,2.5162306791955156,2.284943670867118,0.21584472265414237,4.2263019584726855,1.3380125743771771,0.3165918070985899,0.010600319516955347,6.0,0.33404007147052417,0.02920128855238324,0.02920128855238324,0.10225169516624798,0.033333013116318554,,,,0.997,0.062,0.06118355065195587
removed,5.0,9,11.0,2.586013397496314,2.345235696912647,0.1783688408245093,4.237376064445935,1.4590626266947957,0.344331634602174,0.05063850153541588,6.0,0.3675374509680798,-0.0008225501660644953,0.0008225501660644953,-0.07846361510850552,0.0387670929587822,,,,0.997,0.0675,0.0667001003009027
removed,5.0,9,11.5,2.699224403102208,2.3428072374206605,0.25590320465927485,4.292366949812166,1.4778545696889989,0.34429828273504665,0.042808755288938995,4.0,0.3470413624466392,-0.1110303508860024,0.1110303508860024,0.06279448217913934,0.01540185737251263,,,,0.997,0.059,0.058174523570712136
removed,5.0,9,12.0,2.8181489851561676,2.308451920072078,0.3736919678871866,4.255483054789344,1.520030657725452,0.35719344623279137,0.05234937008343878,4.0,0.35765961872112156,0.051926042753189953,0.051926042753189953,0.05007217831893114,0.032627297757551604,,,,0.997,0.055,0.05416248746238716
removed,5.0,9,12.5,2.9389541652841564,2.304768165063622,0.4829031200531578,4.330570872824281,1.6188280587688153,0.3738140088937188,0.05603995155240483,4.0,0.3845480231030147,-0.07109314018307943,0.07109314018307943,-0.06977872548973921,0.07225718444564008,,,,0.997,0.049,0.048144433299899696
removed,5.0,9,13.0,3.1541001577509697,2.3944545409665707,0.6652637408656932,4.3622921933709256,1.7200304362509085,0.3942950999166723,0.10551071408403083,4.0,0.36625751276228424,-0.10028288428633528,0.10028288428633528,0.07380449636092966,0.14578230221238997,,,,0.997,0.055,0.05416248746238716
removed,5.0,9,13.5,3.3058612930670965,2.228459702789967,0.8529672246676337,4.356998065636725,1.8742229018146839,0.4301638131530333,0.12281341168967945,6.0,0.3394562641948933,0.02893424750010891,0.02893424750010891,0.032221964470137004,0.1323988333089258,,,,0.997,0.07,0.06920762286860582
removed,5.0,9,14.0,3.6123434434780166,2.273833533164737,1.1377841732851615,4.439461906030786,1.941782826364298,0.43739148290167407,0.14734884562003922,6.0,0.3097659411023632,-0.0949009410843934,0.0949009410843934,-0.06666880665360812,0.13901466804144272,,,,0.997,0.05,0.04914744232698094
removed,5.0,9,14.5,3.700409570976879,2.183852773957998,1.2439858690761074,4.497734783698504,2.0937282433602418,0.4655072706707178,0.06325716413457733,5.0,0.30038846518823775,-0.1277822619169289,0.1277822619169289,0.1594646949090562,0.12034390133989556,,,,0.997,0.0505,0.04964894684052156
removed,5.0,9,15.0,4.154176829445962,2.140687312950299,1.6954240237017808,4.497760205433063,2.272674807364881,0.5052903453189005,0.0777320987678714,5.0,0.3692022701896147,0.1401446524451802,0.1401446524451802,0.03827692047320593,0.050585976601953964,14.0,2.005938436247247,1.8144795593669178,0.997,0.06,0.05917753259779338
removed,5.0,9,15.5,4.2737811762937366,2.0516682636113974,1.8322132277331504,4.643371351319548,2.4104893807322196,0.5191248337368515,0.04607634728306223,5.0,0.3587667385561719,-0.08276786008499304,0.08276786008499304,-0.15211755082117387,0.08485295193791738,,,,0.997,0.05,0.04914744232698094
removed,5.0,9,16.0,4.592234585174315,2.0206617368656796,2.1491069349267327,4.751490047679628,2.5547141352303653,0.5376658920874622,0.06291420459889012,5.0,0.2994850183662557,-0.14938696127300058,0.14938696127300058,0.05824383380374033,0.13510581670571528,,,,0.997,0.048,0.04714142427281846
removed,5.0,9,16.5,4.811464991079579,1.8836405799364946,2.394871597437944,4.838225148546407,2.7384473129811435,0.5660024552193237,0.05922507057377563,8.0,0.23694298185859344,-0.05458912729734354,0.05458912729734354,0.10369155355398516,0.12421509883776706,,,,0.997,0.0545,0.05366098294884654
removed,5.0,9,17.0,5.215800887409167,1.8854819169344903,2.78712536667444,4.948444854522629,2.907994795703184,0.5876583211886102,0.08729936428763199,10.0,0.2423508847702004,0.09135670810410722,0.09135670810410722,0.0648432834879596,0.16457185164478566,,,,0.997,0.056,0.055165496489468405
removed,5.0,9,17.5,5.340449826940151,1.7842218617974483,2.9318985744480237,5.110232217391723,3.0851910778498723,0.6037281568829689,0.0988036367196943,10.0,0.2517786830814231,-0.05943678945364247,0.05943678945364247,-0.0781884382818296,0.1516076597602008,,,,0.997,0.0545,0.05366098294884654
removed,5.0,9,18.0,5.729507009419595,1.7796491355441109,3.3115392688117833,5.315478509010225,3.2592042969106005,0.613153508453839,0.16948065454885092,10.0,0.2634758592440025,-0.09481875637630156,0.09481875637630156,0.029351080221481522,0.1309300548551886,,,,0.997,0.05,0.04914744232698094
removed,5.0,9,18.5,6.006734838265684,1.664021279783534,3.607662996336804,5.4892547077387395,3.4416127060059245,0.6269726746609054,0.1552084539271669,10.0,0.25529417832261386,-0.04887912070860658,0.04887912070860658,0.08506978786337797,0.13095124647898868,,,,0.997,0.056,0.055165496489468405
removed,5.0,9,19.0,6.358299680884742,1.7960903238816708,3.924677151408923,5.6377307121121225,3.652038162759521,0.6477851371853338,0.13182139494117973,10.0,0.28199444377499405,0.06398027603793402,0.06398027603793402,0.03391414151898717,0.15780781412132805,,,,0.997,0.053,0.05215646940822467
removed,5.0,9,19.5,6.563496968623455,1.6710580641578106,4.149866582841325,5.882216559174597,3.8328993176919495,0.6516079915000254,0.10571435801431724,11.0,0.27598557767645326,-0.0936188261054487,0.0936188261054487,-0.012173297500059138,0.13038700567474037,,,,0.997,0.049,0.048144433299899696
removed,5.0,9,20.0,7.074684255268615,1.5912053018285461,4.666763690193516,6.209587098404096,3.9815912669495357,0.6412006472979226,0.15295135669680032,12.0,0.2869417270407176,-0.015333656463704397,0.015333656463704397,0.04409915063997605,0.10360000355029508,9.0,2.7918983081251936,2.290211823362081,0.997,0.0525,0.051654964894684054
removed,5.0,9,20.5,7.181923714005299,1.5781686058941164,4.774495770760169,6.340087327325763,4.202468273793263,0.6628407554704544,0.16404566416451227,12.0,0.31934034031212144,-0.07159908385775296,0.07159908385775296,0.06419492684915744,0.11159412603484282,,,,0.997,0.0485,0.047642928786359076
removed,5.0,9,21.0,7.677778450894182,1.4951681421184126,5.277065334076588,6.63435130118176,4.353430371710663,0.6561953345665005,0.20506177106739676,12.0,0.27077593254296173,0.11625593189965168,0.11625593189965168,0.0015370517203402276,0.13173039338947126,,,,0.997,0.0505,0.04964894684052156
removed,5.0,9,21.5,7.996161849301421,1.3159745730170882,5.624925265094432,7.042464524744135,4.515672658437485,0.6412063053454355,0.14281849894746337,13.0,0.33248058007679737,-0.1578211619018287,0.1578211619018287,-0.09125715187819353,0.15647868661902048,,,,0.997,0.051,0.05015045135406219
removed,5.0,9,22.0,8.20472253651645,1.3898344102761966,5.814426191865139,7.195262102327221,4.740725028154532,0.6588675938047068,0.17132061174704047,13.0,0.3610913601290864,-0.08366826350034191,0.08366826350034191,0.16693940302092475,0.13500015560725298,,,,0.997,0.0435,0.043630892678034106
removed,5.0,9,22.5,8.595647220788162,1.2117115875822508,6.232973345197339,7.482296242048194,4.88491060661487,0.6528624968312777,0.25101743201029325,5.0,0.34959422294862563,0.16621868468158105,0.16621868468158105,0.026908008751381333,0.15936741055772113,,,,0.997,0.05,0.05015045135406219
removed,5.0,9,23.0,8.98114370207601,1.2017414249202873,6.612576604442128,7.924750429723056,5.038714294048012,0.6358199338555194,0.26135918609489267,5.0,0.37822628735490277,-0.0828520894638125,0.0828520894638125,-0.13792740306127094,0.13359582686818489,,,,0.997,0.043,0.04262788365095286
removed,5.0,9,23.5,9.16290184115354,1.1409619411843035,6.802772077637002,8.167902121759095,5.2475447410532094,0.6424593075220474,0.3065867439817259,5.0,0.39650667474428714,-0.15703222374699355,0.15703222374699355,0.15040603795936072,0.09804818398760233,,,,0.997,0.0465,0.04663991975927784
removed,5.0,9,24.0,9.517446600675138,1.0367677475657986,7.171053254843681,8.435363909258387,5.4103111850189425,0.6413844433054936,0.2967767801017517,6.0,0.4008633503576435,0.11652775008478054,0.11652775008478054,0.090832092302865,0.07221793337998159,,,,0.997,0.048,0.047642928786359076
removed,5.0,9,24.5,9.801633725012241,0.939621779207286,7.469175709906655,8.829082624082453,5.577310276137333,0.6316975968629521,0.2942726931379682,6.0,0.4033291003607662,-0.05146489082104049,0.05146489082104049,-0.03787460998385258,0.0030168299871642305,,,,0.997,0.047,0.04714142427281846
removed,5.0,9,25.0,9.992718478303926,0.9011614437377997,7.664079266432465,9.058793429387878,5.772432085057518,0.6372186461754403,0.36789636522927655,6.0,0.39886082253387656,-0.040528280856551954,0.040528280856551954,0.1161967551457381,0.04716358290122275,10.0,2.4878813152216184,1.970968838543506,0.997,0.0595,0.059679037111334
removed,5.0,9,25.5,10.277282772695242,0.6933883184006975,7.987021468453254,9.407362930861522,5.932387908812038,0.6306111449522606,0.2426630230878775,6.0,0.40102317128329,0.00029691124605930516,0.00029691124605930516,0.04185601274604822,0.01657420341544723,,,,0.997,0.0515,0.05065195586760281
removed,5.0,9,26.0,10.519889735121035,0.6445852624989747,8.23438288548215,9.68003239801847,6.116355605830931,0.6318528032078659,0.35241656925819986,7.0,0.3899146388437172,0.02150097162080479,0.02150097162080479,0.029606665400501185,0.07666383919799238,,,,0.997,0.059,0.058174523570712136
removed,5.0,9,26.5,10.630534151272998,0.49466595751005427,8.376837697477216,9.948758379761177,6.340838450497061,0.6373497283235131,0.2977237206400436,7.0,0.38110431244766557,-0.13371890778926282,0.13371890778926282,0.05164239591964493,0.11218990900667541,,,,0.997,0.0555,0.054663991975927785
removed,5.0,9,27.0,10.851630054245902,0.340737629005175,8.628893181318213,10.142295486006176,6.5223779283512435,0.6430869557439427,0.30260782653563667,7.0,0.422744906374075,0.11499487511900881,0.11499487511900881,0.11912396617717026,0.17712792290141038,,,,0.997,0.0585,0.058174523570712136
removed,5.0,9,27.5,10.970239448680227,0.2121583526177744,8.776415770152918,10.44927194258213,6.749039485047525,0.6458860982978459,0.33633427605770283,3.0,0.3964176929173707,-0.10512953831301518,0.10512953831301518,-0.07890841517680097,0.16866803961185758,,,,0.997,0.0595,0.058676028084252756
removed,5.0,9,28.0,11.135967992251134,0.051538467355971535,8.978981001967197,10.675932556673054,6.954800667584915,0.6514466657283046,0.3363994317653286,3.0,0.4188036612204319,-0.05860507411682532,0.05860507411682532,0.17444105330949494,0.16231158034321486,,,,0.997,0.0475,0.04714142427281846
removed,5.0,9,28.5,11.225926211961458,-0.14126433597080387,9.119524878489013,10.840840724435752,7.1845132104191,0.6627265719553354,0.3243901667314816,3.0,0.4155700319790769,0.04522524130961292,0.04522524130961292,0.00724512386353991,0.127518192008895,,,,0.997,0.0545,0.05416248746238716
removed,5.0,9,29.0,11.380860262481752,-0.2816773261094332,9.308915812187584,11.131447623573841,7.401343860538944,0.6649039829163462,0.33476636961290285,3.0,0.4408220309172162,-0.06253646306422726,0.06253646306422726,0.06652894304963182,0.05107910524766471,,,,0.997,0.0515,0.05115346038114343
removed,5.0,9,29.5,11.473545737970015,-0.5313094183892526,9.474299499665333,11.34776036873592,7.62719809833551,0.6721324605469388,0.3005003414918659,3.0,0.46351299672239626,-0.03439781336597008,0.03439781336597008,0.08501177951943678,0.07252622270059425,,,,0.997,0.0455,0.04513540621865597
removed,5.0,9,30.0,11.514404746323342,-0.6180855853686699,9.541024991012687,11.439677495612958,7.8875829648632125,0.6894934728612804,0.3222694062520305,3.0,0.4601982580300235,0.07701054488014675,0.07701054488014675,0.02760472118542606,0.1179081163755814,8.0,3.0082428920787443,2.0136767592582254,0.997,0.056,0.055667001003009024
removed,5.0,9,30.5,11.554369549412861,-0.9065674718015663,9.676554614863646,11.720972413458822,8.111713380037683,0.6920682938152178,0.29081487169795894,3.0,0.4695610305992339,-0.13565213934855014,0.13565213934855014,-0.001944541354495207,0.10003083842478788,,,,0.997,0.0445,0.044132397191574725
removed,5.0,9,31.0,11.626273542746127,-0.9593556682677017,9.762468927167053,11.811369307839543,8.365278681271949,0.7082395328812278,0.3279673957828444,3.0,0.4682535931476103,0.01184813154353108,0.01184813154353108,0.11627656280254738,0.05846565328362309,,,,0.997,0.075,0.07522567703109329
removed,5.0,9,31.5,11.602689146998115,-1.2221885732128093,9.83683242855171,12.010475142561152,8.623991113257581,0.7180391292511825,0.3021120995478245,3.0,0.4855136789457358,-0.05879954430970048,0.05879954430970048,0.08373111880858715,0.10669931388100214,,,,0.997,0.061,0.06118355065195587
removed,5.0,9,32.0,11.574390950850766,-1.3213687574730502,9.848700436329318,12.058658427793802,8.898820433866618,0.7379610664944182,0.337545592894152,3.0,0.47166981493559285,0.0059405101232219565,0.0059405101232219565,0.003901657687338781,0.09314192772526156,,,,0.997,0.054,0.05416248746238716
removed,5.0,9,32.5,11.586968684525214,-1.5560241159907908,9.953584696481663,12.253257550116203,9.140308119045052,0.7459492368997312,0.35931801394624485,3.0,0.47840355003393864,-0.07281048910213221,0.07281048910213221,0.055411350141592625,0.02630002094647913,,,,0.997,0.054,0.05416248746238716
removed,5.0,9,33.0,11.582123722692415,-1.6591054113935766,9.991626973508406,12.385374604481848,9.42972947094601,0.7613600534564138,0.29536359070406637,3.0,0.503419131719411,-0.07334446343161458,0.07334446343161458,0.10241999261033082,0.08974687187198259,,,,0.997,0.067,0.06720160481444333
removed,5.0,9,33.5,11.480504470786986,-1.8820928760395894,9.995053770963008,12.398957436679302,9.710032740276132,0.7831330004852957,0.4192067107235879,3.0,0.4804445781919367,0.0785525366548806,0.0785525366548806,0.01745802311911086,0.13104045583177626,,,,0.997,0.053,0.05315947843530592
removed,5.0,9,34.0,11.53124688704343,-2.0543421753545004,10.117045845412711,12.702960154580273,9.961187170016164,0.7841626714403638,0.2944141594641601,3.0,0.5025011486545766,-0.14269372164570138,0.14269372164570138,0.04834555141782582,0.10807527241355108,,,,0.997,0.0315,0.03159478435305918
removed,5.0,9,34.5,11.42552939157566,-2.1898486927244587,10.085054587780437,12.668282305374824,10.267348222041475,0.8104767461398698,0.41344646953996456,3.0,0.49653175953305684,0.012559576664376806,0.012559576664376806,0.03511588223501806,0.06822381321947629,,,,0.997,0.0405,0.040621865596790374
removed,5.0,9,35.0,11.462519828644092,-2.23167315730572,10.13727093672194,12.817562255826456,10.55492793228961,0.8234738963324852,0.32828406938492277,3.0,0.5089994362353566,0.07907575111310318,0.07907575111310318,0.24994206076948017,0.2212355034568762,10.0,2.5553087519311246,2.068791396635143,0.997,0.0415,0.04162487462387161
removed,5.0,9,35.5,11.380414683586434,-2.48413375079417,10.185855338157138,13.04289265750999,10.827298465406178,0.8301301520849296,0.3338092239483733,3.0,0.502260000518714,-0.13196954449987827,0.13196954449987827,-0.19890609262330236,0.2148331807606219,,,,0.997,0.026,0.026078234704112337
removed,5.0,9,36.0,11.473171635705441,-2.4391026858490577,10.245064806022954,13.122451154308,11.103390362550263,0.8461369169513049,0.3554995504874877,3.0,0.5087006729034428,-0.01225372422354602,0.01225372422354602,0.25581620121058407,0.11568771231555686,,,,0.997,0.035,0.03510531594784353
removed,5.0,9,36.5,11.366087422870239,-2.592789607369423,10.227033684686496,13.264551105201605,11.422284570398158,0.861113540881077,0.40157378373022734,17.0,0.552494639469428,-0.0597186354799557,0.0597186354799557,0.0585350159960028,0.05939939973749377,,,,0.997,0.0295,0.02958876629889669
removed,5.0,9,37.0,11.318801366917532,-2.7382292139109743,10.259543618045367,13.273611593119705,11.706467827601696,0.8819353907921843,0.3043401592400614,3.0,0.5184273593312116,0.1324848517640368,0.1324848517640368,-0.04881274922916205,0.18946492557549838,,,,0.997,0.031,0.031093279839518557
removed,5.0,9,37.5,11.443590059437463,-2.7920950526843282,10.394358357877733,13.700771887269587,11.967215749559875,0.8734701846017531,0.382141543918519,17.0,0.542870831037246,-0.30937852997468035,0.30937852997468035,0.130375451886104,0.27785378768262664,,,,0.997,0.0275,0.027582748244734202
removed,5.0,9,38.0,11.27717844966916,-2.8858659210581186,10.300199179546286,13.469237713294401,12.3146198983078,0.9142774194380006,0.32925397311567345,3.0,0.5132507308318481,0.22000186035636696,0.22000186035636696,0.09616513627515544,0.2726699862948778,,,,0.997,0.031,0.031093279839518557
removed,5.0,9,38.5,11.319907174444285,-3.02772854620377,10.411265845156372,13.849241341062752,12.59229898713107,0.9092410679417601,0.3336435104686463,3.0,0.5184148053287257,-0.17824449605989143,0.17824449605989143,0.0031736243326670505,0.2180452926714181,,,,0.997,0.027,0.02708124373119358
removed,5.0,9,39.0,11.315005939439782,-3.102960745419956,10.447266429153602,13.864104457768404,12.891342478765868,0.9298359312016382,0.3150600458447016,18.0,0.5552728101964287,0.061399825688020306,0.061399825688020306,0.11398028180554715,0.14063255573045189,,,,0.997,0.036,0.03610832497492478
removed,5.0,9,39.5,11.251930983585897,-3.225232959661887,10.46050225814687,14.05613282553813,13.18714545994712,0.9381773510270068,0.33567503680064004,3.0,0.5162493644664627,-0.12554678216569254,0.12554678216569254,-0.005176409271342538,0.12257061130395203,,,,0.997,0.0325,0.03259779338014042
removed,5.0,9,40.0,11.204912369404015,-3.173962420525722,10.39310419031406,14.050372620722127,13.545875451825191,0.964093680465607,0.36582592620499116,3.0,0.5106108033702697,0.02191114248720774,0.02191114248720774,0.2748341427734632,0.1833687401818188,9.0,3.0029902961545734,2.263559116893325,0.997,0.0325,0.03259779338014042
removed,5.0,9,40.5,11.086188542011625,-3.4574247762877737,10.452757087115135,14.19781888688406,13.82226848602822,0.9735487257692255,0.27661626899100433,3.0,0.5225596092790601,-0.01246453685329503,0.01246453685329503,-0.22324014702898043,0.247502693391418,,,,0.997,0.031,0.031093279839518557
removed,5.0,9,41.0,11.150576643034302,-3.373099867590137,10.458141656672954,14.34176900263299,14.150022643253529,0.9866302156069967,0.27672740907201554,3.0,0.5102352217794418,-0.1510592283755359,0.1510592283755359,0.29154841810165705,0.20260334994041052,,,,0.997,0.034,0.034102306920762285
removed,5.0,9,41.5,10.922606488690356,-3.5063943748228805,10.347113496753732,14.235403803256743,14.521835274138235,1.0201210639922953,0.28539316909685,3.0,0.49359007175540537,0.17309461732130393,0.17309461732130393,-0.01392563941864558,0.22426832764105842,,,,0.997,0.032,0.0320962888665998
removed,5.0,9,42.0,11.034478487580625,-3.69064533235202,10.545505855544992,14.6672329298907,14.759334847592015,1.0062794337651526,0.17345302124201242,3.0,0.5295732873716668,-0.2137466853277259,0.2137466853277259,0.012332792069614535,0.19701965362983054,,,,0.997,0.0315,0.03159478435305918
removed,5.0,9,42.5,10.884312377585191,-3.671913694255327,10.413196964455162,14.539438358065944,15.150967115229017,1.042059998612245,0.32120419046744997,3.0,0.4983574391266661,0.05579549755168837,0.05579549755168837,0.1937627116060462,0.12233047172102156,,,,0.997,0.034,0.034102306920762285
removed,5.0,9,43.0,10.839967003996819,-3.83934271500321,10.477953744255293,14.730134982508456,15.460357668760516,1.0495733872852608,0.15138608091217945,3.0,0.533594524924158,0.025240132452700743,0.025240132452700743,0.0024899049953424042,0.015617874527298962,,,,0.997,0.034,0.034102306920762285
removed,5.0,9,43.5,10.806700265054372,-3.934609962953104,10.509542424325444,14.933705974805317,15.772097715456557,1.0561409031398965,0.3037869747118785,3.0,0.4972363074284773,-0.1585302772375192,0.1585302772375192,0.06031992082050844,0.09808080377459391,,,,0.997,0.024,0.024072216649949848
removed,5.0,9,44.0,10.701151467920681,-3.9550745713696323,10.43893188742044,14.81606218780188,16.157284638352326,1.0905248934264518,0.1185987393360393,3.0,0.5411103162218367,0.19178501765385955,0.19178501765385955,0.12367614213479199,0.16915124660606567,,,,0.997,0.048,0.048144433299899696
removed,5.0,9,44.5,10.72525845312613,-4.11062190076712,10.554607619088307,15.228772881064982,16.429570452363453,1.078850579798948,0.28528322957088137,3.0,0.49204454078558446,-0.22247393361846424,0.22247393361846424,0.03493240996305751,0.09629524633313398,,,,0.997,0.024,0.024072216649949848
removed,5.0,9,45.0,10.620004698939146,-4.202607683748309,10.531067510176905,15.156831482737555,16.81184565279589,1.1091926219502581,0.08640351648604325,3.0,0.575362234132602,0.1113935567421642,0.1113935567421642,0.07612379484718297,0.021237717098400413,10.0,2.539964990427502,2.1935335530560494,0.997,0.03,0.03009027081243731
removed,5.0,9,45.5,10.59047332104427,-4.226070083049446,10.52328702365021,15.377984091352634,17.130150434778514,1.113939924311091,0.2877795611952649,3.0,0.47042587980924255,-0.07569853345081079,0.07569853345081079,0.13632624608317023,0.10298657632182759,,,,0.997,0.029,0.029087261785356068
removed,5.0,9,46.0,10.621576981001278,-4.509528951175422,10.730211795007744,15.685260124104767,17.417731124348293,1.1104521688856854,0.03843077247996596,3.0,0.5920586943207814,-0.09602748884393385,0.09602748884393385,0.011261521810516869,0.17771822591653985,,,,0.997,0.029,0.029087261785356068
removed,5.0,9,46.5,10.410631320751405,-4.461810061643152,10.539813561254801,15.52953888859876,17.83122559654591,1.1482134610987689,0.3137921393090957,3.0,0.4909715862798663,0.11384913134931726,0.11384913134931726,0.11642005940432368,0.22878242625882847,,,,0.997,0.0385,0.03861584754262788
removed,5.0,9,47.0,10.584109648154465,-4.724158463511703,10.843661957459053,16.101321888300888,18.054648603190635,1.1213146801511384,0.20430762514614328,3.0,0.5744006427413643,-0.1704672497077959,0.1704672497077959,0.14685637608631127,0.20433097140796752,,,,0.997,0.028,0.028084252758274825
removed,5.0,9,47.5,10.31255666197637,-4.841180391419107,10.722461442375096,16.035325647583143,18.45654802209242,1.1509930280009129,0.37339939752187784,3.0,0.5277649690277924,0.005778423600542,0.005778423600542,0.0045728884832145315,0.13648774702346766,,,,0.997,0.038,0.03811434302908726
removed,5.0,9,48.0,10.344771144560942,-4.9256107223659065,10.803819048788487,16.207225833648433,18.78783408119976,1.159225784476553,0.19461866168909261,3.0,0.5882620390173715,0.02036663536119185,0.02036663536119185,0.1161004725378142,0.05776766393177822,,,,0.997,0.0245,0.02457372116349047
removed,5.0,9,48.5,10.225574032148561,-5.018252946005497,10.781944878719894,16.389514777788204,19.14003836075737,1.1678221485053846,0.2521206391360479,3.0,0.5171807461699756,-0.05901631951355532,0.05901631951355532,0.16042424207014666,0.04824523753518389,,,,0.997,0.0225,0.022567703109327986
removed,5.0,9,49.0,10.208148004356088,-5.1677813230124485,10.874374469881557,16.584604204190782,19.45708209463651,1.17320147379338,0.13206139376143702,3.0,0.569151729284273,-0.027808406549812835,0.027808406549812835,0.023267971595954163,0.04962152578828638,,,,0.997,0.056,0.05616850551654965
removed,5.0,9,49.5,10.050982870951886,-5.256369802113041,10.826788421718499,16.62827827642908,19.84630563751848,1.1935273939726532,0.13382057550351628,3.0,0.5540362320663078,0.03740169969935678,0.03740169969935678,0.10310961806896339,0.10236007211612144,,,,0.997,0.0235,0.02357071213640923
removed,5.0,9,50.0,10.1006522562854,-5.3170410268581785,10.904909206927615,16.91586654248791,20.155735599625963,1.1915284120385088,0.17212903259836324,3.0,0.5390791578007043,-0.044854355927375314,0.044854355927375314,0.15212791337790238,0.13353811122919962,8.0,3.4964515081329957,2.447121156220266,0.997,0.0235,0.02357071213640923
removed,5.0,9,50.5,9.991616215087705,-5.582842196011264,11.022568997101935,17.180584574121678,20.482200749664653,1.1921713525694606,0.22861495977503207,3.0,0.5989983256968103,-0.10231797840163245,0.10231797840163245,0.019788108609361955,0.14439524856632122,,,,0.997,0.0215,0.02156469408224674
removed,5.0,9,51.0,9.82380851748737,-5.516594225821928,10.860175638466545,17.09048091182205,20.912487020213064,1.2236336196804858,0.3803239430379687,3.0,0.515020754670939,0.01539890284329708,0.01539890284329708,0.11333930406216802,0.11542146822109814,,,,0.997,0.022,0.022066198595787363
removed,5.0,9,51.5,9.865003847827976,-5.69224626009115,11.017978522906771,17.389959453921342,21.21110381051212,1.219732792748354,0.26880421363900897,3.0,0.5945934925031413,-0.03794770607373065,0.03794770607373065,0.07054068174505661,0.06605915929893576,,,,0.997,0.0295,0.02958876629889669
removed,5.0,9,52.0,9.731794029966018,-5.75148514673791,10.973822727914365,17.495970404730176,21.59951622645552,1.234542338995722,0.1504190977393776,3.0,0.5436322199472922,-0.013909635070561411,0.013909635070561411,0.15736108261725634,0.08027627741631795,,,,0.997,0.0235,0.02357071213640923
removed,5.0,9,52.5,9.697438111668692,-5.897891984454662,11.06193635370543,17.726623621869237,21.935367691157204,1.2374250257164405,0.11342031015395115,3.0,0.58753195327911,-0.07999845076333016,0.07999845076333016,0.006299417737100815,0.09722409370706281,,,,0.997,0.0245,0.02457372116349047
removed,5.0,9,53.0,9.538416383584357,-5.9301027228873675,10.983796778016288,17.684822677582954,22.346638896764073,1.2636054827448384,0.2504937826902071,3.0,0.5862946633202215,0.09763936554835657,0.09763936554835657,0.10140672767771636,0.14416219643295522,,,,0.997,0.033,0.033099297893681046
removed,5.0,9,53.5,9.623745078210423,-5.988197567447421,11.08312047416817,18.05689551154278,22.656561287691886,1.2547318155110767,0.258742419033614,3.0,0.537799226546095,-0.12127361923191857,0.12127361923191857,0.1615327080708092,0.1494111757387967,,,,0.997,0.024,0.024072216649949848
removed,5.0,9,54.0,9.489690877243419,-6.206826568750836,11.167012503924573,18.213604116709803,23.015661816679813,1.2636522496700382,0.2449280169501659,3.0,0.639047134462812,-0.060016920932023314,0.060016920932023314,-0.04030856326987151,0.19753034662680177,,,,0.997,0.0305,0.030591775325977934
removed,5.0,9,54.5,9.385713990097775,-6.06185336000368,10.988875909188302,18.105133297392495,23.45226048617821,1.2953376316514504,0.13908714317151927,3.0,0.5289578872044843,0.10746268496935395,0.10746268496935395,0.19931186378250096,0.23542925831476041,,,,0.997,0.0245,0.02457372116349047
removed,5.0,9,55.0,9.562114920468561,-6.30491949286688,11.288845095705126,18.721092464911468,23.697279667328488,1.2658064539632918,0.152407762559326,3.0,0.6114064230038777,-0.22587087322405597,0.22587087322405597,0.1385857349030023,0.2780155087950525,5.0,5.240416290340972,1.0571039387957768,0.997,0.0215,0.02156469408224674
removed,5.0,9,55.5,9.218358825234533,-6.347289142932818,11.110667315238118,18.499308510936583,24.1742083475282,1.3067628086334513,0.15401551706024874,3.0,0.6073093843645795,0.09147796479101325,0.09147796479101325,-0.0872599531878115,0.29373778711858556,,,,0.997,0.053,0.05315947843530592
removed,5.0,9,56.0,9.420114914515532,-6.253963751418248,11.160512806901073,18.741393503179303,24.504151713869813,1.307488245722652,0.14426150180070324,3.0,0.5445299106179962,0.00888305336634405,0.00888305336634405,0.28214195660340824,0.27436332109876266,,,,0.997,0.019,0.01905717151454363
removed,5.0,9,56.5,9.401011881551707,-6.565468713629798,11.394899205901261,19.225250918393968,24.80435400150029,1.2901966328963985,0.31406092611662795,3.0,0.6392342855182058,-0.1804044358343692,0.1804044358343692,0.028185691907502104,0.24137839227979044,,,,0.997,0.021,0.02106318956870612
removed,5.0,9,57.0,9.193506675987761,-6.461752991875914,11.187133623852919,18.97334031515978,25.270794946420995,1.3319106982037063,0.1536338293992291,3.0,0.5541273204725246,0.1049199177724309,0.1049199177724309,-0.015105466712157156,0.246600878959987,,,,0.997,0.03,0.03009027081243731
removed,5.0,9,57.5,9.437249058661065,-6.556844638449337,11.41004377798317,19.404211912957,25.568576229044982,1.317681766398963,0.18893605375411368,3.0,0.6192606510281267,-0.06655607875963371,0.06655607875963371,0.25525066306501154,0.2241514807871274,,,,0.997,0.0125,0.012537612838515547
removed,5.0,9,58.0,9.214964700486522,-6.717556134953831,11.405704538790602,19.565412728961025,25.962456708330016,1.3269567613005162,0.28258767258694595,3.0,0.6028581963157443,-0.0733949894179382,0.0733949894179382,-0.040032152293670596,0.2361943006182771,,,,0.997,0.0875,0.08776328986960882
removed,5.0,9,58.5,9.331206449130905,-6.635617774809853,11.408836210608424,19.63108296333347,26.33193605890192,1.3413389423336535,0.15277098991625518,3.0,0.5618350902532075,0.06069524147819391,0.06069524147819391,0.17053851152636196,0.2327643137688627,,,,0.997,0.014,0.014042126379137413
removed,5.0,9,59.0,9.354192429726957,-6.920930121586649,11.652065370717487,20.10061617748507,26.639486543447322,1.3253069611510973,0.23836139595781847,3.0,0.6686532587209337,-0.15568224655652735,0.15568224655652735,0.10715142713441463,0.23656009814430387,,,,0.997,0.0535,0.05366098294884654
removed,5.0,9,59.5,9.053642404517815,-6.802861427712932,11.381061886258133,19.84702195210403,27.151100898206753,1.3680188878578028,0.17228505699488297,3.0,0.5630978829562223,0.10836900254426601,0.10836900254426601,-0.01504950463859885,0.31702196634674756,,,,0.997,0.087,0.08726178535606821
removed,5.0,9,60.0,9.370544275846777,-6.809249258749231,11.57166150358215,20.220516365337673,27.441538736965434,1.3571136483935766,0.10937529413382559,3.0,0.5800819026890259,0.013087007855957218,0.013087007855957218,0.24296933853755098,0.26429254157882287,7.0,3.724153991895606,2.2954903786499874,0.997,0.059,0.05917753259779338
removed,5.0,9,60.5,9.31112151984467,-7.1838391591605495,11.840802549240157,20.786897640296452,27.729811340142675,1.3340043242617905,0.3003368790600436,3.0,0.6736853593026159,-0.2636191730597308,0.2636191730597308,0.08399141155840349,0.31651407426426525,,,,0.997,0.112,0.1123370110330993
removed,5.0,9,61.0,8.902314706244939,-7.006973688613681,11.463264903106168,20.316087657207184,28.313521813664995,1.3936503076477276,0.10678964254080266,3.0,0.5807236523575527,0.11813982524927645,0.11813982524927645,-0.1614632546969759,0.3889873496457323,,,,0.997,0.061,0.06118355065195587
removed,5.0,9,61.5,9.331806435282461,-6.876211458104443,11.602738943124395,20.60262275124436,28.631322494450767,1.389693091027524,0.1497884501752609,3.0,0.5892327204610021,0.18899458640706066,0.18899458640706066,0.4436249422147665,0.44705450099321936,,,,0.997,0.122,0.12236710130391174
removed,5.0,9,62.0,9.336574213983557,-7.418604538586332,12.047990217510982,21.569693577834574,28.813805059050267,1.3358467497498379,0.3800167328698736,3.0,0.6578283411313904,-0.46216198808874226,0.46216198808874226,0.07387114484763366,0.4688484384275433,,,,0.997,0.062,0.062186559679037114
removed,5.0,9,62.5,8.806203371445571,-7.129554415980326,11.512177891724246,20.748913232627924,29.50086195013142,1.4218027527215713,0.11951810258320296,3.0,0.5876398628218611,0.31881352679245495,0.31881352679245495,-0.21923055129833635,0.5319737184201259,,,,0.997,0.119,0.119358074222668
removed,5.0,9,63.0,9.360964239052857,-7.10863584154409,11.808280213893608,21.3519827687104,29.747206554786015,1.3931823979540736,0.16377167495127715,3.0,0.6026922454523728,0.009794231015456782,0.009794231015456782,0.5118080149796154,0.44032934718785216,,,,0.997,0.058,0.058174523570712136
removed,5.0,9,63.5,9.179951684242672,-7.574735028605851,12.089572819343683,22.027714325650646,30.00606539906043,1.3621960479176554,0.39484616469296774,3.0,0.6503696581334145,-0.3375208505181865,0.3375208505181865,-0.012267861237581366,0.36125751322062005,,,,0.997,0.1085,0.10882647943831494
removed,5.0,9,64.0,8.817983679459866,-7.320255828842416,11.678531993933222,21.42549839056762,30.65084003844057,1.4305776920425957,0.15916331704000625,3.0,0.6002758017209586,0.23208147058808162,0.23208147058808162,-0.1250504489408267,0.35958357533272617,,,,0.997,0.0655,0.06569709127382146
removed,5.0,9,64.5,9.236208163841695,-7.3174869517542716,11.907796365488675,21.941599300181316,30.935816406167444,1.4099162045089304,0.2226133731926404,3.0,0.607807480555993,0.012724104102209564,0.012724104102209564,0.4665284127100736,0.3461764719717961,,,,0.997,0.104,0.10431293881644935
removed,5.0,9,65.0,9.017289716926948,-7.7655068589590766,12.161024450522325,22.557390401680827,31.19778440422234,1.383040495761322,0.397494097509067,3.0,0.644768971293501,-0.3676252410193507,0.3676252410193507,-0.08776872135814316,0.3845048372036813,7.0,3.8241521629154676,2.3029508839385797,0.997,0.0645,0.06469408224674023
removed,5.0,9,65.5,8.700280941908625,-7.4277135305640245,11.70624151783238,21.858096295080106,31.895172192018748,1.459192592137945,0.201340650000229,3.0,0.611865698293366,0.32999515190241635,0.32999515190241635,-0.03031141028163723,0.38194779930754924,,,,0.997,0.101,0.10130391173520562
removed,5.0,9,66.0,9.116838375867598,-7.564592636238342,12.046325581122563,22.616776366547967,32.10741203655259,1.4196281342747872,0.3426866447357575,3.0,0.605169814900566,-0.15645285235754572,0.15645285235754572,0.39920065404985433,0.2911897259086294,,,,0.997,0.0585,0.058676028084252756
removed,5.0,9,66.5,8.8061226175168,-7.8116952600935505,12.088502684039645,22.844721699223285,32.48879009106933,1.4221574033083513,0.42104454610071756,3.0,0.6254634151330657,-0.13994901831651818,0.13994901831651818,-0.06420165373848753,0.213346082763683,,,,0.997,0.0975,0.09779338014042126
removed,5.0,9,67.0,8.686765050022856,-7.666388446268962,11.90229094648368,22.631070926954436,33.06001315559296,1.460824070690233,0.2819601109921135,3.0,0.6291642781377472,0.10438197833839064,0.10438197833839064,0.03285278696262479,0.11697015787728968,,,,0.997,0.057,0.05717151454363089
removed,5.0,9,67.5,8.84605252715924,-7.769412878405907,12.073404752986285,23.049806631564802,33.35990308392801,1.4472964401464603,0.30301249674094105,3.0,0.6260270376807766,-0.03541732097434283,0.03541732097434283,0.3173258569304152,0.15258146203709558,,,,0.997,0.085,0.08525576730190572
removed,5.0,9,68.0,8.565713849652413,-7.933250280886812,12.069710847790502,23.27446369457666,33.770830043848754,1.4509820929501343,0.4574241255415035,3.0,0.6145563372940754,-0.16645957000900008,0.16645957000900008,-0.12330678644182584,0.27772624024254233,,,,0.997,0.103,0.10330992978936811
removed,5.0,9,68.5,8.648892159902623,-7.755962055963388,11.95936578608142,23.16141320022755,34.29071224754324,1.4805103622608982,0.34979390807869004,3.0,0.6177928151781304,0.18813892149700942,0.18813892149700942,0.2665180672594923,0.28286458802702036,,,,0.997,0.0585,0.058676028084252756
removed,5.0,9,69.0,8.686545834667024,-8.119348618432813,12.29133370644582,23.882735544877434,34.51359995721181,1.4451275856720094,0.2679132391572368,3.0,0.6571096268609333,-0.26470445451357794,0.26470445451357794,0.15391963763445923,0.26885150607110175,,,,0.997,0.112,0.1123370110330993
removed,5.0,9,69.5,8.280119450277791,-7.985071293304753,11.974024047641636,23.51258489119029,35.12892342993293,1.494047702219889,0.3379209496426349,3.0,0.6314466660940297,0.0823149242621582,0.0823149242621582,-0.1935188455932952,0.33938212695366565,,,,0.997,0.0605,0.06068204613841525
removed,5.0,9,70.0,8.674100525205285,-7.859275425640765,12.060971386315707,23.780992007569935,35.50779927025506,1.493116824519022,0.30504664410494303,3.0,0.6156612485953494,0.1360907297776426,0.1360907297776426,0.5156313326748503,0.3962735076564442,7.0,3.86572530361211,2.3262589878369497,0.997,0.1015,0.10180541624874624
removed,5.0,9,70.5,8.51760166684038,-8.32846903301551,12.389483194785575,24.56087548484632,35.73443275078866,1.4549331831772958,0.3458978516163296,3.0,0.6469346800098427,-0.4185201077179284,0.4185201077179284,-0.12051321439750508,0.4335925528807243,,,,0.997,0.058,0.058174523570712136
removed,5.0,9,71.0,8.372238104329458,-7.966193443876193,12.002318282216915,23.915363661737345,36.42514033997205,1.5230853628309797,0.3412491157369648,3.0,0.6534915699228145,0.4604881216490621,0.4604881216490621,0.16165352218590684,0.43331449793022336,,,,0.997,0.0705,0.07071213640922769
removed,5.0,9,71.5,8.63782039532689,-8.32785982952137,12.44781387414765,24.945853722636336,36.570427759325675,1.4659922312516802,0.3468785462534341,3.0,0.6367670488313915,-0.40109350243222347,0.40109350243222347,0.2446673805840215,0.36718774205884314,,,,0.997,0.0595,0.059679037111334
removed,5.0,9,72.0,8.313900695307957,-8.1717219357824,12.153929783345257,24.564622005313034,37.176340622232665,1.5134098385145869,0.3497943171696829,3.0,0.6233148067299539,0.2297439191286209,0.2297439191286209,-0.06776880723625181,0.34584708611951515,,,,0.997,0.0465,0.04663991975927784
removed,5.0,9,72.5,8.653451268436534,-8.397001681734366,12.515684958937516,25.297707285385332,37.42497974221556,1.4793822744496787,0.301424072035386,3.0,0.672120998928897,-0.24148644293153587,0.24148644293153587,0.37663160403028634,0.3749322988067907,,,,0.997,0.063,0.06318956870611836
removed,5.0,9,73.0,8.174300114463785,-8.42394053783143,12.310982376738558,25.14518958255126,37.963395595723696,1.5097677220165895,0.2775134246739655,3.0,0.6401059897318417,0.03536176310412585,0.03536176310412585,-0.22613486575662212,0.42575859586957526,,,,0.997,0.042,0.04212637913741224
removed,5.0,9,73.5,8.53817906735015,-8.285357217240838,12.361863784819603,25.351877981356555,38.38902341441406,1.5142477193462691,0.34525395839968315,3.0,0.6344785435542405,0.09928311636284486,0.09928311636284486,0.46526492903385785,0.386631529773881,,,,0.997,0.0485,0.04864593781344032
removed,5.0,9,74.0,8.40305749652791,-8.713608242457637,12.67369143660488,26.083220118759172,38.6378189036108,1.4813285601888664,0.22160938723609672,3.0,0.6691098430758377,-0.3358507759802683,0.3358507759802683,-0.015141221737874671,0.36321978918837683,,,,0.997,0.0375,0.03761283851554664
removed,5.0,9,74.5,8.203557346608568,-8.43255238778039,12.332135109571645,25.596696800851863,39.303786482949086,1.535502287218601,0.3068802311264363,3.0,0.6481258469669484,0.3084945586122763,0.3084945586122763,0.045597902084737456,0.3282924738871488,,,,0.997,0.0455,0.04563691073219659
removed,5.0,9,75.0,8.52685083340762,-8.683741168178834,12.705551425629567,26.44453597182677,39.51030642124602,1.4940820464136386,0.35850248387759603,3.0,0.6549911561245837,-0.2285263684848833,0.2285263684848833,0.37745594593709275,0.2831657268726521,9.0,3.1305502784517643,2.4559242807924213,0.997,0.0515,0.051654964894684054
removed,5.0,9,75.5,8.185566445309103,-8.732113087725468,12.590321334427856,26.4050779274893,40.02712972338118,1.5158875816727089,0.25797580052976976,3.0,0.6559120040633832,0.03955711335511548,0.03955711335511548,-0.17740812420172153,0.2816998879484897,,,,0.997,0.031,0.031093279839518557
removed,5.0,9,76.0,8.440211492142497,-8.718198513882312,12.695103427745007,26.70386014393478,40.43595182407969,1.5142362042838913,0.3539485134498853,3.0,0.671945405130481,-0.0030453523182653645,0.0030453523182653645,0.4403923699757074,0.26997787014642105,,,,0.997,0.0705,0.07071213640922769
removed,5.0,9,76.5,8.178533572991968,-8.932670425587114,12.766432550679443,27.05462554797048,40.80702647872453,1.5083197661105938,0.2764272167969647,3.0,0.6484911318222449,-0.14677946983425835,0.14677946983425835,-0.13071441750882437,0.2903169537190121,,,,0.997,0.016,0.0160481444332999
removed,5.0,9,77.0,8.354161749011284,-8.774251513488393,12.704764451417553,27.05095452763394,41.33290658382831,1.5279648095820286,0.3007381814994942,3.0,0.6653715120944353,0.184220760452581,0.184220760452581,0.3834172944899802,0.30289347842280373,,,,0.997,0.081,0.08124373119358075
removed,5.0,9,77.5,8.285842204483414,-9.1627827012694,13.020258876891312,27.827369873974906,41.5639071345553,1.4936340488803173,0.31966757229290094,3.0,0.6593385245280116,-0.3658324843656404,0.3658324843656404,0.02816336031532361,0.31216627023291715,,,,0.997,0.013,0.013039117352056168
removed,5.0,9,78.0,8.059821817589897,-8.976439441443743,12.753420263422829,27.424262011554973,42.20921531314808,1.5391194590893127,0.11691106186743441,3.0,0.6908248712885439,0.2774023393259031,0.2774023393259031,0.05551740604882322,0.2555199324526325,,,,0.997,0.083,0.08324974924774323
removed,5.0,9,78.5,8.307278163271366,-9.107946802807993,12.980743522755073,28.10116138246649,42.50665595304755,1.5126298651688204,0.36416232972203155,3.0,0.6387288430375501,-0.21260458731349952,0.21260458731349952,0.38045187042964834,0.21759067481587627,,,,0.997,0.0205,0.020561685055165497
removed,5.0,9,79.0,8.047806494396252,-9.288918690852965,13.03020002707267,28.28710569652058,42.93654128883426,1.517883863746287,0.18204935792064994,3.0,0.6895117655416282,-0.0574654711186215,0.0574654711186215,-0.09376993213556545,0.1838556334163146,,,,0.997,0.087,0.08726178535606821
removed,5.0,9,79.5,8.063125395871802,-9.172448914482654,12.931507063056058,28.274716746478887,43.47387095017829,1.5375528370445015,0.24373901934348954,3.0,0.676674475318169,0.13049249394806983,0.13049249394806983,0.2627120221054019,0.14757372607040892,,,,0.997,0.055,0.055165496489468405
removed,5.0,9,80.0,8.110829194588907,-9.351939785432382,13.114098251183547,28.82348985032933,43.79380878940754,1.5193791250405149,0.36538350700084055,3.0,0.6534157758364907,-0.14963393893337046,0.14963393893337046,0.12769892440839684,0.08515850271648602,7.0,4.029423750274398,2.3961281052450922,0.997,0.0765,0.07673019057171515
removed,5.0,9,80.5,8.006223345207658,-9.411632794114938,13.12381816974282,28.965591105070317,44.269535536083524,1.5283491151794348,0.1327507224364859,3.0,0.6875981393716607,-0.0031560684363546357,0.0031560684363546357,0.11806100845500697,0.037441152678658746,,,,0.997,0.073,0.0732196589769308
removed,5.0,9,81.0,7.952234088166508,-9.43030756503172,13.118228117620387,29.14100645008225,44.72010573890448,1.5346108863984778,0.3098956789999243,3.0,0.6636941011869266,-0.03171966665801518,0.03171966665801518,0.07095890889017792,0.06717558419759097,,,,0.997,0.0625,0.06268806419257773
removed,5.0,9,81.5,8.0073221538187,-9.46142465220812,13.169487094654803,29.398302500482735,45.1664709687213,1.5363632294068559,0.1551508619205382,3.0,0.6792482185477285,0.04462166951958402,0.04462166951958402,0.26843110219979593,0.08997478857011745,,,,0.997,0.0985,0.09879638916750251
removed,5.0,9,82.0,7.943550657104446,-9.619601072438773,13.287050918094716,29.85649712538598,45.53017294860125,1.524967003241933,0.36111157161439417,3.0,0.6465008991155997,-0.20750011492865952,0.20750011492865952,0.09981842706346565,0.11695955263133326,,,,0.997,0.0335,0.033600802407221665
removed,5.0,9,82.5,7.853550144225243,-9.55314027253642,13.189653137889435,29.74828875994848,46.0801815184067,1.5490027641672826,0.15081554540240444,3.0,0.6959328864915555,0.19400776719021254,0.19400776719021254,0.06347496617453913,0.1629138749478736,,,,0.997,0.1275,0.12788365095285859
removed,5.0,9,83.0,8.01588533048321,-9.702392432589953,13.392255581836494,30.376473262955596,46.419750514491916,1.528148120180273,0.305908286221398,3.0,0.6651283893858696,-0.16289360332893563,0.16289360332893563,0.38071439892811554,0.19188686769021013,,,,0.997,0.037,0.037111334002006016
removed,5.0,9,83.5,7.746352838435359,-9.758541146516022,13.335055358961693,30.454704141992472,46.90094598833335,1.540023037809255,0.21217947972520174,3.0,0.6682398208830981,-0.005978860528741343,0.005978860528741343,-0.12851627902490906,0.2340603087778668,,,,0.997,0.1225,0.12286860581745236
removed,5.0,9,84.0,7.921665422570651,-9.728365738328348,13.377443788173812,30.666956366356604,47.365311238577206,1.5445064281155612,0.21457129906831257,3.0,0.6807077898479914,0.03906947190002023,0.03906947190002023,0.35503055116524274,0.17436930766507924,,,,0.997,0.0535,0.05366098294884654
removed,5.0,9,84.5,7.800154970555927,-9.879214381080992,13.467164796772506,31.04778104153812,47.767318222243375,1.5385098908787256,0.2841965055095591,3.0,0.6763622207455765,-0.03695388993443329,0.03695388993443329,0.02461967123401218,0.11277176983602749,,,,0.997,0.0855,0.08575727181544635
removed,5.0,9,85.0,7.872690811926561,-9.906150314715262,13.520602951382322,31.34852636250406,48.2093564499711,1.5378508033358231,0.24234642750379057,3.0,0.6702757753160664,-0.058622659724623216,0.058622659724623216,0.3306264808693497,0.1270457103937093,9.0,3.4073012524220085,2.796829389326838,0.997,0.1115,0.11183550651955868
removed,5.0,9,85.5,7.6817376082473094,-10.009821770362533,13.541540498180103,31.562698352347336,48.647840757336944,1.5413080407213973,0.10020304968367989,3.0,0.6778182567075552,-0.027670152681280463,0.027670152681280463,-0.0687752149506711,0.16628983162253472,,,,0.997,0.0225,0.022567703109327986
removed,5.0,9,86.0,7.798470841323849,-9.946427552896413,13.528313743062421,31.696308726759334,49.163523949392776,1.5510804230615944,0.20750028869564782,3.0,0.6905202708426567,0.10637735737104924,0.10637735737104924,0.32355086632184865,0.1333610513661133,,,,0.997,0.1185,0.11885656970912738
removed,5.0,9,86.5,7.830976361136438,-10.115927003953365,13.697043702844764,32.26135492515296,49.494568783711145,1.534175142319336,0.22986971588144373,3.0,0.6595248428704906,-0.1287125514733971,0.1287125514733971,0.21254557148969538,0.09000758454060936,,,,0.997,0.066,0.06619859578736209
removed,5.0,9,87.0,7.663516298681513,-10.275091890193407,13.780131417777906,32.57062687543926,49.93830402989024,1.5332312829246628,0.07715434100199657,3.0,0.6940140004100799,-0.16825800923662104,0.16825800923662104,0.053360354486698666,0.20023634151208447,,,,0.997,0.0425,0.04262788365095286
removed,5.0,9,87.5,7.572643322810313,-10.079779312378996,13.565000033125038,32.34177310890537,50.54476777203733,1.5628323036537453,0.21828086525037424,3.0,0.6802988803520673,0.23771465452967347,0.23771465452967347,0.05524435381911589,0.2750036016264837,,,,0.997,0.1145,0.1148445336008024
removed,5.0,9,88.0,7.82522211937639,-10.25007086940352,13.818478084052243,33.02861731578953,50.86249614258301,1.5399523284999244,0.06201746684445044,3.0,0.676611001933124,-0.14245886338197006,0.14245886338197006,0.3856188834952906,0.20242207558245115,,,,0.997,0.025,0.025075225677031094
removed,5.0,9,88.5,7.695447722607893,-10.37344283829284,13.883282107590514,33.3690177435962,51.299193407300436,1.5373300407425143,0.22868444404703628,3.0,0.6726256858991091,-0.053669694375191125,0.053669694375191125,0.10542999917061749,0.016387846737330004,,,,0.997,0.068,0.06820461384152457
removed,5.0,9,89.0,7.5406789101374505,-10.509235163651393,13.95260173951456,33.636013380869805,51.7268400614079,1.5378409883386208,0.08642548723791663,3.0,0.70138189337638,-0.16804215350283752,0.16804215350283752,0.023321829107070362,0.2545036178347243,,,,0.997,0.114,0.11434302908726178
removed,5.0,9,89.5,7.527617608137386,-10.197098959522597,13.657220454297372,33.32081360935379,52.407142620075156,1.5728050111406484,0.13853336439935152,3.0,0.6623772486460847,0.3529494072256367,0.3529494072256367,0.12761799138400978,0.42115595155241264,,,,0.997,0.014,0.014042126379137413
removed,5.0,9,90.0,7.911584772530224,-10.607370094248964,14.181568306932045,34.45187028223953,52.54438193040954,1.5251532500253542,0.17638641978733627,3.0,0.6888238262639312,-0.3488928990961637,0.3488928990961637,0.5074353199864191,0.4764891092811041,6.0,4.508386375581453,2.20150693458756,0.997,0.0735,0.07372116349047142
removed,5.0,9,90.5,7.344149128579793,-10.670483352724863,14.03398624960828,34.41326645114034,53.118127639055544,1.543536348532105,0.04808130356257764,3.0,0.6899198035385464,-0.0272265105759353,0.0272265105759353,-0.2518193326036547,0.40971968695842137,,,,0.997,0.117,0.11735205616850551
removed,5.0,9,91.0,7.586325810247877,-10.519748301370523,13.978957672091235,34.47272530868641,53.655595918112866,1.556465160141916,0.19474895278266321,3.0,0.681662892796379,0.09048071791876205,0.09048071791876205,0.4071635845386987,0.22749954164346953,,,,0.997,0.025,0.025075225677031094
removed,5.0,9,91.5,7.454569697318025,-10.71356424327307,14.112831063531054,34.95594429246718,54.01934516739531,1.5453550536478051,0.23206469466242177,3.0,0.6710194152467789,-0.11759641309260495,0.11759641309260495,0.0015125488181164952,0.16495329562762806,,,,0.997,0.0875,0.08776328986960882
removed,5.0,9,92.0,7.598104389817756,-10.682700710697045,14.135098766991465,35.15032047647001,54.53673306896764,1.5515287579091948,0.05924037200079541,3.0,0.6992948614497766,0.10338243339898735,0.10338243339898735,0.3741486357991418,0.2199287115707023,,,,0.997,0.1145,0.1148445336008024
removed,5.0,9,92.5,7.419357027678175,-10.950745770775717,14.32300175516662,35.76425248963737,54.860917626706346,1.5339595771672343,0.1371496267201328,3.0,0.6772335035922942,-0.2969892426475046,0.2969892426475046,0.0446810374060643,0.2827126883547462,,,,0.997,0.022,0.022066198595787363
removed,5.0,9,93.0,7.3039995962066735,-10.74478750723589,14.089994261031492,35.51183452401999,55.51714231618081,1.563341997401721,0.0880726080876522,3.0,0.6837492403774547,0.21282888328088895,0.21282888328088895,0.10137363093189575,0.22900808613325244,,,,0.997,0.111,0.11133400200601805
removed,5.0,9,93.5,7.521032627349443,-10.87754542951389,14.289709566216192,36.09574559372757,55.86658794019122,1.5477333137537204,0.2336094358355269,3.0,0.6754813607356686,-0.0729787732813069,0.0729787732813069,0.31999384996127234,0.12600485006961626,,,,0.997,0.107,0.10732196589769308
removed,5.0,9,94.0,7.416038182499836,-11.035658005083421,14.401638333847213,36.496845354409295,56.29110183828077,1.5423552718503675,0.09082104705118221,3.0,0.6959682042263098,-0.07397191570231268,0.07397191570231268,0.16562547415531964,0.08779200448969804,,,,0.997,0.017,0.017051153460381142
removed,5.0,9,94.5,7.228790564263207,-11.045028756651918,14.34761139962065,36.66575653342757,56.80372019369929,1.549230823640916,0.13321340042355717,3.0,0.672944170859702,-0.08602439667425947,0.08602439667425947,0.06119510606307688,0.17963056806826933,,,,0.997,0.1115,0.11183550651955868
removed,5.0,9,95.0,7.339612955111398,-10.950748715199511,14.295796607021071,36.738702108950925,57.32458467054184,1.560332330209766,0.07733286203213224,3.0,0.6802498194870761,0.1455705392723496,0.1455705392723496,0.20607578684516514,0.18135175003109757,5.0,5.177877286278486,1.2355285501513509,0.997,0.1125,0.11283851554663991
removed,5.0,9,95.5,7.397320867452494,-11.168746388800152,14.52046768527657,37.378632636710506,57.68377146538659,1.5432285077419845,0.05242014928162471,3.0,0.691636067987325,-0.13920354608274166,0.13920354608274166,0.26679351751873176,0.1358615165137367,,,,0.997,0.013,0.013039117352056168
removed,5.0,9,96.0,7.256495409136175,-11.253729269126357,14.553835865135168,37.66465096478977,58.143953098640615,1.5437273838803287,0.04827053527375979,3.0,0.6906848464440289,-0.06131156575214684,0.06131156575214684,0.13542818083035463,0.06550919253396849,,,,0.997,0.078,0.07823470411233702
removed,5.0,9,96.5,7.106346506234202,-11.183579036918914,14.438932322957038,37.702815601847924,58.707630989869045,1.5571152990226973,0.03223364615731597,3.0,0.6807837401263485,0.04312865419280373,0.04312865419280373,0.013752977626709184,0.22633081998457275,,,,0.997,0.1135,0.11384152457372117
removed,5.0,9,97.0,7.406538352559932,-11.200075595259019,14.553069773844147,38.09618849361668,59.12977358613352,1.552117834466332,0.11604843784114761,3.0,0.6854615442414534,0.06487171354098613,0.06487171354098613,0.43090550456636656,0.3203719511751618,,,,0.997,0.0215,0.02156469408224674
removed,5.0,9,97.5,7.194797457305423,-11.543588794474244,14.808374798639328,38.79686475457005,59.462509247289326,1.5326627453906563,0.059642925626274504,3.0,0.7115584353456108,-0.2679177668255731,0.2679177668255731,0.06233290310297764,0.319100321742525,,,,0.997,0.0495,0.04964894684052156
removed,5.0,9,98.0,7.043355676546381,-11.312698424852899,14.54153924861014,38.55369873000663,60.130106605412855,1.5596456004521597,0.0840415088122424,3.0,0.6873633881902004,0.15872592862474014,0.15872592862474014,0.07770782110689534,0.214250728297879,,,,0.997,0.115,0.11534603811434303
removed,5.0,9,98.5,7.231828296058678,-11.37937063778758,14.66464462534885,39.00660556685018,60.541648477150375,1.552087078517844,0.08344984383527901,3.0,0.6869754042065949,0.0033917727854737663,0.0033917727854737663,0.30241131497745977,0.09325617656808083,,,,0.997,0.0645,0.06469408224674023
removed,5.0,9,99.0,7.268029604543552,-11.569765573973577,14.85655626359428,39.59268384170097,60.90763383167331,1.5383557749000685,0.1795158534964067,3.0,0.6912549227798727,-0.1322686384818989,0.1322686384818989,0.25081629961773566,0.14709287554908848,,,,0.997,0.02,0.020060180541624874
removed,5.0,9,99.5,7.014844684552982,-11.662158156587449,14.865194303125108,39.82230971247348,61.41596357580091,1.5422501612598245,0.21959898041783407,3.0,0.7158881183017036,-0.08137385685426254,0.08137385685426254,0.04795547947957353,0.20744452849635817,,,,0.997,0.112,0.1123370110330993
removed,5.0,9,100.0,7.03004567121625,-11.486612922014755,14.702727991694704,39.811284730119446,61.99923327633281,1.5573281218284059,0.1551097383987405,3.0,0.6690661305465941,0.11182137642853829,0.11182137642853829,0.16915143388844056,0.20462384618793522,7.0,4.010246442637751,2.4607252541139033,0.997,0.104,0.10431293881644935
retained,5.0,10,0.0,2.4952062265809603,2.496120316512423,0.0,2.4478801065554623,0.030488544669680335,0.012455080862837817,0.9960493038904508,15.0,0.9960493038904508,0.9748963170300042,0.9748963170300042,0.01794499211834851,0.047431852929912,15.0,1.0178947028339624,0.005700611062627727,0.7695,1.0,1.0
retained,5.0,10,0.5,2.5056374641269197,2.4941630038810314,0.010613283633128724,2.4483409511171104,0.029887395183746664,0.012207203073620065,0.9963613298715399,15.0,0.9963613298715399,0.9749370854600703,0.9749370854600703,0.005522469171761884,0.03878507770090644,,,,0.7695,1.0,1.0
retained,5.0,10,1.0,2.4985020894162213,2.497244104913955,0.0034821849750226587,2.447520311339422,0.03009790919739357,0.012297307220679319,0.9940546206016773,15.0,0.9940546206016773,0.9749194196217389,0.9749194196217389,-0.0011029858307815832,0.037017346351106505,,,,0.7695,1.0,1.0
retained,5.0,10,1.5,2.501869573379861,2.5021987909862693,0.009019314967979801,2.447395605528559,0.03036440793621136,0.012406824572055086,0.9946601172495418,15.0,0.9946601172495418,0.9751345647277659,0.9751345647277659,0.002702250900400115,0.04134125905524229,,,,0.7695,1.0,1.0
retained,5.0,10,2.0,2.503415260190228,2.50810705190669,0.01452825034924242,2.447811405241734,0.030624866780792605,0.012511121859802039,0.9952799520367891,15.0,0.9952799520367891,0.9749772770446793,0.9749772770446793,0.0022576381400397855,0.04905128690822021,,,,0.7695,1.0,1.0
retained,5.0,10,2.5,2.504938160544157,2.5056923564283644,0.013650439070462345,2.4472684548017005,0.031078225233091363,0.012699148379947388,0.9966133220337015,15.0,0.9966133220337015,0.974604712451563,0.974604712451563,0.004803883346935376,0.051164511355849505,,,,0.7695,1.0,1.0
retained,5.0,10,3.0,2.5008023767502094,2.5051359867020158,0.01061127728806963,2.4454999810407614,0.03193083270714167,0.013056975242155789,0.9968653940649695,15.0,0.9968653940649695,0.9759178801770784,0.9759178801770784,0.009715987576501862,0.03878859128092784,,,,0.7695,1.0,1.0
retained,5.0,10,3.5,2.49894247616502,2.5052102992185734,0.009827886169085505,2.449148362657147,0.029874865826010333,0.012198062919143979,0.9972157653442416,15.0,0.9972157653442416,0.9729752523129016,0.9729752523129016,0.010314354136188338,0.03676868871915319,,,,0.7695,1.0,1.0
retained,5.0,10,4.0,2.4970530654314853,2.5001754810142542,0.004455914370443209,2.448658959336744,0.030072865585265732,0.012281361383788382,0.9957247874712141,15.0,0.9957247874712141,0.9720271514990264,0.9720271514990264,-0.007397764019544375,0.05139733603800499,,,,0.7695,1.0,1.0
retained,5.0,10,4.5,2.4921386541794948,2.497177087457118,0.00324449769113573,2.442656819906407,0.03216466004608154,0.013167899716389124,0.995516272885499,15.0,0.995516272885499,0.9763494886474247,0.9763494886474247,-0.0032335338693417993,0.039214267330760375,,,,0.7695,1.0,1.0
retained,5.0,10,5.0,2.4978441151266537,2.4991015507342618,0.003980730267798159,2.4450464511028387,0.03355866432500311,0.013725164325555643,0.9932712783876657,15.0,0.9932712783876657,0.974515079976415,0.974515079976415,0.0108953457259486,0.03815307115267508,15.0,1.0168413840248136,0.008802334954681095,0.7695,1.0,1.0
retained,5.0,10,5.5,2.495792177707193,2.4978140237569706,0.0017922005893781026,2.4471184164228568,0.03255772975140771,0.01330451748183068,0.990116661953987,15.0,0.990116661953987,0.9739566478183221,0.9739566478183221,0.007021007780113412,0.047960169678105416,,,,0.7695,1.0,1.0
retained,5.0,10,6.0,2.4983812976170197,2.4995603340088453,0.004681324220743072,2.4494043402351924,0.031135634451173403,0.012711512729737284,0.989411873518195,15.0,0.989411873518195,0.9715106661013344,0.9715106661013344,0.012455134472186961,0.035971976771519705,,,,0.7695,1.0,1.0
retained,5.0,10,6.5,2.5036013990581414,2.5044560874435446,0.01183063810357476,2.4493394462895037,0.03089569880613073,0.012613890186978585,0.9899732289365247,15.0,0.9899732289365247,0.9721807080516415,0.9721807080516415,0.005726007943829289,0.04009237528037611,,,,0.7695,1.0,1.0
retained,5.0,10,7.0,2.501516023776041,2.504464539205037,0.010461338011315293,2.448655447158491,0.031323204348028585,0.012792001579633089,0.9906883329970488,15.0,0.9906883329970488,0.9732865135179669,0.9732865135179669,0.00200773749089873,0.04566397435817193,,,,0.7695,1.0,1.0
retained,5.0,10,7.5,2.4998141644685425,2.5133214254108767,0.017807617440642753,2.4444016974845644,0.0337774958317936,0.013818308122823128,0.9931173623931487,15.0,0.9931173623931487,0.9763274184476526,0.9763274184476526,-0.0007895820134394899,0.04936590854634917,,,,0.7695,1.0,1.0
retained,5.0,10,8.0,2.498234297382569,2.5075661016457746,0.01183956122913396,2.445784100595837,0.033895279674052245,0.01385865566212273,0.9950655741470984,15.0,0.9950655741470984,0.9756307975162877,0.9756307975162877,0.015398107475091875,0.04929777445585658,,,,0.7695,1.0,1.0
retained,5.0,10,8.5,2.495781638160179,2.506594141293898,0.010489618870032646,2.4477174742089,0.03196381983980617,0.01305862305458143,0.9968708515529273,15.0,0.9968708515529273,0.974258186395308,0.974258186395308,0.010437483828140538,0.042888100742180885,,,,0.7695,1.0,1.0
retained,5.0,10,9.0,2.494299098962574,2.5017145177962354,0.0056672716998437435,2.4494416797632215,0.031131797161199955,0.012709752356385702,0.9972816225606127,15.0,0.9972816225606127,0.9736066377524891,0.9736066377524891,-7.704561675433637e-05,0.0432838476059875,,,,0.7695,1.0,1.0
retained,5.0,10,9.5,2.494144700202295,2.5023069910073197,0.006277083682603648,2.450220587046334,0.030073338688786543,0.012273727046363215,0.9961065363969722,15.0,0.9961065363969722,0.9728008618001537,0.9728008618001537,0.003662886659965101,0.04721349532170449,,,,0.7695,1.0,1.0
retained,5.0,10,10.0,2.494760024615263,2.497089734073396,0.0010671769308393,2.4490886863416965,0.03101332308738494,0.012663209486999347,0.9953062595702278,15.0,0.9953062595702278,0.9740644115130268,0.9740644115130268,0.013521384291886564,0.04084372746909071,15.0,1.0184483239375655,0.006985699278870166,0.7695,1.0,1.0
retained,5.0,10,10.5,2.4979174996909888,2.4959475451499054,0.0027167723167151425,2.4487755223212857,0.03247256277492723,0.013260734795382664,0.9946392104331099,15.0,0.9946392104331099,0.975366036326041,0.975366036326041,0.0008019727857260489,0.04923434191498551,,,,0.7695,1.0,1.0
retained,5.0,10,11.0,2.5023032167452617,2.5006764880929544,0.00843362133744661,2.448244358655563,0.03083200266289941,0.012593515248547574,0.9912221161653254,15.0,0.9912221161653254,0.9754055627534128,0.9754055627534128,0.010194501983136626,0.04442930499365137,,,,0.7695,1.0,1.0
retained,5.0,10,11.5,2.497560701155153,2.4965779393437497,0.002398534797803026,2.449249268615696,0.03187908429329881,0.013015859472448354,0.9902958830411565,15.0,0.9902958830411565,0.973906386145128,0.973906386145128,-0.0011268801009291702,0.04869830712662381,,,,0.7695,1.0,1.0
retained,5.0,10,12.0,2.500046143146333,2.5034722393296813,0.008802020306196626,2.447417622354476,0.03388107902591707,0.013843603444075325,0.990881617303113,15.0,0.990881617303113,0.9748588995857896,0.9748588995857896,0.0005423481578823084,0.036784368353118324,,,,0.7695,1.0,1.0
retained,5.0,10,12.5,2.503063927601118,2.5060351811896187,0.01265100813727097,2.448436214524082,0.031980747585301575,0.013061703382588578,0.9916159630657495,15.0,0.9916159630657495,0.9733407970884531,0.9733407970884531,0.011331998616924152,0.043048955751179514,,,,0.7695,1.0,1.0
retained,5.0,10,13.0,2.4974961260602266,2.503829059361555,0.00804166375442226,2.449233572276658,0.03238825630103726,0.013223833229972884,0.9911856224574239,15.0,0.9911856224574239,0.9730401811670465,0.9730401811670465,0.010946845281161872,0.042565120726685945,,,,0.7695,1.0,1.0
retained,5.0,10,13.5,2.4992152916539814,2.5039959361621307,0.008837306582131353,2.4485907140098404,0.032703713506577664,0.013356137193308916,0.9934732759203666,15.0,0.9934732759203666,0.9727558981764475,0.9727558981764475,0.002131130994824377,0.046552340884097,,,,0.7695,1.0,1.0
retained,5.0,10,14.0,2.4921505096818093,2.499685037863308,0.004695172422522223,2.4465774565409246,0.033295396308228135,0.013608968814460746,0.9951291575487144,15.0,0.9951291575487144,0.9741494458257749,0.9741494458257749,-0.005099337885127712,0.04644550912947094,,,,0.7695,1.0,1.0
retained,5.0,10,14.5,2.493110283813226,2.499970877724,0.004384038974475466,2.4476469822432145,0.03542962435454497,0.014474973152408808,0.9966087546886432,15.0,0.9966087546886432,0.9735067992090014,0.9735067992090014,0.00456363240092869,0.05196315739978227,,,,0.7695,1.0,1.0
retained,5.0,10,15.0,2.493948039755491,2.500500655947234,0.004557456269888565,2.4489242220552785,0.0329429480875079,0.013452007943251213,0.9964818921751477,15.0,0.9964818921751477,0.9733596225060676,0.9733596225060676,-0.0008921097962809654,0.037733938758021376,15.0,1.0183880789354551,0.006093658399873897,0.7695,1.0,1.0
retained,5.0,10,15.5,2.4950269978683988,2.4953771871592885,0.0007644371569307356,2.450599489019538,0.03114872386046216,0.012710654678592328,0.9945748830865648,15.0,0.9945748830865648,0.9729608593353078,0.9729608593353078,-0.004202599666435881,0.04835915658115322,,,,0.7695,1.0,1.0
retained,5.0,10,16.0,2.4937107405533268,2.5001415475986546,0.0042903120991046395,2.447728077372609,0.033076809499389875,0.013513269633649225,0.9909027416024334,15.0,0.9909027416024334,0.9752492297082833,0.9752492297082833,-0.004327301980978781,0.04541326147795706,,,,0.7695,1.0,1.0
retained,5.0,10,16.5,2.4988096469774588,2.5001628332698664,0.005415402135401759,2.448978248577856,0.03255441501707871,0.013293060089849044,0.9908513158848986,15.0,0.9908513158848986,0.975026405133588,0.975026405133588,-0.005901017028735834,0.04466655404544563,,,,0.7695,1.0,1.0
retained,5.0,10,17.0,2.5035061911714864,2.499762261137573,0.009063838748380739,2.450074650156109,0.03172070717614249,0.0129468329359358,0.9923626837446757,15.0,0.9923626837446757,0.9742825217891122,0.9742825217891122,-0.008050085616361984,0.04624124235095037,,,,0.7695,1.0,1.0
retained,5.0,10,17.5,2.49872114354237,2.5039957843852454,0.008624246950399064,2.447245492632647,0.033856105089098094,0.01383437223238159,0.991109361800775,15.0,0.991109361800775,0.9769930807515455,0.9769930807515455,0.003191046865373146,0.03957394916983211,,,,0.7695,1.0,1.0
retained,5.0,10,18.0,2.4975391170542367,2.5043313663805593,0.008536024712788037,2.451144526500321,0.030617619310390996,0.012491152185997789,0.9915065282622055,15.0,0.9915065282622055,0.9739990163610901,0.9739990163610901,0.011458103792042361,0.04566930187322015,,,,0.7695,1.0,1.0
retained,5.0,10,18.5,2.49742139513504,2.499580048165363,0.004108127898853763,2.4495182761900165,0.03151638312672899,0.012866359656540146,0.9917304145396147,15.0,0.9917304145396147,0.9753625145977876,0.9753625145977876,0.017258090325483488,0.04298266337486502,,,,0.7695,1.0,1.0
retained,5.0,10,19.0,2.4916162154087336,2.499418137430074,0.004874813126839773,2.4499158284954827,0.031090352347165076,0.012690375720482596,0.9929260129860913,15.0,0.9929260129860913,0.9753475601996874,0.9753475601996874,0.006104763552403853,0.03670699015346768,,,,0.7695,1.0,1.0
retained,5.0,10,19.5,2.4954204189995655,2.500583191746643,0.004468012281585824,2.448832991882341,0.03306157707126087,0.013500952160011317,0.9949077920895787,15.0,0.9949077920895787,0.9751915329204236,0.9751915329204236,-0.006684243770057122,0.05300456513179426,,,,0.7695,1.0,1.0
retained,5.0,10,20.0,2.489906270465146,2.498621832114407,0.005860641188174724,2.4474030915671836,0.034250074362457666,0.013994455788860586,0.996533541730963,15.0,0.996533541730963,0.9760493934776506,0.9760493934776506,0.01598067307571299,0.038141217278580296,15.0,1.0177935154248063,0.004034830098925791,0.7695,1.0,1.0
retained,5.0,10,20.5,2.4946077450384974,2.496633589113059,0.000788434473645373,2.4493736323899196,0.032823183664833555,0.013400643834320653,0.9952203127810747,15.0,0.9952203127810747,0.9742462576991474,0.9742462576991474,0.004126071987702744,0.04808834711375215,,,,0.7695,1.0,1.0
retained,5.0,10,21.0,2.4982090901530127,2.4960898743777515,0.0030030178747258805,2.450212035984423,0.032221547458556044,0.013150513908732137,0.9947860539828896,15.0,0.9947860539828896,0.9740952780284582,0.9740952780284582,0.012444618030611622,0.036829786654077615,,,,0.7695,1.0,1.0
retained,5.0,10,21.5,2.5052137146206115,2.494341095536245,0.010164420502214257,2.4471523688600523,0.032608660907320515,0.013325145308590034,0.9948820693700864,15.0,0.9948820693700864,0.9761719815438127,0.9761719815438127,0.0016966455067054101,0.04444415845416339,,,,0.7695,1.0,1.0
retained,5.0,10,22.0,2.5045175026609434,2.497541727126396,0.009419143823680698,2.449885427582895,0.03161106001790373,0.012903076879432611,0.9945572525111296,15.0,0.9945572525111296,0.9740626231476074,0.9740626231476074,0.010893462772314153,0.04827104577091548,,,,0.7695,1.0,1.0
retained,5.0,10,22.5,2.5060975829348546,2.499821195695052,0.011502962659764372,2.4497874253361998,0.0311875422661829,0.012730713670759754,0.9951752797362353,15.0,0.9951752797362353,0.9738388094998084,0.9738388094998084,0.003641187833567295,0.05426751643440799,,,,0.7695,1.0,1.0
retained,5.0,10,23.0,2.50762129570318,2.5013536306408333,0.013472992172346706,2.4477396342833178,0.03191380661979235,0.013038072421103932,0.9961452809620138,15.0,0.9961452809620138,0.9756126823731295,0.9756126823731295,0.0003263553402550048,0.046515646592716224,,,,0.7695,1.0,1.0
retained,5.0,10,23.5,2.5023935507353237,2.5056287316912345,0.011919210867861636,2.449520543751193,0.03177532043312244,0.012972057129376735,0.9961704846619114,15.0,0.9961704846619114,0.9747418242196493,0.9747418242196493,-0.010512832940717491,0.04092418027752113,,,,0.7695,1.0,1.0
retained,5.0,10,24.0,2.5005291763663666,2.502043074605973,0.007963219063461173,2.4463768603185434,0.03266100928398289,0.013350767747096043,0.9947320144876421,15.0,0.9947320144876421,0.9762130269748717,0.9762130269748717,0.005373110602602904,0.040259721701120174,,,,0.7695,1.0,1.0
retained,5.0,10,24.5,2.4974987630633683,2.503528718786769,0.007755007916289237,2.4492229084602384,0.031693286041034156,0.01294013947507901,0.9956408491551533,15.0,0.9956408491551533,0.9739803418914662,0.9739803418914662,0.007529221136101864,0.03910622279523407,,,,0.7695,1.0,1.0
retained,5.0,10,25.0,2.495796443820763,2.4995427343620022,0.0034729382844041964,2.4474028126184413,0.030728684228271054,0.012555630021277483,0.9951837978794136,15.0,0.9951837978794136,0.9753696338620781,0.9753696338620781,0.006070289815957576,0.04423384927727433,15.0,1.0177220006367238,0.006466034566738726,0.7695,1.0,1.0
retained,5.0,10,25.5,2.49558679356304,2.4988389334229963,0.0027451246117991763,2.447220821038691,0.030555754915523245,0.01248590019046759,0.9954402562591818,15.0,0.9954402562591818,0.9755865136830786,0.9755865136830786,0.002189673396601073,0.04497170304693025,,,,0.7695,1.0,1.0
retained,5.0,10,26.0,2.502515620675429,2.4939399181698994,0.007627671922699297,2.4479272104396346,0.03133383008699128,0.01280014779580145,0.9951176987115631,15.0,0.9951176987115631,0.9748806688889221,0.9748806688889221,0.003542303772118952,0.04177482990207586,,,,0.7695,1.0,1.0
retained,5.0,10,26.5,2.4989587952128436,2.4954684495110406,0.0038087664570679294,2.4464995732262316,0.032032989295240684,0.013093396641389294,0.9956387417351975,15.0,0.9956387417351975,0.9759976498942805,0.9759976498942805,0.0007129695737536001,0.038848538986207826,,,,0.7695,1.0,1.0
retained,5.0,10,27.0,2.5038440652977236,2.497396122943021,0.008731548530768848,2.4478338425309247,0.03139406519387818,0.012825243547339167,0.9958175214374234,15.0,0.9958175214374234,0.9745589086820527,0.9745589086820527,0.003045050334483434,0.039326502299569896,,,,0.7695,1.0,1.0
retained,5.0,10,27.5,2.504406540954659,2.4981484317020928,0.0094212013988377,2.4471234073233323,0.031226838353139306,0.012760630812360736,0.9959914450719611,15.0,0.9959914450719611,0.9747692336242987,0.9747692336242987,0.011275829315245043,0.05101569272706491,,,,0.7695,1.0,1.0
retained,5.0,10,28.0,2.5030105021588875,2.503463652240831,0.0107159365860549,2.4462045562867263,0.03129836348365755,0.012794663227660583,0.9959168993018022,15.0,0.9959168993018022,0.9754615544437829,0.9754615544437829,-0.004320227700976777,0.039101459041131166,,,,0.7695,1.0,1.0
retained,5.0,10,28.5,2.501964350589133,2.504195341854042,0.010529875325835233,2.4468178394459397,0.03144797668280847,0.012852602337544502,0.9963270377126174,15.0,0.9963270377126174,0.9749935990700396,0.9749935990700396,0.017336742844045006,0.050110845860603936,,,,0.7695,1.0,1.0
retained,5.0,10,29.0,2.5015897195515406,2.503784882846676,0.00997469596517205,2.447184219440525,0.03097290628661248,0.012656548714462333,0.9963608229735654,15.0,0.9963608229735654,0.9749519230303316,0.9749519230303316,0.00730425873624337,0.0496321416431527,,,,0.7695,1.0,1.0
retained,5.0,10,29.5,2.4977165396098013,2.502489400352327,0.006845940436674724,2.448204564587508,0.03147681662199906,0.012857102334217121,0.9966761830771845,15.0,0.9966761830771845,0.9740926332961655,0.9740926332961655,-0.00011156945226778842,0.041515734849486334,,,,0.7695,1.0,1.0
retained,5.0,10,30.0,2.494720395697057,2.5005585121945737,0.0044647074440344785,2.4457263867793086,0.032484914339980964,0.013282317480639856,0.9967068831766558,15.0,0.9967068831766558,0.9762993507866125,0.9762993507866125,-0.011296773368645617,0.04302960507978118,15.0,1.0170975608278232,0.004801324783293328,0.7695,1.0,1.0
retained,5.0,10,30.5,2.496297326314664,2.5005947030172053,0.004605500322773622,2.4467654372123113,0.032080898244900215,0.013111554445305205,0.9961069802359311,15.0,0.9961069802359311,0.975176473381746,0.975176473381746,0.013170878461967081,0.04395701430848524,,,,0.7695,1.0,1.0
retained,5.0,10,31.0,2.4970018403319245,2.4996440247070075,0.003954838578657199,2.447065364117695,0.03158293304796164,0.012906452566030688,0.9961027699920582,15.0,0.9961027699920582,0.9749956443447311,0.9749956443447311,0.009756199342896942,0.04348286313047366,,,,0.7695,1.0,1.0
retained,5.0,10,31.5,2.499290951903466,2.4982018737148537,0.004584524113505348,2.4484486864975943,0.030052642803093763,0.01227415668085037,0.9960197446003324,15.0,0.9960197446003324,0.9740131048892248,0.9740131048892248,0.009537787831614568,0.04191535760936621,,,,0.7695,1.0,1.0
retained,5.0,10,32.0,2.5024238570653594,2.497020956314209,0.007273605836302228,2.448022266722786,0.030637454703933285,0.012515186287479415,0.9963655129169365,15.0,0.9963655129169365,0.9741951060283087,0.9741951060283087,0.006151689216245277,0.04680957005281237,,,,0.7695,1.0,1.0
retained,5.0,10,32.5,2.5057949626188427,2.501041470315569,0.011676432915671242,2.4463538243110152,0.029867725454888402,0.012209078326312945,0.99649160373438,15.0,0.99649160373438,0.9754035956936379,0.9754035956936379,-0.00522667690128375,0.04620933246651231,,,,0.7695,1.0,1.0
retained,5.0,10,33.0,2.5038569953619607,2.502436313751246,0.010711098058703253,2.446473844179439,0.03114352682932585,0.012729965171473788,0.9965115620786108,15.0,0.9965115620786108,0.9754371399134087,0.9754371399134087,-0.000769341427072484,0.040624954686143105,,,,0.7695,1.0,1.0
retained,5.0,10,33.5,2.50213967025724,2.5005725981866647,0.008239869739196968,2.4456977689058625,0.031187649222987262,0.012752045497812984,0.9962090448723179,15.0,0.9962090448723179,0.9758996050028939,0.9758996050028939,0.012253112128623839,0.04509694864894804,,,,0.7695,1.0,1.0
retained,5.0,10,34.0,2.498920791752811,2.5041242848879857,0.008823916600520187,2.446003544598956,0.030619627488720647,0.012518226948743449,0.9966540167564577,15.0,0.9966540167564577,0.9753217900150197,0.9753217900150197,-0.006185010218807066,0.0419751539809621,,,,0.7695,1.0,1.0
retained,5.0,10,34.5,2.4991593677214397,2.5024020506883256,0.007422096006739268,2.4470964383832134,0.03065932860117535,0.012528859966561777,0.9964227360920639,15.0,0.9964227360920639,0.9744123001045519,0.9744123001045519,0.002448007312567865,0.04561562061589328,,,,0.7695,1.0,1.0
retained,5.0,10,35.0,2.4991685314188534,2.5009642547241313,0.006258082535988251,2.4475768379343243,0.030729992111863762,0.012555271661174438,0.9965697555826288,15.0,0.9965697555826288,0.9738220074557287,0.9738220074557287,-0.0027892475757100264,0.04343318827806457,15.0,1.0178358054659724,0.004711082189351641,0.7695,1.0,1.0
retained,5.0,10,35.5,2.4953912534198346,2.499306016522187,0.003191068705514677,2.444810906226968,0.030935058828540953,0.012653354396345714,0.9971237259971075,15.0,0.9971237259971075,0.9761179887612974,0.9761179887612974,0.004355141021304584,0.045778886324603016,,,,0.7695,1.0,1.0
retained,5.0,10,36.0,2.4940553230442477,2.4970643591382387,0.0014885548126201717,2.4444436323309544,0.031938736797283956,0.013065851212460993,0.9973366484658613,15.0,0.9973366484658613,0.9760055516527893,0.9760055516527893,0.010202239323693385,0.045318756924488716,,,,0.7695,1.0,1.0
retained,5.0,10,36.5,2.5003423143558208,2.4962033377273083,0.005136758720554504,2.4457562751116666,0.031462222034513605,0.012864005442683419,0.9966503590392609,15.0,0.9966503590392609,0.9745720036263795,0.9745720036263795,0.00611111639496056,0.04170246078264849,,,,0.7695,1.0,1.0
retained,5.0,10,37.0,2.498578218578142,2.4982673378287044,0.003997503040852501,2.447035207195201,0.03187925577602201,0.013027706214559173,0.9959900915811642,15.0,0.9959900915811642,0.9732836236936122,0.9732836236936122,0.006753507872378024,0.04219362165893401,,,,0.7695,1.0,1.0
retained,5.0,10,37.5,2.501558403662291,2.496930466582314,0.006403631532835621,2.445183712590462,0.031193753650767417,0.012757222899100827,0.9966030826133522,15.0,0.9966030826133522,0.9744323660833397,0.9744323660833397,-0.001080600977398399,0.043256490598700584,,,,0.7695,1.0,1.0
retained,5.0,10,38.0,2.502714366656722,2.503090580130936,0.01024483978931967,2.446787896140516,0.030916537937382717,0.01263556109058307,0.9958566858119262,15.0,0.9958566858119262,0.9727898743314871,0.9727898743314871,0.01249306572835296,0.04630543141205164,,,,0.7695,1.0,1.0
retained,5.0,10,38.5,2.5047650692014254,2.501120963465924,0.010787860872127658,2.4432536311553474,0.03125994260423334,0.012794391137137644,0.9961704443695256,15.0,0.9961704443695256,0.9752642864166944,0.9752642864166944,0.010131224932305151,0.04881472874881451,,,,0.7695,1.0,1.0
retained,5.0,10,39.0,2.5028583580839507,2.503250676446294,0.010459309218376501,2.4457423070873463,0.031197138531427002,0.012755693206525883,0.9964478790787641,15.0,0.9964478790787641,0.9733929736636586,0.9733929736636586,0.0056518043271813635,0.03672314369092665,,,,0.7695,1.0,1.0
retained,5.0,10,39.5,2.499168170448067,2.501111711103986,0.006372677551452549,2.4445207667873206,0.03240437414465879,0.013255920990700281,0.9959274292906123,15.0,0.9959274292906123,0.9741843654310237,0.9741843654310237,0.0007004999627128348,0.040781336063029625,,,,0.7695,1.0,1.0
retained,5.0,10,40.0,2.496126871508388,2.5044526826856557,0.00838307301216168,2.4460883573405194,0.03131401739111325,0.012801670592618759,0.9967135497307721,15.0,0.9967135497307721,0.973023704188781,0.973023704188781,0.0016466651863456484,0.046813471468204824,15.0,1.017293534657363,0.005594016704360642,0.7695,1.0,1.0
retained,5.0,10,40.5,2.495948244394517,2.5007284442759015,0.004667486681306971,2.446028746356027,0.030971593592861675,0.012661990844957007,0.9969310752465087,15.0,0.9969310752465087,0.9727354037119283,0.9727354037119283,0.0019013134415381103,0.04212149193199077,,,,0.7695,1.0,1.0
retained,5.0,10,41.0,2.496957353249825,2.4988035326479108,0.0032040745060239063,2.4459564979429236,0.03211836265957086,0.013131207642729034,0.9968033811746744,15.0,0.9968033811746744,0.9729628798812734,0.9729628798812734,0.009876822365177595,0.0455389475084759,,,,0.7695,1.0,1.0
retained,5.0,10,41.5,2.4961175695161844,2.49817352843645,0.0022463804554328642,2.4449173810921137,0.031202395465189155,0.0127621471819434,0.9969862347348974,15.0,0.9969862347348974,0.9735315581963965,0.9735315581963965,0.008171897409851137,0.042428883337716765,,,,0.7695,1.0,1.0
retained,5.0,10,42.0,2.501465555895413,2.497250517677648,0.006360547000112665,2.445016294144771,0.03107347385624257,0.012708902566684771,0.9969986216187973,15.0,0.9969986216187973,0.973662032241168,0.973662032241168,-0.0019191778166834932,0.04258697501583747,,,,0.7695,1.0,1.0
retained,5.0,10,42.5,2.502635911030336,2.496426016535637,0.007435970919892414,2.445923359527174,0.03098349293728976,0.012667401378953771,0.9969324543184216,15.0,0.9969324543184216,0.9735548396597681,0.9735548396597681,0.004733544478267646,0.0531194939098117,,,,0.7695,1.0,1.0
retained,5.0,10,43.0,2.502309113733244,2.4978638523344214,0.007313748906044737,2.4445447146128827,0.031025147334858744,0.012691585123969343,0.996472543892429,15.0,0.996472543892429,0.9743557275184331,0.9743557275184331,0.00944505195035272,0.051741928956275884,,,,0.7695,1.0,1.0
retained,5.0,10,43.5,2.5016721151278576,2.501921925851593,0.008687139093236896,2.445106949990246,0.03140814209145213,0.012845304002582556,0.9962917254059704,15.0,0.9962917254059704,0.973610239088869,0.973610239088869,-0.00208247546690064,0.040415744305248615,,,,0.7695,1.0,1.0
retained,5.0,10,44.0,2.5035296561207785,2.5018530553898164,0.010106620322377727,2.4441776763710488,0.03180542152180409,0.013012728914628928,0.996592840588359,15.0,0.996592840588359,0.974136553521516,0.974136553521516,0.0019240826510304944,0.043036304740478024,,,,0.7695,1.0,1.0
retained,5.0,10,44.5,2.498941758536222,2.5029244289332873,0.0077620966770933905,2.4438696223424303,0.030547234275498557,0.012499535161871389,0.9962564547122121,15.0,0.9962564547122121,0.9746165956271639,0.9746165956271639,0.019564547331118207,0.050514017067143355,,,,0.7695,1.0,1.0
retained,5.0,10,45.0,2.4989889470319806,2.5041596009285367,0.00888476605959546,2.44627724141391,0.030540330170831513,0.012484410864722626,0.9970888728302686,15.0,0.9970888728302686,0.9729979483688954,0.9729979483688954,0.0005237047365864464,0.04163720198860902,15.0,1.0172698010680934,0.0042511692935401114,0.7695,1.0,1.0
retained,5.0,10,45.5,2.4946218782999723,2.501525609223354,0.005436786937552275,2.447898033633451,0.029678103489141718,0.012123913284529287,0.9970199161575466,15.0,0.9970199161575466,0.9713659332442232,0.9713659332442232,-0.0015009145703370765,0.041262865678016285,,,,0.7695,1.0,1.0
retained,5.0,10,46.0,2.4974448786974035,2.496937318566156,0.002383076929992022,2.4421988256921825,0.03180030929448078,0.013021179504280429,0.9965192343177698,15.0,0.9965192343177698,0.975564293487995,0.975564293487995,-0.002934619309755402,0.05369298001676576,,,,0.7695,1.0,1.0
retained,5.0,10,46.5,2.494323439313928,2.4994458730441114,0.0034407324226522753,2.4433914937866854,0.03201066276233597,0.013100914382216713,0.9975907316159685,15.0,0.9975907316159685,0.9748137036836902,0.9748137036836902,0.015538274307003786,0.04003540460988006,,,,0.7695,1.0,1.0
retained,5.0,10,47.0,2.498936356634257,2.496098273952203,0.0037301951810820096,2.4467822981814815,0.03088093256272911,0.01262103808159831,0.997233192070731,15.0,0.997233192070731,0.9719468875939165,0.9719468875939165,0.004041985303446213,0.04638395807228613,,,,0.7695,1.0,1.0
retained,5.0,10,47.5,2.500552338127862,2.495961342299086,0.005348474686527249,2.4447568773545876,0.030894302770632168,0.012636963232132165,0.9974550651247089,15.0,0.9974550651247089,0.9729046054675049,0.9729046054675049,0.0011049035621054487,0.05762830281404127,,,,0.7695,1.0,1.0
retained,5.0,10,48.0,2.5021278210750846,2.495199635836323,0.006982558503044259,2.4450919647301044,0.03220775919883945,0.0131724121887557,0.9975545685084694,15.0,0.9975545685084694,0.9725783527270652,0.9725783527270652,0.00979418550724059,0.04542486557751638,,,,0.7695,1.0,1.0
retained,5.0,10,48.5,2.503422303312696,2.4961863397490447,0.00821634200417325,2.4451907057915494,0.031444643460814645,0.012859791829870989,0.9974248752844755,15.0,0.9974248752844755,0.9725882030183747,0.9725882030183747,0.0037557323004733076,0.03388399409349029,,,,0.7695,1.0,1.0
retained,5.0,10,49.0,2.5027879355015195,2.5014377338063563,0.009260520332784183,2.446585988276198,0.030478367126781564,0.012457509064807424,0.9974383851486308,15.0,0.9974383851486308,0.9714579326078534,0.9714579326078534,0.0027740825936110073,0.034642611761449275,,,,0.7695,1.0,1.0
retained,5.0,10,49.5,2.503035574018943,2.5027976756481722,0.010290082911834367,2.443607288646395,0.03187764608111585,0.013045322883602163,0.9963787095107381,15.0,0.9963787095107381,0.9736093289779992,0.9736093289779992,-0.0005133004496637429,0.051975219182047144,,,,0.7695,1.0,1.0
retained,5.0,10,50.0,2.5019851263728157,2.5035209643668628,0.010036088433919064,2.443937473001525,0.03256792663087209,0.013326006491841113,0.9960138074884852,15.0,0.9960138074884852,0.9738122111688868,0.9738122111688868,0.006522342031236355,0.047803102582585556,15.0,1.0163273351562672,0.005241360520443392,0.7695,1.0,1.0
retained,5.0,10,50.5,2.501937526527124,2.503502044104545,0.009990010070541563,2.446350082818324,0.03180034327264301,0.012999097511018267,0.9955583219310754,15.0,0.9955583219310754,0.9720587228145506,0.9720587228145506,0.01388126895155015,0.03735056655970637,,,,0.7695,1.0,1.0
retained,5.0,10,51.0,2.4962477270582,2.497445020333486,0.0016851004295383042,2.4471855817534323,0.030348763229779696,0.012401496419423374,0.9951254879205798,15.0,0.9951254879205798,0.9715057842524991,0.9715057842524991,0.007163803860362885,0.035214299823573235,,,,0.7695,1.0,1.0
retained,5.0,10,51.5,2.4956129031392127,2.498088880994513,0.002010132319818503,2.4453268454729704,0.030777828304161866,0.012586386298887123,0.9948115878586362,15.0,0.9948115878586362,0.9728862579849361,0.9728862579849361,0.007136344161952921,0.05345432761601437,,,,0.7695,1.0,1.0
retained,5.0,10,52.0,2.4975491245714903,2.495098116742375,0.002556181402779453,2.443078580416028,0.03178765717351457,0.013011311804838261,0.9952958468130682,15.0,0.9952958468130682,0.9748728054129285,0.9748728054129285,-0.005959950547278855,0.04543413299255036,,,,0.7695,1.0,1.0
retained,5.0,10,52.5,2.4992940819437663,2.495138355986496,0.004204141760419213,2.445002735611949,0.033092045875113114,0.013534563946747754,0.9962570704685839,15.0,0.9962570704685839,0.9736434429725109,0.9736434429725109,0.007050889586476507,0.04556974820710409,,,,0.7695,1.0,1.0
retained,5.0,10,53.0,2.5007904597232207,2.4940457311776685,0.005957143954807329,2.4454474753614215,0.03226476493421758,0.013193808192281477,0.9969433210237558,15.0,0.9969433210237558,0.9732828055469698,0.9732828055469698,0.008191497805235896,0.04010879250217546,,,,0.7695,1.0,1.0
retained,5.0,10,53.5,2.505933357310554,2.495454657896549,0.010747764189946043,2.4460738012164494,0.03154059497087514,0.01289437585864735,0.9974301784260337,15.0,0.9974301784260337,0.9733133255506554,0.9733133255506554,-0.0014995168221196902,0.04308432978713887,,,,0.7695,1.0,1.0
retained,5.0,10,54.0,2.5076417436743075,2.500990103737334,0.013355033245740725,2.446112470528944,0.03134637318045085,0.012814771830042858,0.9973504070494088,15.0,0.9973504070494088,0.972852141202446,0.972852141202446,0.008963008203592481,0.046211085859025246,,,,0.7695,1.0,1.0
retained,5.0,10,54.5,2.505480306395428,2.499195932296734,0.010724557262971664,2.4447529176610265,0.031278144628944966,0.0127939901014086,0.9961379260318269,15.0,0.9961379260318269,0.9740295272361963,0.9740295272361963,0.00010677323075792018,0.054811672337447874,,,,0.7695,1.0,1.0
retained,5.0,10,55.0,2.5033050661027954,2.503336460708149,0.010847300984758845,2.4451852009759034,0.03184091932065907,0.01302188452144687,0.9958557625195634,15.0,0.9958557625195634,0.9739272908300082,0.9739272908300082,0.0026781231250900587,0.044121936355249344,15.0,1.0168287929328104,0.005195046014278012,0.7695,1.0,1.0
retained,5.0,10,55.5,2.4995584028606443,2.5008735953446126,0.006444772922763719,2.4440021233458973,0.03180362787705037,0.013012929724263269,0.9950745926911815,15.0,0.9950745926911815,0.9745158678568537,0.9745158678568537,0.0009056953400635514,0.03062870422120677,,,,0.7695,1.0,1.0
retained,5.0,10,56.0,2.4963051704697903,2.500874162166241,0.004879213683691462,2.4461654123802385,0.031538465141666826,0.012893022271530835,0.9960103613374968,15.0,0.9960103613374968,0.9730334867463817,0.9730334867463817,0.013920998346468719,0.04686515092899104,,,,0.7695,1.0,1.0
retained,5.0,10,56.5,2.4920481622416935,2.500447422572347,0.005356978367025839,2.4469744562781055,0.031103465257740597,0.012710988943076078,0.9969829978830257,15.0,0.9969829978830257,0.9731539857812201,0.9731539857812201,0.005793591598793967,0.047595683130669364,,,,0.7695,1.0,1.0
retained,5.0,10,57.0,2.4945380024412604,2.4979504069011,0.0019482695736487347,2.4453489037537723,0.0322708467847474,0.013196827142012132,0.9968227721914062,15.0,0.9968227721914062,0.9746009315779975,0.9746009315779975,-0.005543488905550269,0.04488539266447232,,,,0.7695,1.0,1.0
retained,5.0,10,57.5,2.4971180460750633,2.4926740933578024,0.003941003401352768,2.4441371046587057,0.03314846225705312,0.013562439764066306,0.9964474823777038,15.0,0.9964474823777038,0.9747034729096783,0.9747034729096783,0.017940845552271264,0.05233832242905887,,,,0.7695,1.0,1.0
retained,5.0,10,58.0,2.4976908373912563,2.493320189991744,0.0037435276692512434,2.446753575956524,0.029754799272515266,0.012160930125904912,0.9960914596517578,15.0,0.9960914596517578,0.9735850095794918,0.9735850095794918,0.007934760837589384,0.03810043449329494,,,,0.7695,1.0,1.0
retained,5.0,10,58.5,2.495283787370005,2.4962909784531684,0.0001874597930657821,2.4486965009298474,0.029772826057484714,0.012158642790635357,0.9947119098716468,15.0,0.9947119098716468,0.9721604326677113,0.9721604326677113,0.017200459223900646,0.04520711093982193,,,,0.7695,1.0,1.0
retained,5.0,10,59.0,2.503232572692591,2.499674013243784,0.008777869466002222,2.4475102186556352,0.03040884713374332,0.012424400479294525,0.9959745818177089,15.0,0.9959745818177089,0.9740014855795222,0.9740014855795222,-0.00022410588902207893,0.03723006020011965,,,,0.7695,1.0,1.0
retained,5.0,10,59.5,2.503372793113443,2.503780716086545,0.01119707687589402,2.4441744959953273,0.0319570874147181,0.01307479783750235,0.9956315850363154,15.0,0.9956315850363154,0.9763856178356742,0.9763856178356742,-0.0034191503162266496,0.04491417405407059,,,,0.7695,1.0,1.0
retained,5.0,10,60.0,2.4993990573919116,2.5056868346136687,0.01044500353234635,2.4461706567389623,0.032676485936105316,0.013358220059620443,0.9954598692345231,15.0,0.9954598692345231,0.9749183418638668,0.9749183418638668,0.008526412060520468,0.0433429579244049,15.0,1.017297208440812,0.005654419336386693,0.7695,1.0,1.0
retained,5.0,10,60.5,2.4996491272080554,2.5043333163238244,0.009337704850996562,2.4457734630517405,0.031520076380440507,0.012887569865571682,0.9955346595863572,15.0,0.9955346595863572,0.9753233155589259,0.9753233155589259,0.013800704498780118,0.04376965266607583,,,,0.7695,1.0,1.0
retained,5.0,10,61.0,2.4982075691737426,2.504651737494654,0.00904395938377143,2.448205115777496,0.030009138009572778,0.012257607753606271,0.9966383705463101,15.0,0.9966383705463101,0.9731192235299432,0.9731192235299432,0.009516575572227124,0.036059695624996134,,,,0.7695,1.0,1.0
retained,5.0,10,61.5,2.495395916641387,2.5009145808619535,0.004798015524381461,2.4472894822309037,0.031225185892505874,0.012759089645595,0.9966802449786974,15.0,0.9966802449786974,0.9744062571505601,0.9744062571505601,0.005844971073609227,0.03666897913260014,,,,0.7695,1.0,1.0
retained,5.0,10,62.0,2.4966008417419574,2.4949275995260294,0.0018350818120494172,2.445846297735187,0.03144638459803067,0.012857056728032949,0.9961788686848551,15.0,0.9961788686848551,0.9758905925225305,0.9758905925225305,0.004253175664404045,0.046030708129467475,,,,0.7695,1.0,1.0
retained,5.0,10,62.5,2.4946439634482536,2.49638421322699,0.0006211129578107072,2.4462303065150457,0.031135630938165546,0.012728004740699194,0.9967050356152485,15.0,0.9967050356152485,0.975953538903589,0.975953538903589,-0.004154513852971845,0.04326512998735994,,,,0.7695,1.0,1.0
retained,5.0,10,63.0,2.5004530053194713,2.494201465872215,0.005586651493544087,2.446275886254497,0.031132595813301203,0.01272652687631584,0.9966752577571479,15.0,0.9966752577571479,0.9757945774863742,0.9757945774863742,0.004798297984240819,0.04476416391082212,,,,0.7695,1.0,1.0
retained,5.0,10,63.5,2.4991532763414193,2.4988614430616463,0.004805515224239442,2.4487316970555977,0.03106133803472378,0.01268466368613292,0.9956845298113406,15.0,0.9956845298113406,0.9741289092435395,0.9741289092435395,0.0032970070116581304,0.03924169371263697,,,,0.7695,1.0,1.0
retained,5.0,10,64.0,2.504847815395909,2.4964587789065695,0.009647527749055362,2.448479017984408,0.030931066728157253,0.012632767730891057,0.9968153827052921,15.0,0.9968153827052921,0.9747863590770302,0.9747863590770302,0.0013590434970963338,0.039215966824044254,,,,0.7695,1.0,1.0
retained,5.0,10,64.5,2.504035238628355,2.5019307357935867,0.010569409915220443,2.447225745709394,0.03135656205378511,0.012813105660056535,0.9966105365786392,15.0,0.9966105365786392,0.9755860593556774,0.9755860593556774,-5.6196890162300617e-05,0.042285878469419,,,,0.7695,1.0,1.0
retained,5.0,10,65.0,2.503663676568456,2.503952916029075,0.01152727528426615,2.447094731470383,0.030873746184294844,0.01261648999004782,0.9967961787347697,15.0,0.9967961787347697,0.97585280508712,0.97585280508712,0.0016418215096982568,0.0407743721613603,15.0,1.017654476058875,0.0048294653803645175,0.7695,1.0,1.0
retained,5.0,10,65.5,2.5023783631743495,2.5034587634597423,0.010261205919035775,2.4454222539820756,0.030985414691321215,0.012670782986809414,0.996589896793321,15.0,0.996589896793321,0.9771641826025491,0.9771641826025491,-0.0003558468690822723,0.04333388867125957,,,,0.7695,1.0,1.0
retained,5.0,10,66.0,2.4960862693120527,2.501622865546589,0.0055724788991928995,2.448499369750779,0.030492999016336522,0.012453749996039517,0.9964058671028966,15.0,0.9964058671028966,0.9747243756971712,0.9747243756971712,0.007329261660190913,0.04180767052581514,,,,0.7695,1.0,1.0
retained,5.0,10,66.5,2.497907274644408,2.5048244651960427,0.00911360877740635,2.4471956897417373,0.030315101959619426,0.012387690157634556,0.9964155192170645,15.0,0.9964155192170645,0.9762129688069601,0.9762129688069601,-0.0043112028332698464,0.04365285391342828,,,,0.7695,1.0,1.0
retained,5.0,10,67.0,2.49506465477169,2.4973475930349927,0.0012354150072065432,2.446910504572005,0.03056055093385646,0.012489443678775608,0.9968367670332373,15.0,0.9968367670332373,0.9763104924897861,0.9763104924897861,-0.0036431567009627503,0.0453857137484199,,,,0.7695,1.0,1.0
retained,5.0,10,67.5,2.496542420922454,2.499629803725491,0.0037552517647862255,2.4469741375035814,0.030503791618003793,0.012465923178544076,0.9963583583802041,15.0,0.9963583583802041,0.9759824996903936,0.9759824996903936,0.00686279218204162,0.04146594219986176,,,,0.7695,1.0,1.0
retained,5.0,10,68.0,2.4991139005544576,2.4938193780462967,0.00453478044761235,2.4485170753820404,0.029912652256376664,0.01221664025018466,0.9970423506478621,15.0,0.9970423506478621,0.9750766225867665,0.9750766225867665,0.003361680268993954,0.04365103547992546,,,,0.7695,1.0,1.0
retained,5.0,10,68.5,2.5015590678405317,2.4956158832964515,0.006372836490817012,2.4475642612402733,0.030741514523918392,0.012560043881479339,0.9967459567069387,15.0,0.9967459567069387,0.9757132303640708,0.9757132303640708,-0.0031843874936777,0.056049471732836656,,,,0.7695,1.0,1.0
retained,5.0,10,69.0,2.5024942194733946,2.4972206595748374,0.007370589885156884,2.4453799972670414,0.03139070449497013,0.012836738883139803,0.9968027427730883,15.0,0.9968027427730883,0.9772643517362637,0.9772643517362637,-0.004400177818213584,0.03949469412002151,,,,0.7695,1.0,1.0
retained,5.0,10,69.5,2.50487154957568,2.498935698987992,0.010067017784627293,2.446013885526358,0.03125920271920539,0.012779650558884182,0.9971834416783372,15.0,0.9971834416783372,0.9769253664699774,0.9769253664699774,0.012357598235382416,0.03899724277266416,,,,0.7695,1.0,1.0
retained,5.0,10,70.0,2.504344662332983,2.502077990799438,0.010908936286549892,2.4494538884500265,0.029743282936536736,0.012142822151821681,0.9971184462589819,15.0,0.9971184462589819,0.9745099021708192,0.9745099021708192,-0.0009401206256417761,0.044342654693715296,15.0,1.0186181693081464,0.004178728221226269,0.7695,1.0,1.0
retained,5.0,10,70.5,2.5020065750698963,2.5018172856431375,0.008871313141090863,2.4474052616787407,0.029726083050485727,0.012145958626441708,0.9967764282320214,15.0,0.9967764282320214,0.9758936138413838,0.9758936138413838,0.007867647787823213,0.03791657443269603,,,,0.7695,1.0,1.0
retained,5.0,10,71.0,2.4996315487671597,2.502749180136986,0.007970276620339086,2.4478491747549778,0.030404320189322227,0.01242083070431233,0.9969545117011605,15.0,0.9969545117011605,0.9755777580357725,0.9755777580357725,-0.0007349520341893955,0.039530161308835035,,,,0.7695,1.0,1.0
retained,5.0,10,71.5,2.4960755097295966,2.5030109076039437,0.006945206892746271,2.4462193204473057,0.030687204649112898,0.012544747886097786,0.9972457875152859,15.0,0.9972457875152859,0.9768998681548386,0.9768998681548386,-0.0037013907324545646,0.045115361608709846,,,,0.7695,1.0,1.0
retained,5.0,10,72.0,2.494785544021803,2.5033852380931183,0.007277091409982006,2.447004494143093,0.03158356533253527,0.012907032009189422,0.9973040431433632,15.0,0.9973040431433632,0.9766452705234944,0.9766452705234944,0.006419493689922771,0.04390857756329932,,,,0.7695,1.0,1.0
retained,5.0,10,72.5,2.498082372768952,2.4973713903921477,0.0031364634139789452,2.446801995720185,0.031058404915034466,0.012693468850099093,0.9965467824364238,15.0,0.9965467824364238,0.9768204325131375,0.9768204325131375,0.01005518143656839,0.043582616698179595,,,,0.7695,1.0,1.0
retained,5.0,10,73.0,2.4957823692727508,2.4980469487685424,0.0020109331793035645,2.4484555970795667,0.029414935998573703,0.012013669365153619,0.996884083456643,15.0,0.996884083456643,0.9757884754059422,0.9757884754059422,0.0011403230416450155,0.05182886060811394,,,,0.7695,1.0,1.0
retained,5.0,10,73.5,2.49891176677296,2.4974309551807963,0.00393049638513515,2.4468322274038834,0.030552587637414665,0.012486588698331517,0.9967331628795243,15.0,0.9967331628795243,0.9773377498310731,0.9773377498310731,-0.007178435641943708,0.03988850559628737,,,,0.7695,1.0,1.0
retained,5.0,10,74.0,2.502785245953184,2.4969168716037973,0.007620763390772295,2.447608657217595,0.03053673311426332,0.012476150149336793,0.9972172124459348,15.0,0.9972172124459348,0.9765435775710187,0.9765435775710187,0.011176406686288314,0.03967261061155583,,,,0.7695,1.0,1.0
retained,5.0,10,74.5,2.5043619823658947,2.496622671686516,0.009169526962406442,2.4470032252888534,0.02945434841301178,0.01203690624867684,0.9974295495879408,15.0,0.9974295495879408,0.9768631669402885,0.9768631669402885,0.013662147898346251,0.045476640865043515,,,,0.7695,1.0,1.0
retained,5.0,10,75.0,2.5026313621545437,2.49864261858458,0.007841852206545489,2.449112254307023,0.029154029879419667,0.011903917359504131,0.9972989810708597,15.0,0.9972989810708597,0.9751786899188034,0.9751786899188034,-0.0007157970597178086,0.0474399973781447,15.0,1.0184614638400267,0.004362296245304597,0.7695,1.0,1.0
retained,5.0,10,75.5,2.5014005169785083,2.503163139979261,0.00937926414566732,2.4469716614790133,0.030589267291961715,0.012500866999609127,0.9974274292869063,15.0,0.9974274292869063,0.976953179576788,0.976953179576788,-0.01062336163874241,0.04129184085744325,,,,0.7695,1.0,1.0
retained,5.0,10,76.0,2.5027764847929386,2.504427268674494,0.011238961856815919,2.446023230923378,0.030840144197995696,0.012608279352421967,0.9974947793656546,15.0,0.9974947793656546,0.9773658943918728,0.9773658943918728,0.010041621392927304,0.04909184497543132,,,,0.7695,1.0,1.0
retained,5.0,10,76.5,2.499991355119115,2.503047903338849,0.00841955547308397,2.447296257682527,0.0302489515938682,0.012360151125516989,0.9972503680609651,15.0,0.9972503680609651,0.9766018176819987,0.9766018176819987,0.0009829374688464542,0.048566215629742636,,,,0.7695,1.0,1.0
retained,5.0,10,77.0,2.498532366979397,2.5007400691942827,0.005692567504357324,2.44802980601036,0.03008405455847764,0.012289088345499634,0.99708734052203,15.0,0.99708734052203,0.9763872787962025,0.9763872787962025,0.009687958660541523,0.04146581473682913,,,,0.7695,1.0,1.0
retained,5.0,10,77.5,2.496843472267696,2.5008923108051184,0.005045047370268667,2.4484254864058523,0.028862795068746595,0.011788308539099353,0.9973996391206994,15.0,0.9973996391206994,0.9762711515021361,0.9762711515021361,-0.0032221044080698556,0.042340589683842765,,,,0.7695,1.0,1.0
retained,5.0,10,78.0,2.49743747800501,2.4999555478285074,0.004437057827569893,2.447550147342395,0.02910725042859653,0.011892402065878748,0.997102356167256,15.0,0.997102356167256,0.9769881334659921,0.9769881334659921,0.003969561104049371,0.04493835788426828,,,,0.7695,1.0,1.0
retained,5.0,10,78.5,2.498806669962225,2.4969801724946428,0.0037016948620668027,2.447808048686893,0.02940113202004658,0.012011208164716422,0.9973080356292071,15.0,0.9973080356292071,0.9770781000031544,0.9770781000031544,0.010517625411930392,0.043065971336778565,,,,0.7695,1.0,1.0
retained,5.0,10,79.0,2.5000446669464127,2.497705524804667,0.005091501792186628,2.4475234160893784,0.029584239873178785,0.012087418522208912,0.9972993111235025,15.0,0.9972993111235025,0.9773090029915515,0.9773090029915515,0.007043334438425235,0.042816523151780514,,,,0.7695,1.0,1.0
retained,5.0,10,79.5,2.5014201165201593,2.4958981339952917,0.006217860825669675,2.447458774754848,0.029914972697542192,0.012222870924777335,0.997594746492214,15.0,0.997594746492214,0.9773975252948557,0.9773975252948557,0.0075205671851255335,0.04555484782162461,,,,0.7695,1.0,1.0
retained,5.0,10,80.0,2.504337421460373,2.4995507061810214,0.009754296140892927,2.448643671398804,0.029798794220887475,0.01216951023497213,0.9975041676973782,15.0,0.9975041676973782,0.9767387185319296,0.9767387185319296,0.017278185623068563,0.043825329598382375,15.0,1.0183027242991793,0.003492796014488071,0.7695,1.0,1.0
retained,5.0,10,80.5,2.5004326853613588,2.5000319354985954,0.006528141732238217,2.4477479058660547,0.028577192910000743,0.01167489219029263,0.9967787467725144,15.0,0.9967787467725144,0.9772860531123302,0.9772860531123302,0.006757542545763448,0.053418665134525464,,,,0.7695,1.0,1.0
retained,5.0,10,81.0,2.504302467377882,2.5030946646794088,0.011462247990247264,2.4479577848932417,0.02904542826878394,0.011865167139739155,0.9977732273405929,15.0,0.9977732273405929,0.976983159107813,0.976983159107813,0.0010549085362072945,0.048372672745261185,,,,0.7695,1.0,1.0
retained,5.0,10,81.5,2.5000205439101397,2.5048927999003876,0.010006703560021932,2.4467610599456293,0.030444009847392883,0.012442575756894461,0.9977327090558605,15.0,0.9977327090558605,0.9779168450585554,0.9779168450585554,0.0016165924624375952,0.04088612178009814,,,,0.7695,1.0,1.0
retained,5.0,10,82.0,2.498156015356714,2.503026063717586,0.007509367369038641,2.447783389507856,0.029523332202885232,0.012061251959398705,0.9975585340209627,15.0,0.9975585340209627,0.9773447162056367,0.9773447162056367,0.008010987072790042,0.04519912969637758,,,,0.7695,1.0,1.0
retained,5.0,10,82.5,2.4984977155013692,2.503901640768534,0.008448840541276753,2.4488615362460013,0.028479194396830013,0.011629564993898098,0.9978006556081636,15.0,0.9978006556081636,0.976472257243235,0.976472257243235,-0.001812898073021051,0.04892434997978225,,,,0.7695,1.0,1.0
retained,5.0,10,83.0,2.4955802141920413,2.5021127830490024,0.006004125408855841,2.44937465585517,0.02877451774980802,0.011747699634689713,0.9979664157255691,15.0,0.9979664157255691,0.9761147461186181,0.9761147461186181,0.0034683279959179993,0.04127955133488135,,,,0.7695,1.0,1.0
retained,5.0,10,83.5,2.4967067263251677,2.4984819855545846,0.0027980314771409547,2.446679912734357,0.029772699731847044,0.012168612484570454,0.997601395054395,15.0,0.997601395054395,0.9778180680846887,0.9778180680846887,0.003771878862948759,0.04623371568205863,,,,0.7695,1.0,1.0
retained,5.0,10,84.0,2.4974555832614427,2.4976284196521807,0.002708132300346236,2.447929432080487,0.029813665394671295,0.012179135968528619,0.997331387146774,15.0,0.997331387146774,0.9770696059927412,0.9770696059927412,-0.0015653043839447035,0.044864726963432175,,,,0.7695,1.0,1.0
retained,5.0,10,84.5,2.499530101643009,2.493942211981518,0.004841490979001775,2.447942276062082,0.030244074507059193,0.01235489692825264,0.9972646554287045,15.0,0.9972646554287045,0.9763537036091054,0.9763537036091054,0.008667514017515835,0.039677739209489624,,,,0.7695,1.0,1.0
retained,5.0,10,85.0,2.501690199808482,2.4993250661763238,0.007232726264935944,2.4485384681503928,0.02929991483627837,0.011966287325030796,0.9962577687718681,15.0,0.9962577687718681,0.9760423309182278,0.9760423309182278,0.004091802975162676,0.04710890148318826,15.0,1.0182667023114234,0.004875378760733621,0.7695,1.0,1.0
retained,5.0,10,85.5,2.5022614102646066,2.500113051054292,0.008106635919530729,2.4493439844133866,0.02972418958487855,0.012135571717991027,0.9962057035794734,15.0,0.9962057035794734,0.9760643640255557,0.9760643640255557,0.00323574016737206,0.04298253461023049,,,,0.7695,1.0,1.0
retained,5.0,10,86.0,2.5043349022871975,2.5035381912830945,0.01176255015985109,2.4496308437433996,0.02978599563048104,0.012159381364158372,0.9962970875385279,15.0,0.9962970875385279,0.9756201569482783,0.9756201569482783,-0.0028604536934523114,0.047413765921500074,,,,0.7695,1.0,1.0
retained,5.0,10,86.5,2.502341326984853,2.50146545259423,0.00891516334716686,2.445184726400977,0.03194445140856097,0.013064228262041955,0.9963674531676568,15.0,0.9963674531676568,0.9787049681787042,0.9787049681787042,-0.008812242316998911,0.04380713397584008,,,,0.7695,1.0,1.0
retained,5.0,10,87.0,2.4995550329231393,2.505170230846929,0.010040571002869973,2.446269165249115,0.030895138707548387,0.012629492758374442,0.997330450746556,15.0,0.997330450746556,0.9778546460971838,0.9778546460971838,0.016691465156513045,0.04621163650133706,,,,0.7695,1.0,1.0
retained,5.0,10,87.5,2.4953373808121286,2.502684558634381,0.006565552228719358,2.4504971671025775,0.02857673637629919,0.011661607595363105,0.9974930382733023,15.0,0.9974930382733023,0.975089947974597,0.975089947974597,0.0007851904936026497,0.04247649210841898,,,,0.7695,1.0,1.0
retained,5.0,10,88.0,2.496054465940065,2.5042630094655234,0.008186755067718108,2.4480693756581315,0.02942324098155941,0.012018957172588034,0.9978647118176823,15.0,0.9978647118176823,0.9764140447194983,0.9764140447194983,0.007042754497740941,0.05158941632978944,,,,0.7695,1.0,1.0
retained,5.0,10,88.5,2.4935190529551425,2.4997131007856788,0.003969213231587598,2.4480768640588026,0.030203519330280804,0.012337651555680614,0.9978575686159215,15.0,0.9978575686159215,0.9766866129355452,0.9766866129355452,-0.003860252182452397,0.0404155779971721,,,,0.7695,1.0,1.0
retained,5.0,10,89.0,2.4986890490757294,2.497520566316703,0.0037537650491815426,2.448406183280169,0.029807203220659318,0.012174125120336908,0.9970748102669982,15.0,0.9970748102669982,0.9764723896932808,0.9764723896932808,0.009227824656367428,0.04506397760638893,,,,0.7695,1.0,1.0
retained,5.0,10,89.5,2.4966207912618876,2.4992447060072096,0.0034296942941989907,2.4477009602579285,0.03032531895228215,0.012389307127242616,0.9956339565883424,15.0,0.9956339565883424,0.977137960243911,0.977137960243911,0.0026486950725810253,0.046570487724469846,,,,0.7695,1.0,1.0
retained,5.0,10,90.0,2.4996960050224972,2.498286444217204,0.00498499946715256,2.4472933600160385,0.03005358540690061,0.012280336267779378,0.9959141856110869,15.0,0.9959141856110869,0.9771661987142324,0.9771661987142324,0.008792169146606058,0.04023909975228721,15.0,1.017777557333474,0.005340944032889847,0.7695,1.0,1.0
retained,5.0,10,90.5,2.501710472455985,2.5008136107636263,0.008020737206214728,2.4481030641676864,0.029137109027546817,0.011901912731543,0.9957619541744334,15.0,0.9957619541744334,0.9770109948917677,0.9770109948917677,0.006458955511328632,0.04748255210823308,,,,0.7695,1.0,1.0
retained,5.0,10,91.0,2.5046893857711017,2.501699530455438,0.011002633159725906,2.44828474846765,0.02937079611281908,0.011996478812851276,0.996394476737105,15.0,0.996394476737105,0.9767916947965283,0.9767916947965283,-0.005223095097017356,0.04253526534335573,,,,0.7695,1.0,1.0
retained,5.0,10,91.5,2.5026334573676503,2.5033373689884812,0.010356138450259221,2.4469016426453774,0.02982546791643899,0.012189075113045527,0.9963686260748427,15.0,0.9963686260748427,0.9780611539864363,0.9780611539864363,-0.0032895892695466145,0.048651088018217624,,,,0.7695,1.0,1.0
retained,5.0,10,92.0,2.5018964727169277,2.5052725199320043,0.011336764123559512,2.448396944662339,0.030703677693825548,0.012540318578963072,0.9972721499696151,15.0,0.9972721499696151,0.9773939411875769,0.9773939411875769,-0.001670918923408815,0.0450073031897187,,,,0.7695,1.0,1.0
retained,5.0,10,92.5,2.499213813192047,2.5030082268206915,0.007968943396719313,2.4481377397071693,0.02997521061498172,0.01224408664953924,0.9973142079903973,15.0,0.9973142079903973,0.9773522419472012,0.9773522419472012,0.002887668333249518,0.0383043758031854,,,,0.7695,1.0,1.0
retained,5.0,10,93.0,2.4975697879763534,2.502814989368755,0.007099652605804097,2.4487281867665036,0.029278166259913918,0.011956478639866987,0.997724263636965,15.0,0.997724263636965,0.9766423386701953,0.9766423386701953,0.001066852762842222,0.046539271975120526,,,,0.7695,1.0,1.0
retained,5.0,10,93.5,2.4946299275635098,2.499710753072023,0.003636393164390608,2.4487605322275585,0.029701263520224043,0.01212910087749812,0.9978159554992467,15.0,0.9978159554992467,0.9768586896672383,0.9768586896672383,0.005192841202839104,0.04933034420330509,,,,0.7695,1.0,1.0
retained,5.0,10,94.0,2.4941576038874196,2.4967006196728474,0.0011984829207824477,2.446602260730029,0.029786053027960353,0.012174456594784902,0.9976838859019308,15.0,0.9976838859019308,0.9783235497714944,0.9783235497714944,0.007310095463947829,0.046547691941578775,,,,0.7695,1.0,1.0
retained,5.0,10,94.5,2.4987862531849383,2.4969207695312714,0.0036684213935389677,2.4491090107826383,0.029501266327752736,0.012045713848533552,0.9969930078994357,15.0,0.9969930078994357,0.9768068370713169,0.9768068370713169,0.006743300192442767,0.04501042328931016,,,,0.7695,1.0,1.0
retained,5.0,10,95.0,2.4980786327959867,2.4965025964909024,0.0028977328113663596,2.4498197878250707,0.02893027255726574,0.011809143146382123,0.9971238731809328,15.0,0.9971238731809328,0.9764522351896111,0.9764522351896111,0.004293327901689744,0.0446657445738053,15.0,1.018778327514511,0.004308355848376355,0.7695,1.0,1.0
retained,5.0,10,95.5,2.5013482301509766,2.4971070625013136,0.0062207616495639825,2.446110619213807,0.030123154016986144,0.012314714543313617,0.9970496498561114,15.0,0.9970496498561114,0.9789548481026249,0.9789548481026249,0.00193411058909851,0.04253931199130954,,,,0.7695,1.0,1.0
retained,5.0,10,96.0,2.5027644222291094,2.501034816777258,0.009015466394411694,2.447946558387325,0.029066704820193523,0.011873913145939873,0.9969476454103658,15.0,0.9969476454103658,0.9776507722882744,0.9776507722882744,0.01281472454862558,0.0442923332942601,,,,0.7695,1.0,1.0
retained,5.0,10,96.5,2.5034982681659588,2.5004152129503043,0.009338312966455558,2.448134477113908,0.02845246116616079,0.011622098962350808,0.9968216217383615,15.0,0.9968216217383615,0.9774661491519577,0.9774661491519577,-0.0008708936636265264,0.04812620078048891,,,,0.7695,1.0,1.0
retained,5.0,10,97.0,2.4996035679619135,2.503576873576013,0.008656607560887927,2.4483019637548264,0.028907631800758542,0.011807216686794832,0.9965939330821717,15.0,0.9965939330821717,0.9774481747177889,0.9774481747177889,0.015096287717328363,0.042981082175547775,,,,0.7695,1.0,1.0
retained,5.0,10,97.5,2.4980422117233565,2.503907341658291,0.00828737427357263,2.4486596458289034,0.029595099564399725,0.012086244658302193,0.9969684418837527,15.0,0.9969684418837527,0.977323348801786,0.977323348801786,0.001638624482179778,0.04725713129381747,,,,0.7695,1.0,1.0
retained,5.0,10,98.0,2.495815554088966,2.5044993911277573,0.008401200594043423,2.448948740184468,0.029131351040791842,0.011895451531009796,0.9974761392548779,15.0,0.9974761392548779,0.977146634304036,0.977146634304036,0.01089333001736501,0.036433178997345994,,,,0.7695,1.0,1.0
retained,5.0,10,98.5,2.497227392069192,2.5017655256393603,0.005996123415814285,2.446206486865495,0.02947286780272769,0.012048397369959333,0.9970478840267392,15.0,0.9970478840267392,0.9787543905584795,0.9787543905584795,6.121239915343059e-05,0.04328373806736413,,,,0.7695,1.0,1.0
retained,5.0,10,99.0,2.4968902389523597,2.496457571619893,0.0017174512146029928,2.449200877328456,0.02941362124930525,0.01200947685491159,0.9970549013029372,15.0,0.9970549013029372,0.9765666184788615,0.9765666184788615,0.00835546938922049,0.0448493198266292,,,,0.7695,1.0,1.0
retained,5.0,10,99.5,2.49487690750183,2.4973597008715878,0.0012823902080184937,2.4481878639208126,0.029372378295241527,0.0119975998280627,0.9976714829395348,15.0,0.9976714829395348,0.9771637503995877,0.9771637503995877,0.010789599723228759,0.042638491401224145,,,,0.7695,1.0,1.0
retained,5.0,10,100.0,2.499842610724988,2.495019764699282,0.004765214814087539,2.447790448796525,0.029593622311520355,0.012089932913199446,0.9976543729442907,15.0,0.9976543729442907,0.9773824953864071,0.9773824953864071,0.005774418726385825,0.03749133324782509,15.0,1.0179269398263044,0.004277860947320137,0.7695,1.0,1.0
removed,5.0,10,0.0,2.4952062265809603,2.496120316512423,0.0,2.4478801065554623,0.030488544669680335,0.012455080862837817,0.9960493038904508,15.0,0.9960493038904508,0.9748963170300042,0.9748963170300042,0.01794499211834851,0.047431852929912,15.0,1.0178947028339624,0.005700611062627727,0.7695,1.0,1.0
removed,5.0,10,0.5,2.4897603587054546,2.486051431362862,0.011447267144279828,3.259735653430588,0.1628207356932638,0.049949061213570844,0.5816967730602779,15.0,0.5816967730602779,0.13815888724778222,0.13815888724778222,0.9007341210603428,0.05354607076744644,,,,0.7695,0.2305,0.0
removed,5.0,10,1.0,2.517587705288673,2.4596747368540095,0.042769274786715196,4.441277531866906,0.1563745534724249,0.03520936315067262,0.26699308329525284,15.0,0.26699308329525284,-0.6860394247309324,0.6860394247309324,0.54541433316928,0.07090165507896273,,,,0.7695,0.228,0.0
removed,5.0,10,1.5,2.593597111663466,2.3495537794915053,0.17652907987530786,4.750183670761357,0.5814993806016893,0.12241618870044382,0.22987190488979278,14.0,0.3003508226632105,-0.6681406851847612,0.6681406851847612,-0.1399747375398699,0.10133297342580626,,,,0.7695,0.227,0.0
removed,5.0,10,2.0,2.855886041781137,1.9657916540826261,0.6413567020678984,4.3541075055047385,0.910820952281621,0.20918660164685954,0.20192493320608007,16.0,0.33353446983311885,-0.16124770150061982,0.16124770150061982,-0.36479921113817754,0.21248749517920917,,,,0.7695,0.2315,0.003248862897985705
removed,5.0,10,2.5,2.909449113335093,2.205751917742654,0.5058764436406548,3.889329811354898,1.2372669722262102,0.31811829601439545,0.05783389013192125,6.0,0.2966156653780918,0.3080535329521334,0.3080535329521334,-0.020163318914742462,0.08148596703109252,,,,0.7695,0.363,0.17413905133203378
removed,5.0,10,3.0,2.784987232885335,2.1558622638836775,0.44693240427774106,4.147106291144673,1.1095489656720068,0.2675477520412799,0.16585257681786195,5.0,0.34448337891956515,-0.20561558289804963,0.20561558289804963,0.12278976538528893,0.1473721979295309,,,,0.7695,0.302,0.09551656920077972
removed,5.0,10,3.5,2.8397854640420714,1.9948097504746287,0.6083149961248813,4.121711191310531,1.1997436015104312,0.2910790071948159,0.09745683087943875,5.0,0.3403940465343796,0.04867423580265238,0.04867423580265238,0.10573318838689623,0.11225045359992643,,,,0.7695,0.334,0.13710201429499674
removed,5.0,10,4.0,2.807787660179495,2.2140359605635926,0.4210448153125525,4.099992155694674,1.1720270861719084,0.2858608118418042,0.1651016332111749,6.0,0.3481500522498982,-0.008144318439756644,0.008144318439756644,-0.24810399764355343,0.05332910189914737,,,,0.7695,0.328,0.12930474333983105
removed,5.0,10,4.5,2.835345979717643,2.0789855605512932,0.5382345736708434,4.163882861152853,1.2145558205176634,0.29168827774885814,0.1757044784698401,10.0,0.34062144312262876,-0.15401821720812336,0.15401821720812336,0.08232779241546388,0.03496480533148843,,,,0.7695,0.3265,0.12930474333983105
removed,5.0,10,5.0,2.821323729981068,2.1029337900130196,0.5108309609299198,4.160765545583643,1.2293214328436297,0.29545558849103315,0.1654919843275457,6.0,0.32414280182459076,-0.04667969602507666,0.04667969602507666,0.1001235728193543,0.034897068625188335,11.0,2.6659504364606272,2.036609632872114,0.7695,0.324,0.1267056530214425
removed,5.0,10,5.5,2.7035303563352673,2.1533655535629697,0.4010982056335146,4.0884970134142,1.256914643044796,0.3074270664552054,0.2528963131884964,10.0,0.380360554652992,0.09134464365245851,0.09134464365245851,-0.05405931410249092,0.05630123699835174,,,,0.7695,0.327,0.13125406107862247
removed,5.0,10,6.0,2.834151860499256,2.0157916446790654,0.587877347528779,4.228744986481661,1.1998963702574517,0.2837476305838372,0.12764345348903866,6.0,0.3403827768876133,-0.17572261820096016,0.17572261820096016,-0.061791504949569816,0.025439378342900432,,,,0.7695,0.3175,0.1189083820662768
removed,5.0,10,6.5,2.8724263582291467,2.107725102607506,0.5414294690030469,4.196423166997349,1.2352419225858238,0.2943559010684025,0.10768378472509911,10.0,0.36083263701390667,-0.052289446534082115,0.052289446534082115,0.1402417451894867,0.06632301399101817,,,,0.7695,0.3275,0.13190383365821962
removed,5.0,10,7.0,2.756310024303753,2.1090410817026872,0.4669106201471063,4.160554842852743,1.2585517192501532,0.3024961253454382,0.08666153253603565,6.0,0.35306263835806,0.01372785292781168,0.01372785292781168,-0.13246991305593384,0.10511983707238737,,,,0.7695,0.335,0.14359974009096815
removed,5.0,10,7.5,2.8246116299905957,2.109274414666981,0.50809218806244,4.242102193377502,1.2186914200172085,0.28728478581203243,0.178200614032449,4.0,0.31011656287485156,-0.17646639878117074,0.17646639878117074,0.026945875310720874,0.01578430682584553,,,,0.7695,0.3035,0.10136452241715399
removed,5.0,10,8.0,2.857777829709663,2.012549120794853,0.604399924489603,4.222261677296208,1.3134272776077816,0.3110719746884223,0.04330071091718081,4.0,0.3012754390426446,-0.040365370506492956,0.040365370506492956,0.13450637291432582,0.0675381092452889,,,,0.7695,0.34,0.14944769330734242
removed,5.0,10,8.5,2.794883013166307,2.0391222574704795,0.5464919051424486,4.149400729077226,1.299297115046717,0.3131288588112973,0.0766623389353355,6.0,0.3282095126497411,0.12493515750823829,0.12493515750823829,-0.05359357813432935,0.12584900244778083,,,,0.7695,0.3335,0.1410006497725796
removed,5.0,10,9.0,2.8228035884367184,1.9595427801585394,0.6286775676087509,4.284350221953327,1.3108285296411384,0.30595737083405466,0.04232967029765226,6.0,0.29326541949864915,-0.1643010220096583,0.1643010220096583,-0.04387694996069459,0.08697026752789877,,,,0.7695,0.2945,0.0903183885640026
removed,5.0,10,9.5,2.9060599421337594,1.9230054341386074,0.7051676708286425,4.236891090510555,1.4304390387862533,0.3376152485934875,0.0634929920422754,6.0,0.29592140788759785,-0.008255106094118739,0.008255106094118739,0.0566857268414358,0.15369452832225253,,,,0.7695,0.321,0.12475633528265107
removed,5.0,10,10.0,2.728061320478673,1.791667979816241,0.7419397478440034,4.280759180497029,1.4858734256492183,0.3471051192084805,0.12997983798601276,6.0,0.3166314110503511,-0.10746191858846475,0.10746191858846475,-0.0057646757774972345,0.16279244265002626,9.0,2.651665764117363,1.9120439601434778,0.7695,0.306,0.10526315789473684
removed,5.0,10,10.5,2.755121945716217,1.7770002626327508,0.7646501376090244,4.256768165079413,1.5280373133401923,0.35896653378389604,0.014907371405988808,4.0,0.28167331545197744,-0.018875944465504377,0.018875944465504377,0.051244051613941397,0.15979457973549469,,,,0.7695,0.293,0.08836907082521117
removed,5.0,10,11.0,2.6634304685043775,1.6935334380533018,0.8200274952984591,4.275911596160326,1.6634575945313652,0.38902993130753993,0.09403353018592044,6.0,0.3259986133662719,-0.09471989756723963,0.09471989756723963,-0.12007614353220525,0.12689392017355822,,,,0.7695,0.315,0.11695906432748537
removed,5.0,10,11.5,2.6086690688164715,1.6410098316842707,0.8626052155135615,4.296616439119687,1.7769141942260434,0.413561279998758,0.03257337457067588,6.0,0.2579123999799885,-0.16600966237687617,0.16600966237687617,0.0731951139478156,0.11535858675225727,,,,0.7695,0.3025,0.10071474983755685
removed,5.0,10,12.0,2.5274888668387963,1.5338234773867183,0.9628381875753261,4.213496324872873,1.8801116410082743,0.4462117671515947,0.05860956011687485,6.0,0.268738273766928,0.06414841316974987,0.06414841316974987,0.0015303617114047067,0.08322328824102056,,,,0.7695,0.3675,0.18518518518518517
removed,5.0,10,12.5,2.3598049663820717,1.4151617614551737,1.0894057549943927,4.28505981829381,2.0450556395401613,0.4772525300135588,0.10787833894122356,7.0,0.32071392879353705,-0.11846909097390311,0.11846909097390311,-0.09600792534490175,0.0795030828227792,,,,0.7695,0.326,0.13125406107862247
removed,5.0,10,13.0,2.263452903218357,1.4957953040639043,1.026820205011442,4.240492443310527,2.1797343877302633,0.514028598534315,0.09620689978402362,7.0,0.29524831487467557,-0.05445960702731898,0.05445960702731898,0.12040581641860904,0.09025421605507003,,,,0.7695,0.372,0.1903833658219623
removed,5.0,10,13.5,2.0828094978439813,1.230387965645675,1.3312210357050498,4.287823718440866,2.338223544890512,0.5453170882082657,0.06846461317034902,7.0,0.346205282508541,-0.02687924601168588,0.02687924601168588,-0.08350960190899465,0.08858941570739039,,,,0.7695,0.3715,0.19103313840155944
removed,5.0,10,14.0,2.0760095537172263,1.3575829190743347,1.2132572917172677,4.322216188797801,2.524369371804557,0.5840451429401304,0.17473927049796328,7.0,0.33226258807683234,-0.13287454244807728,0.13287454244807728,0.11518104806520868,0.03634540730133195,,,,0.7695,0.3555,0.16894087069525665
removed,5.0,10,14.5,1.7734027660934117,1.1918311077061288,1.4906946621559858,4.3036908694798175,2.669430577040551,0.6202654089240388,0.14240373477340648,7.0,0.3735632262884148,0.067599187592153,0.067599187592153,-0.06974833444801407,0.02195886484469196,,,,0.7695,0.3905,0.21507472384665366
removed,5.0,10,15.0,1.8142795670327714,1.2067473241824749,1.458130251052127,4.464903065805353,2.874765451149729,0.6438584239748094,0.19338169215970533,7.0,0.36813240449671936,-0.2567879476780898,0.2567879476780898,0.04721558882833503,0.10416207083042185,7.0,3.757849702753598,3.1262859224940427,0.7695,0.3515,0.1663417803768681
removed,5.0,10,15.5,1.4212390008292877,1.2140586092444368,1.6724496474428303,4.376445557746956,3.0238354693528557,0.6909340992486973,0.14789925176958793,6.0,0.310638333221309,0.09137240536143011,0.09137240536143011,0.008552889087856036,0.16472753554679948,,,,0.7695,0.3845,0.21052631578947367
removed,5.0,10,16.0,1.5189690169600818,1.1724911482446982,1.6446985330258757,4.5832449789974605,3.231912348399362,0.7051581059291994,0.1978628609812012,7.0,0.4336325239618279,-0.30543995617825176,0.30543995617825176,0.007248498634970684,0.14743717297240153,,,,0.7695,0.37,0.19168291098115658
removed,5.0,10,16.5,1.0936405535819043,1.1261166457615805,1.9599225478574605,4.455185487313327,3.4134610729856334,0.7661770946924369,0.19442317254997546,8.0,0.30305985212410347,0.2748931737403614,0.2748931737403614,0.12973907685571956,0.15413205689798892,,,,0.7695,0.383,0.21312540610786224
removed,5.0,10,17.0,1.1970495820654314,1.3034940633946919,1.7628295587848122,4.699805684568662,3.6143577580612383,0.7690440840838628,0.22077397513979377,8.0,0.3243184696642509,-0.3845891568959983,0.3845891568959983,-0.2605961536837415,0.15994997999513483,,,,0.7695,0.382,0.20987654320987653
removed,5.0,10,17.5,0.8835593208129927,1.2286267817947714,2.050352557347763,4.578437491538492,3.803652590528689,0.8307752584933835,0.23254712298525784,8.0,0.3120801095334892,0.134504718381573,0.134504718381573,0.36431231328153574,0.29500051071827393,,,,0.7695,0.4,0.23131903833658218
removed,5.0,10,18.0,0.8751022145093792,1.4588551026188434,1.9237089524884283,4.75226613502297,4.073340779567244,0.8571365036877412,0.15056984432815873,9.0,0.31761778498640814,-0.24183590474941252,0.24183590474941252,-0.24354732595548323,0.29614266410088175,,,,0.7695,0.408,0.2553606237816764
removed,5.0,10,18.5,0.6552878087808255,1.4049118704630579,2.1391670474485207,4.7212122547031745,4.223533368072777,0.8945866316146621,0.17035578276282162,9.0,0.39875970975378855,0.03396034884960717,0.03396034884960717,0.23253459683556238,0.25783947082332426,,,,0.7695,0.386,0.21637426900584794
removed,5.0,10,19.0,0.5902395237514522,1.622744172305693,2.095634516836975,4.871090536845262,4.510024785391454,0.9258757872138318,0.24655116168981075,9.0,0.32364777995536026,-0.2118995631678963,0.2118995631678963,-0.14073262291126074,0.2116881268067508,,,,0.7695,0.4475,0.3060428849902534
removed,5.0,10,19.5,0.4539094904778638,1.6254529267234443,2.21922375358302,4.841321422678,4.686082584082898,0.9679346143249398,0.14130931421400988,9.0,0.3973958902959605,0.08433327880370223,0.08433327880370223,0.2844676795070295,0.19280887049799295,,,,0.7695,0.3795,0.21312540610786224
removed,5.0,10,20.0,0.39474297972119954,1.8385366809921393,2.200991160616671,4.990114060820948,4.988541290186115,0.999684822708326,0.2859060932627738,3.0,0.30355474668162985,-0.16476988507052803,0.16476988507052803,-0.21473426592517925,0.12019859427989273,7.0,4.390282694388864,2.8650856879727113,0.7695,0.4695,0.3248862897985705
removed,5.0,10,20.5,0.28155209580628165,1.890682769229583,2.2949551704457454,4.97917409842063,5.134191027374985,1.0311330606020637,0.11961602892679639,9.0,0.3619816746944736,0.024456003510058902,0.024456003510058902,0.22449646357012465,0.23046931789301237,,,,0.7695,0.367,0.21767381416504222
removed,5.0,10,21.0,0.19943025200731068,2.011702997887847,2.3463263762769695,5.2301582856737285,5.452618152581551,1.0425340601100308,0.20920677373612107,6.0,0.3284260142305754,-0.2945106342022688,0.2945106342022688,-0.06434056241392946,0.3361082611099129,,,,0.7695,0.464,0.31773879142300193
removed,5.0,10,21.5,0.18981411170323562,2.1012606675202834,2.3389627927230014,5.019504635123541,5.646901063157619,1.1249917020982365,0.1851323855850127,10.0,0.2536697801195274,0.16624367500450674,0.16624367500450674,0.10805848877264773,0.3384587418469586,,,,0.7695,0.442,0.28914879792072773
removed,5.0,10,22.0,0.12295650083214532,2.212150396675315,2.3891855676543043,5.3358504954300106,5.927387356362245,1.1108608386683374,0.22507957650707508,6.0,0.3126458988058976,-0.2629106148143249,0.2629106148143249,0.09392115112123983,0.23232985014260246,,,,0.7695,0.4505,0.3138401559454191
removed,5.0,10,22.5,0.1521133465377584,2.330986847234207,2.348904703725761,5.181569119386998,6.1491172723856575,1.1867287940594191,0.22236513207783962,3.0,0.2491075505196867,0.11915324695552208,0.11915324695552208,-0.10453101434108364,0.30728629194392937,,,,0.7695,0.45,0.299545159194282
removed,5.0,10,23.0,0.004245505783473296,2.3470272631955797,2.495418612398183,5.5210749377908614,6.375189302065565,1.1547007374285811,0.17783943799694246,5.0,0.33441233348347815,-0.28980338419864465,0.28980338419864465,0.2737864140801839,0.25975933092651976,,,,0.7695,0.442,0.3105912930474334
removed,5.0,10,23.5,0.13431328068821893,2.5778730920707402,2.3623079854831786,5.339481886519797,6.695077644482027,1.2538815163667105,0.14432333911221024,7.0,0.2761773923396451,0.06352183066317212,0.06352183066317212,-0.18838313788101224,0.09422010091330711,,,,0.7695,0.457,0.31189083820662766
removed,5.0,10,24.0,0.05759962137685607,2.503426012511501,2.437617553048203,5.583804980943487,6.87181636720153,1.2306691209047937,0.15471966970382686,5.0,0.35920223863667783,-0.17028198007336323,0.17028198007336323,0.36157073226943676,0.09452649182471039,,,,0.7695,0.436,0.2826510721247563
removed,5.0,10,24.5,0.12231977871052764,2.759195192678062,2.387425074207927,5.635811873331499,7.191732921726198,1.2760775347660684,0.20879229948375685,7.0,0.38150080664656627,-0.1540175130298967,0.1540175130298967,-0.23673669789619797,0.11285670157173672,,,,0.7695,0.459,0.32423651721897334
removed,5.0,10,25.0,0.1693419067140453,2.6447301475397063,2.3306071561522215,5.578364762772487,7.4264051653754635,1.331287121081786,0.16851199771831354,5.0,0.33734394272379165,0.14380316727810485,0.14380316727810485,0.3517541996664395,0.2533433827050545,7.0,4.224495201509442,2.7352317332808633,0.7695,0.4295,0.27485380116959063
removed,5.0,10,25.5,0.11982640528697042,2.739280717638727,2.3877931811793442,6.012880974580888,7.656016835950232,1.2732693143795142,0.27339012864169204,7.0,0.35826894824267225,-0.3992146382259771,0.3992146382259771,-0.1104572802001882,0.2852441748146202,,,,0.7695,0.4505,0.3138401559454191
removed,5.0,10,26.0,0.20474895325424392,2.819942163491621,2.3132347718111697,5.765765239791723,7.975404243120092,1.3832342995997853,0.2190659488442293,5.0,0.3820604969206359,0.23357015816626486,0.23357015816626486,0.2197432291152137,0.2615158396676077,,,,0.7695,0.4475,0.29759584145549056
removed,5.0,10,26.5,0.17536285807304883,2.8324100998509514,2.344091310676273,6.201519004409835,8.197723209604323,1.3218895570222404,0.20574954818656102,5.0,0.361986897114052,-0.3964476211512716,0.3964476211512716,-0.056187206186683665,0.22978921117902482,,,,0.7695,0.438,0.30214424951267055
removed,5.0,10,27.0,0.28823188344876344,3.002964580654096,2.264426386380689,5.983363864588231,8.549724324634031,1.4289159941006553,0.22617720363778476,5.0,0.35682944211115275,0.11166083888507104,0.11166083888507104,0.15654831094093627,0.2271163369274268,,,,0.7695,0.432,0.2787524366471735
removed,5.0,10,27.5,0.2224953071688858,2.876074501411303,2.3042526132863665,6.353865493123685,8.735830340233054,1.374884367584928,0.22557492963153214,5.0,0.42176942813077556,-0.30540922824581246,0.30540922824581246,0.10739203867726993,0.22329259787040284,,,,0.7695,0.417,0.28330084470435346
removed,5.0,10,28.0,0.36076205147125795,3.1371782348286805,2.2286334806997115,6.220366191871282,9.152190234522525,1.4713265991450029,0.19011756162005083,6.0,0.3500856482392939,0.07048208252218488,0.07048208252218488,0.04006609253318182,0.1574120263794779,,,,0.7695,0.449,0.30084470435347627
removed,5.0,10,28.5,0.35585118116020825,3.0047880764428414,2.1989958845709237,6.4829495314142624,9.321470026264885,1.4378439907785918,0.18008652783369059,5.0,0.4793190121690669,-0.2212748120614871,0.2212748120614871,0.10797089934707522,0.17257520763766454,,,,0.7695,0.402,0.2521117608836907
removed,5.0,10,29.0,0.3549352866107185,3.244440317273805,2.267320559607886,6.518787377883017,9.720594444949127,1.4911660530498696,0.17968322418412816,6.0,0.33089766179754093,0.004509620155208757,0.004509620155208757,0.062159082458424775,0.16655200439228218,,,,0.7695,0.4565,0.31319038336582194
removed,5.0,10,29.5,0.5259366048400357,3.1921722067814224,2.0886625091332234,6.679650689546173,9.967886638536221,1.4922766326892247,0.2050716577815616,5.0,0.4160207057757007,-0.19450485544900178,0.19450485544900178,0.13340173674504432,0.20066448734346848,,,,0.7695,0.365,0.21052631578947367
removed,5.0,10,30.0,0.36785289429404927,3.306400413426953,2.276441529195961,6.831475205378059,10.289858841862173,1.5062425804841555,0.15352161286067936,6.0,0.3463190254518076,-0.06511714316428598,0.06511714316428598,0.0461269680396117,0.25589958283446446,4.0,4.0419364861598055,2.0522123799051832,0.7695,0.434,0.2852501624431449
removed,5.0,10,30.5,0.6217667249885652,3.4357733824461865,2.0958824991982454,6.901671575301444,10.638899151012778,1.5414960035313043,0.2208062723943377,5.0,0.2982795962803752,-0.14122921379099423,0.14122921379099423,0.15390165774903206,0.22984134688502694,,,,0.7695,0.3865,0.24496426250812214
removed,5.0,10,31.0,0.5091420765341171,3.4001392062669824,2.1821322052374272,7.032554210102989,10.928695542536069,1.554015115423621,0.18995861862111238,6.0,0.3964490337268952,-0.04292481197420403,0.04292481197420403,0.01869193231570062,0.25896236611787216,,,,0.7695,0.4245,0.2742040285899935
removed,5.0,10,31.5,0.7059134924605774,3.651231388399486,2.1297535248878154,7.119084849206107,11.295699061097036,1.5866785268554129,0.19924200447843884,6.0,0.2952549866814236,-0.07805432844546817,0.07805432844546817,0.11098852403995167,0.27677090618831707,,,,0.7695,0.391,0.25471085120207926
removed,5.0,10,32.0,0.7407975827990241,3.4618335159605826,2.002636180878887,7.288690701626356,11.587859255450077,1.589840991999349,0.12298984560480179,5.0,0.4518228321319959,-0.15323347468545856,0.15323347468545856,0.024131792868028024,0.30316481108962995,,,,0.7695,0.3775,0.21442495126705652
removed,5.0,10,32.5,0.7382969944946604,3.8504101672474533,2.2182946264177765,7.4087839890656975,11.930983073303269,1.6103834436139168,0.21533556190298928,6.0,0.3181648428278677,-0.09834762200442322,0.09834762200442322,0.012306549953932594,0.3700186144222395,,,,0.7695,0.395,0.25276153346328784
removed,5.0,10,33.0,0.9774820720273603,3.580024852547168,1.8650296653276417,7.525791057791704,12.280161851946703,1.6317436609182285,0.09364366642869988,5.0,0.3272114516471186,-0.23740355026907828,0.23740355026907828,0.29183222428184385,0.3272452671727888,,,,0.7695,0.357,0.19623131903833657
removed,5.0,10,33.5,0.794801929065707,3.86181886410961,2.180941837353167,7.707464175994382,12.605109405801366,1.635441841567186,0.1310041622282513,6.0,0.434756456189208,-0.0812722364033695,0.0812722364033695,-0.049260270849651726,0.2652936359758511,,,,0.7695,0.3905,0.24041585445094216
removed,5.0,10,34.0,1.0878033697771472,3.9134422684000216,1.9973943818490145,7.756910191892948,12.997957899215699,1.675661774813427,0.09640793898967837,6.0,0.3425366150287918,-0.14983734950141844,0.14983734950141844,0.19178826584702055,0.17486038109451224,,,,0.7695,0.388,0.248862897985705
removed,5.0,10,34.5,1.0581029899473056,3.8837292089807023,1.9976796918425064,7.944281914881433,13.32905197573833,1.677817091406337,0.2508421090824579,5.0,0.3215091866761513,-0.1330088228975881,0.1330088228975881,-0.02781121115331992,0.09946250831923484,,,,0.7695,0.326,0.15009746588693956
removed,5.0,10,35.0,1.0928940723988074,4.06465404528875,2.1039908355494226,8.114264216509396,13.667425894622582,1.6843703298217287,0.04016422941487704,6.0,0.4106048180226935,-0.17070149013632818,0.17070149013632818,0.1966244006183062,0.08155377331999031,9.0,2.830980467966242,3.0263007807676194,0.7695,0.3715,0.24691358024691357
removed,5.0,10,35.5,1.2886755565576264,4.047081137673695,1.964992551254127,8.170382945208322,14.074041028455044,1.722568100276014,0.2808512324960344,10.0,0.32476474670948846,-0.16829570275090197,0.16829570275090197,0.04596689021483591,0.12066328642417984,,,,0.7695,0.378,0.21832358674463936
removed,5.0,10,36.0,1.216112567845748,4.092788455983126,2.0458322842837013,8.383628633403267,14.408439322816035,1.7186399771344647,0.09718968025203986,6.0,0.4530745273888485,-0.1692623089468146,0.1692623089468146,0.21261305035858963,0.11384687438095502,,,,0.7695,0.3125,0.1871345029239766
removed,5.0,10,36.5,1.3627487882066964,4.225289923904021,2.0669996083347506,8.485669738207779,14.787466585694432,1.7426398907692615,0.14701901189536745,6.0,0.42430788211467063,-0.17552516023385473,0.17552516023385473,0.003653643578109236,0.11223951685459456,,,,0.7695,0.406,0.2605588044184535
removed,5.0,10,37.0,1.3761739334705767,4.169126613838566,2.012755162437005,8.599811759007688,15.17586972127022,1.7646746401599525,0.16653728772431683,6.0,0.37830022021127563,-0.12131439759463228,0.12131439759463228,0.13784066704360093,0.05461257072966026,,,,0.7695,0.2505,0.1286549707602339
removed,5.0,10,37.5,1.3982076845927045,4.309182203518627,2.1191033970146087,8.806697784975526,15.517794502059832,1.76204462568633,0.15511597579000527,6.0,0.45628935536692866,-0.16228350425940985,0.16228350425940985,0.125015058479496,0.03388191418165997,,,,0.7695,0.395,0.24691358024691357
removed,5.0,10,38.0,1.4769521212294427,4.325150137434817,2.0933684598963045,8.959577888707033,15.899397902606653,1.7745699741777805,0.196003682257734,6.0,0.3691734297719031,-0.26682813779374387,0.26682813779374387,0.10781492374487991,0.08457771217395733,,,,0.7695,0.2925,0.22287199480181935
removed,5.0,10,38.5,1.4471902348577004,4.324925575428565,2.1078107585708503,8.999828200382831,16.303445252658864,1.8115284969512369,0.15472580222470858,6.0,0.3836845707161951,-0.0038730341747199785,0.0038730341747199785,0.014280740571764795,0.11546070800182202,,,,0.7695,0.291,0.11306042884990253
removed,5.0,10,39.0,1.5014788283226121,4.565202951357763,2.2953424781212592,9.353274168153957,16.64182049696625,1.7792507947247336,0.13040464969441404,6.0,0.47600903553266966,-0.33191728550132193,0.33191728550132193,0.25312186155220595,0.24551427336957907,,,,0.7695,0.284,0.2631578947368421
removed,5.0,10,39.5,1.709364841681105,4.298106199927743,1.9658839757852986,9.36060704686153,17.03384293828025,1.8197369949410964,0.13936611162002333,13.0,0.3291725466165139,-0.18931946746208445,0.18931946746208445,-0.016804301935112745,0.3710185457731961,,,,0.7695,0.317,0.15334632878492527
removed,5.0,10,40.0,1.3914346891537268,4.428018992218625,2.2249818201571574,9.529457046729014,17.43964912475134,1.8300779403520686,0.223180377004617,6.0,0.3491395942551054,-0.0883498044550205,0.0883498044550205,0.1994173118477287,0.35100449823021057,6.0,3.9873141367054075,3.155279746583314,0.7695,0.227,0.15984405458089668
removed,5.0,10,40.5,1.773411044335076,4.635859152777708,2.2582007378741342,9.685787770684225,17.826276143549038,1.8404570248280125,0.21509722720592822,6.0,0.40409435893358786,-0.18864723125250302,0.18864723125250302,0.12434150965232006,0.3675640082014297,,,,0.7695,0.4105,0.2826510721247563
removed,5.0,10,41.0,1.7923640534318186,4.280418891302879,1.9177352591940995,9.852579319385669,18.184570470066834,1.8456659805100342,0.147403318619375,11.0,0.3406353992680789,-0.2753789493114353,0.2753789493114353,0.1351405039547142,0.25859680629478865,,,,0.7695,0.2415,0.10721247563352826
removed,5.0,10,41.5,1.605145280329784,4.442393737349153,2.1401375462098335,9.924794112766943,18.62363484137485,1.8764756860213345,0.2146778123127655,8.0,0.4236449745306588,-0.043831853893427135,0.043831853893427135,0.0010551296500135683,0.21628808766862456,,,,0.7695,0.307,0.15659519168291097
removed,5.0,10,42.0,1.8504069628338493,4.629347223817996,2.2285473135164344,10.181004820016323,19.007470052164862,1.8669542337113232,0.21953160786697248,6.0,0.3470559178408731,-0.2929304860522239,0.2929304860522239,0.3168744964872279,0.24310854587693692,,,,0.7695,0.3875,0.2729044834307992
removed,5.0,10,42.5,1.9487898411312752,4.328572682040944,1.912185278214162,10.285038280136245,19.38695679938775,1.884966907398903,0.054408590405823215,5.0,0.3621331034640689,-0.1370339434949057,0.1370339434949057,-0.02841747724262169,0.3609561379696108,,,,0.7695,0.2835,0.11306042884990253
removed,5.0,10,43.0,1.6842799292127781,4.627187905925001,2.280142655714332,10.614754915117466,19.764836981629443,1.8620153870420963,0.2967955604521103,6.0,0.3719966335941425,-0.23964849163293211,0.23964849163293211,0.27068890905579873,0.3469523288388253,,,,0.7695,0.264,0.13060428849902533
removed,5.0,10,43.5,2.0918845475414236,4.7029144694153135,2.2433476792663365,10.715964926796627,20.193511458958632,1.8844323956736926,0.2305576784835996,5.0,0.30679477878504235,-0.23695109714366058,0.23695109714366058,0.05115348077064423,0.30763924408784393,,,,0.7695,0.3925,0.24691358024691357
removed,5.0,10,44.0,1.9649841810206796,4.515935376392989,2.0882500553617764,10.855889805711314,20.591278172180107,1.8967840076404403,0.10198764759412257,6.0,0.3809512435071494,-0.08074015904485453,0.08074015904485453,0.32227478791904507,0.27901254504927486,,,,0.7695,0.2,0.0792722547108512
removed,5.0,10,44.5,1.960996400870895,4.8290075395101,2.3932703426715074,11.287045753061042,20.953657304320753,1.8564341602529724,0.2834188486396327,6.0,0.4021600250488285,-0.37468060457082963,0.37468060457082963,0.06312703807422186,0.1851433786465969,,,,0.7695,0.273,0.10006497725795971
removed,5.0,10,45.0,2.2015276891801427,4.852304683454691,2.374416108089107,11.338761096455643,21.39595270225363,1.8869744692779302,0.12950957983202496,5.0,0.3625808493282859,-0.16906979282363876,0.16906979282363876,0.1673804868185095,0.11431796724681009,4.0,6.334463430318316,2.3547058376019887,0.7695,0.2775,0.21767381416504222
removed,5.0,10,45.5,2.246430110627052,4.682711038375882,2.200697285136799,11.494400189074032,21.80394060937444,1.8969185212552553,0.2915146587129846,6.0,0.39581951343528227,-0.0958500020871085,0.0958500020871085,0.16390675895973447,0.26042665185807334,,,,0.7695,0.274,0.09096816114359974
removed,5.0,10,46.0,2.123042614064355,4.9247906428274275,2.4570195987017365,11.868327525094506,22.18668525975085,1.8694028465964652,0.29209639910577867,6.0,0.4265999197882571,-0.3615310191297402,0.3615310191297402,0.17067701018893416,0.22415788569874823,,,,0.7695,0.1405,0.06302794022092267
removed,5.0,10,46.5,2.405752105902939,4.937175438313549,2.4426936253606977,11.974326391450402,22.62383468605502,1.8893617850778064,0.20939269036894603,5.0,0.36644900475264164,-0.22126904235969116,0.22126904235969116,0.07724822514936763,0.20427080688198898,,,,0.7695,0.3705,0.21702404158544508
removed,5.0,10,47.0,2.315707856674151,4.830528798531153,2.3412993456028204,12.058805067277795,23.067862520801658,1.9129476255817022,0.10505065371393593,6.0,0.42944571171174994,-0.06811193293400765,0.06811193293400765,0.19123655076153132,0.183467030453859,,,,0.7695,0.2315,0.1760883690708252
removed,5.0,10,47.5,2.341054002997905,5.0247125810231665,2.5332867481158092,12.368132377483754,23.490200048393465,1.8992519914451669,0.2151665624815396,6.0,0.4178817229252533,-0.2420916897778996,0.2420916897778996,0.08504699404568428,0.10726552465479915,,,,0.7695,0.252,0.0792722547108512
removed,5.0,10,48.0,2.4351721607575247,5.043607186259002,2.5481941528444247,12.6628356140187,23.861038718394195,1.8843361349473928,0.20725392209519364,6.0,0.34576978631436933,-0.2379694640386624,0.2379694640386624,0.23351050495670617,0.0242774572852553,,,,0.7695,0.3135,0.21312540610786224
removed,5.0,10,48.5,2.540556015449868,5.064393908186692,2.5686739468141737,12.806266847350717,24.301882843687757,1.8976555098658736,0.08662903666746477,6.0,0.4908665382046927,-0.15736103388818434,0.15736103388818434,-0.060135840801596646,0.1029610524439693,,,,0.7695,0.2815,0.22092267706302793
removed,5.0,10,49.0,2.5020603166312387,5.0600850887803155,2.563973933561175,12.911680824776795,24.792287962086462,1.9201441159009636,0.12119263109994619,6.0,0.4385246015814506,-0.06475898356597348,0.06475898356597348,0.2716992044543056,0.10451072640034055,,,,0.7695,0.242,0.07277452891487979
removed,5.0,10,49.5,2.569552206873875,5.209469114828846,2.7143671502047937,13.420322068916306,25.11994228844919,1.871783863267421,0.16811691954804686,6.0,0.39265969514903937,-0.381977666938942,0.381977666938942,0.18469409499438136,0.05709733085667898,,,,0.7695,0.2395,0.21507472384665366
removed,5.0,10,50.0,2.6950294373920083,5.265993132728984,2.7770712510834685,13.448485937091531,25.594608702956773,1.9031591230924878,0.04376962364857376,12.0,0.34081861008623976,-0.05230014492783465,0.05230014492783465,-0.030393868718543313,0.08802217219920525,7.0,3.4673929396906535,3.046949357321074,0.7695,0.3855,0.23716699155295645
removed,5.0,10,50.5,2.724946289666183,5.174372216468973,2.68808737510656,13.61421242599957,26.065236439876525,1.914560727001642,0.20225609383502013,5.0,0.3131089027226379,-0.05134024472485823,0.05134024472485823,0.3222642055208473,0.13863995974471213,,,,0.7695,0.117,0.08641975308641975
removed,5.0,10,51.0,2.6933538870574365,5.323530594149642,2.834344963733398,14.016637712154571,26.46486038738836,1.8881033334006538,0.016764617429580582,6.0,0.3850551265330133,-0.25031054607368153,0.25031054607368153,0.13316930071187136,0.054703489116033774,,,,0.7695,0.344,0.19623131903833657
removed,5.0,10,51.5,2.8437574461284134,5.45755245034162,2.981873276302024,14.171684847900227,26.903415628478893,1.8983921754698831,0.047105314966018656,6.0,0.41414576812511067,-0.037944162802412716,0.037944162802412716,0.057270561606322164,0.1595498943121679,,,,0.7695,0.2915,0.2267706302794022
removed,5.0,10,52.0,2.9465372232973372,5.274317068204047,2.814618421688256,14.392174891777989,27.34232637377731,1.8998050384586092,0.28519094023253905,6.0,0.39686391599050347,-0.06523576775799737,0.06523576775799737,0.36185635268689975,0.18971830783317137,,,,0.7695,0.185,0.14165042235217673
removed,5.0,10,52.5,2.8771966011556476,5.366434445806386,2.8956208051283707,14.761794899136225,27.76898926021578,1.8811390789503966,0.033958579908156226,6.0,0.3196473159075895,-0.3337604249176693,0.3337604249176693,-0.0730386337737148,0.0342703442332259,,,,0.7695,0.2635,0.07407407407407407
removed,5.0,10,53.0,2.923265944949057,5.517658577076135,3.0517091248249333,14.769859825390439,28.29828715278479,1.9159482545757154,0.052019690024710984,6.0,0.4295705485903246,0.050159172522080624,0.050159172522080624,0.1156636048141892,0.10255124957810693,,,,0.7695,0.2095,0.2124756335282651
removed,5.0,10,53.5,2.995166501009655,5.496274528749185,3.041526849003442,15.149047015365559,28.670958285318505,1.892591544289075,0.18014298190066597,4.0,0.3830400692922141,-0.007047995835029603,0.007047995835029603,0.4678806126206919,0.10151952552950566,,,,0.7695,0.38,0.2300194931773879
removed,5.0,10,54.0,3.1155533434936262,5.620779078970632,3.1856432517262068,15.745402666776826,29.001820572654488,1.841923079798335,0.05111412629786012,6.0,0.4542964071925819,-0.4320548543893555,0.4320548543893555,0.04869714812034693,0.13436606416629168,,,,0.7695,0.1875,0.09811565951916829
removed,5.0,10,54.5,3.2084698460297627,5.464374952713191,3.052749674663247,15.518799849585612,29.64439929308467,1.9102249903607234,0.07668695858598569,5.0,0.30382006136096423,0.006973224227386197,0.006973224227386197,-0.16420557698781135,0.17377522001749637,,,,0.7695,0.1475,0.050032488628979854
removed,5.0,10,55.0,2.968396706478933,5.476896095072126,3.0181009711926934,15.658608391735783,30.136499701795433,1.9245962953962572,0.14046097878827168,4.0,0.301036749408644,0.17584938082240617,0.17584938082240617,0.5048211499187903,0.3409383382148064,7.0,3.9642663539061087,2.4390008273887713,0.7695,0.374,0.21767381416504222
removed,5.0,10,55.5,3.113058044707696,5.95594438125877,3.514558781434798,16.630319190388363,30.32651199028043,1.8235676443184505,0.11800587621712622,5.0,0.3059373377060519,-0.49590085016546137,0.49590085016546137,0.2250590185115076,0.3582848640861004,,,,0.7695,0.205,0.21377517868745938
removed,5.0,10,56.0,3.438924572243775,5.6535028810986,3.2954011857577137,16.50943908474782,30.920639601091093,1.8729067318620776,0.13076663960136528,7.0,0.43226336066591997,-0.06727140113136024,0.06727140113136024,-0.012794177521605143,0.2777362810747826,,,,0.7695,0.251,0.05847953216374269
removed,5.0,10,56.5,3.2216072074165827,5.4222440946332044,3.014939261385342,16.46730815239767,31.493658151422327,1.9124958287026887,0.1405945246088516,7.0,0.30676328020841415,0.03319371384328259,0.03319371384328259,0.052089220471179705,0.3286167901548089,,,,0.7695,0.224,0.06042884990253411
removed,5.0,10,57.0,3.0368737073494585,5.86485854960572,3.4120083444837355,17.03759640572305,31.85765115213124,1.8698442194246383,0.14130244444437656,11.0,0.31337782775670026,-0.20756192407473273,0.20756192407473273,0.4141318111467214,0.3855469014187599,,,,0.7695,0.195,0.16114359974009096
removed,5.0,10,57.5,3.4707357293750567,5.779754293742574,3.4254795149353905,17.33020123472573,32.293150042048104,1.863403061779806,0.1719208019029662,4.0,0.3855617448624342,-0.1828528331978905,0.1828528331978905,0.12159787966519686,0.3306015640714139,,,,0.7695,0.385,0.2300194931773879
removed,5.0,10,58.0,3.30063894901321,5.5435213310036575,3.152042958699458,17.4039904623256,32.818670628113985,1.8856980356979929,0.14834656851172595,5.0,0.2815938724618944,-0.07666939944972331,0.07666939944972331,0.16511432099602041,0.2456958320230956,,,,0.7695,0.1655,0.050682261208576995
removed,5.0,10,58.5,3.230833312482573,5.7950322747675855,3.379935993155937,17.661962212176483,33.32553248748334,1.8868533454628333,0.17339951503131004,11.0,0.24759375879110515,-0.03590560942292748,0.03590560942292748,0.041936649200740174,0.11226980400217756,,,,0.7695,0.149,0.04548408057179987
removed,5.0,10,59.0,3.348117716688926,5.852406085693357,3.4629629184218307,18.0488689937739,33.745866555344065,1.8696942488188577,0.252245428028449,7.0,0.3455689285806051,-0.17185625937105573,0.17185625937105573,0.3373206595834265,0.047086333635550974,,,,0.7695,0.3465,0.1806367771280052
removed,5.0,10,59.5,3.321503460060227,5.862208954735487,3.4660236350073976,18.307675710847885,34.19733183216882,1.8679231799974372,0.07433600801264954,4.0,0.31134151197536397,-0.041596378146536946,0.041596378146536946,0.16085520672730028,0.1370301637450905,,,,0.7695,0.257,0.20987654320987653
removed,5.0,10,60.0,3.512175451338584,5.954099164460335,3.6044200805343563,18.689548362778574,34.643493029033635,1.853629224022789,0.09038612553315498,4.0,0.2955866379136241,-0.18578303090047757,0.18578303090047757,0.19371447815358672,0.1995773656914108,7.0,3.528285920913724,3.166360343706405,0.7695,0.203,0.05523066926575698
removed,5.0,10,60.5,3.4788587603936985,5.792029110731047,3.439562048732932,18.799901953773254,35.18325841995507,1.8714596760380218,0.12850548110557217,8.0,0.34754974328780863,-0.10527224914007471,0.10527224914007471,0.023466232517162518,0.1552839592948874,,,,0.7695,0.25,0.05523066926575698
removed,5.0,10,61.0,3.457969170476719,5.937978961915119,3.573975856251985,19.02100131032728,35.68103270911169,1.8758756243678403,0.14704657922668588,6.0,0.3094509618152795,0.06037136949150528,0.06037136949150528,0.2283054313343195,0.05324763464654903,,,,0.7695,0.2405,0.17218973359324236
removed,5.0,10,61.5,3.5412623653271202,6.059295008388299,3.713549155489027,19.56509026415851,36.03281397857341,1.8416891254819452,0.03315537882841062,8.0,0.4267731810770224,-0.21785080473226978,0.21785080473226978,0.3291621281367591,0.0799614174720142,,,,0.7695,0.295,0.2014294996751137
removed,5.0,10,62.0,3.7253353856638185,5.980998186955629,3.6956178806703863,19.705435326262993,36.580189091308746,1.8563502143266752,0.09221083101629622,4.0,0.3549552941300175,-0.057012091479682704,0.057012091479682704,-0.07450255757917573,0.1780962065112026,,,,0.7695,0.256,0.06432748538011696
removed,5.0,10,62.5,3.602581882410236,5.938089088112541,3.6157198270598543,19.903693134157088,37.09383357066312,1.8636658694765407,0.2476038612806486,7.0,0.33899036311821434,0.017558038045939296,0.017558038045939296,0.3868693458885402,0.2156186086752115,,,,0.7695,0.2905,0.15464587394411955
removed,5.0,10,63.0,3.706098486851221,6.220253515062517,3.9160475158666515,20.50582938978894,37.431590319654894,1.825412160031639,0.014797627216871487,5.0,0.3276633913184278,-0.2451538855346954,0.2451538855346954,0.12732838712351624,0.20332189339564938,,,,0.7695,0.2295,0.20402858999350226
removed,5.0,10,63.5,3.87963886549882,6.011943042828252,3.778579518096706,20.525036008712387,38.03633125044872,1.8531675771142717,0.17948946059068613,8.0,0.4266531940457234,0.05020257720847689,0.05020257720847689,0.15121286464980044,0.20443697236519282,,,,0.7695,0.25,0.057179987004548405
removed,5.0,10,64.0,3.7520655355481805,6.103720469995232,3.8202714811838634,20.937694637519684,38.471832335192964,1.8374435677485077,0.21761675618874932,8.0,0.35513064196161315,-0.18982589655085785,0.18982589655085785,0.24855244290383,0.13873849206321717,,,,0.7695,0.3405,0.17673814165042234
removed,5.0,10,64.5,3.915400564178902,6.266807592860801,4.029272203830464,21.239544795351108,38.94142056650701,1.8334395083189576,0.08677057928846947,5.0,0.3737646515733172,0.014668541572536354,0.014668541572536354,0.17675509692649527,0.10565182752999619,,,,0.7695,0.226,0.19883040935672514
removed,5.0,10,65.0,4.0573435099208215,6.14625083976928,3.9703558692907897,21.588022721628853,39.42070536644022,1.8260452045450626,0.11129419706284335,9.0,0.3777778046860756,-0.1761219661163677,0.1761219661163677,0.22681159053172162,0.11338611809832858,6.0,4.455464913911215,3.24903543704216,0.7695,0.271,0.08317089018843404
removed,5.0,10,65.5,3.9900184812532937,6.141910135072093,3.940335909263567,21.772234677851483,39.94342881998417,1.8346039995893453,0.10941113987180279,8.0,0.3500959421626709,-0.029137903158399474,0.029137903158399474,0.11323987791060501,0.11827957018266338,,,,0.7695,0.349,0.1949317738791423
removed,5.0,10,66.0,4.1084704443421325,6.267956773692361,4.102361721742766,22.135985061002444,40.414169612426335,1.8257226638458957,0.11756596540186806,9.0,0.4254753736200509,-0.04738670907951641,0.04738670907951641,0.3159846875317693,0.0985153132075487,,,,0.7695,0.2175,0.15464587394411955
removed,5.0,10,66.5,4.1734690563733245,6.118775811324505,3.9925178722148313,22.390391440822718,40.926701177539364,1.8278689448421517,0.12341701711610574,4.0,0.31079413973443504,-0.09853251570779707,0.09853251570779707,0.021813110098314912,0.19337813567983977,,,,0.7695,0.3095,0.13450292397660818
removed,5.0,10,67.0,4.100768298523095,6.340715819941734,4.16638262187332,22.70921559171326,41.40558361316356,1.8232943117715048,0.07090544347243068,5.0,0.3455273700294884,0.0006153991503164142,0.0006153991503164142,0.32278464727019796,0.19490372412685944,,,,0.7695,0.3075,0.18843404808317088
removed,5.0,10,67.5,4.38127436395523,6.232004163457679,4.184982811993968,23.1300095030291,41.862574038897094,1.8098814024877414,0.15511423488518228,9.0,0.4634080078793226,-0.2584571967073151,0.2584571967073151,0.12774972528727163,0.2687387774064461,,,,0.7695,0.167,0.07407407407407407
removed,5.0,10,68.0,4.149261641140336,6.218097315616547,4.072961096830331,23.166608937480582,42.469139937962254,1.833204853268476,0.05033377205369185,5.0,0.2880812961752164,0.15063106996142112,0.15063106996142112,0.23743468417499758,0.31035549925923217,,,,0.7695,0.3505,0.18778427550357374
removed,5.0,10,68.5,4.414000993684482,6.482330880845033,4.423985535855736,23.826160916771595,42.8287735970314,1.7975524360235298,0.06625568451287792,9.0,0.3230130435955543,-0.20875655990719386,0.20875655990719386,0.29046452001323975,0.2878918725836101,,,,0.7695,0.315,0.18973359324236516
removed,5.0,10,69.0,4.388020452347636,6.154642243281598,4.1191659813505375,23.85300336512714,43.43794260978142,1.8210680619484285,0.09607473947243036,8.0,0.38718850904813157,0.02531441359998748,0.02531441359998748,0.016402001617759863,0.3157564759595848,,,,0.7695,0.129,0.0539311241065627
removed,5.0,10,69.5,4.334357135420769,6.514741700472685,4.4194789164684325,24.35043813897961,43.86954530819641,1.8015916205618934,0.06363847311811799,5.0,0.31782275863772735,-0.11124586796969987,0.11124586796969987,0.36414040130148156,0.27465825977208413,,,,0.7695,0.357,0.19623131903833657
removed,5.0,10,70.0,4.6250416767315405,6.259435874108582,4.324204323429157,24.626176541512077,44.37428296494666,1.8019152461668344,0.1352662953274005,9.0,0.42740754643056983,-0.14096557161754247,0.14096557161754247,0.04722634450793344,0.3477120186316788,9.0,3.037083718900356,2.4385043954553103,0.7695,0.329,0.16439246263807666
removed,5.0,10,70.5,4.311588577571689,6.375494369917733,4.28354851626837,24.822651383367532,44.93932530199137,1.8104160030262946,0.05520494052473578,9.0,0.44807451317090957,0.04398448677261332,0.04398448677261332,0.32980365969952324,0.3256301126335121,,,,0.7695,0.124,0.10136452241715399
removed,5.0,10,71.0,4.685499191401766,6.548178281918899,4.606143400585525,25.420400806345125,45.32796780234023,1.7831334819483267,0.07529935874051258,4.0,0.2578858766617315,-0.22160729071047316,0.22160729071047316,0.16685754932705252,0.3271168245120318,,,,0.7695,0.3615,0.20207927225471084
removed,5.0,10,71.5,4.585696359616086,6.213304254942363,4.264692887939146,25.427730720898182,45.948878343306184,1.8070381052738762,0.10906482811480439,9.0,0.42227895570499097,0.07545904413196432,0.07545904413196432,0.16050615472049623,0.36010371786781076,,,,0.7695,0.2775,0.09421702404158544
removed,5.0,10,72.0,4.472007938840845,6.639295716309131,4.590604252500341,26.04604459363597,46.35036541732089,1.779554866793326,0.05756193973852022,5.0,0.34266971048945494,-0.19648406521076897,0.19648406521076897,0.32353548527070786,0.29642279357830237,,,,0.7695,0.149,0.14879792072774528
removed,5.0,10,72.5,4.815139783456499,6.530845960106684,4.654148979931167,26.266909781983184,46.89508634669273,1.7853294025039321,0.059808189227196135,10.0,0.26175863423297024,0.01443519274596404,0.01443519274596404,0.14560146885485042,0.23616909869733899,,,,0.7695,0.357,0.20207927225471084
removed,5.0,10,73.0,4.689052070587883,6.405749878579537,4.483097467137598,26.62112221896709,47.38746623925288,1.78007019574442,0.022048936220515666,8.0,0.40053608130904245,-0.18509688151236342,0.18509688151236342,0.30298115346326704,0.1659985287724464,,,,0.7695,0.251,0.06042884990253411
removed,5.0,10,73.5,4.631204482204837,6.624603114695146,4.648317842286486,26.951106396890417,47.91155109415309,1.7777211216709479,0.10052587863046498,5.0,0.3438613165188298,-0.08071435637500733,0.08071435637500733,0.0982557919779528,0.15065924900617986,,,,0.7695,0.092,0.10331384015594541
removed,5.0,10,74.0,4.874957353449002,6.694711732340229,4.826114928479496,27.249497608120514,48.43768542834192,1.7775625123417762,0.0602712504510907,5.0,0.26520583839053063,0.060935122488679806,0.060935122488679806,0.30977695530828514,0.15214785856250135,,,,0.7695,0.3155,0.19558154645873943
removed,5.0,10,74.5,4.911962898489815,6.547651166612615,4.71758572158785,27.78403638186467,48.850510521226084,1.758222234157166,0.16274830247978922,10.0,0.40651440290041424,-0.33113719604245884,0.33113719604245884,0.2977034882445937,0.11462686972878502,,,,0.7695,0.2945,0.11565951916829109
removed,5.0,10,75.0,4.825528159575659,6.59059421586594,4.7111693690508885,27.841927826424715,49.497232649585946,1.7777947331150046,0.20685381566143024,10.0,0.3995774165998285,0.06781964800518667,0.06781964800518667,-0.0833260106686883,0.15504170634790346,7.0,3.398714370398499,2.735970190581623,0.7695,0.033,0.03378817413905133
removed,5.0,10,75.5,4.891696697958716,6.8327792584625335,4.9547731893801386,28.307820643897312,49.96621583038108,1.7651028830138131,0.14057413194327542,19.0,0.2828436538359177,0.0023275463840336987,0.0023275463840336987,0.4910060844636632,0.17416332879667565,,,,0.7695,0.2365,0.19168291098115658
removed,5.0,10,76.0,5.096154650217037,6.720582436546154,4.960948790908336,28.900206531624665,50.35253000872807,1.742289625287928,0.14938988958988061,10.0,0.32613466667373275,-0.33762677652477,0.33762677652477,0.18068504265944624,0.13627217521829182,,,,0.7695,0.377,0.22936972059779076
removed,5.0,10,76.5,5.060334308912296,6.733284291462337,4.953124330094915,29.019035003631934,50.97246904931165,1.7565184039693977,0.15743475339266377,5.0,0.37812184598394644,-0.05480354746045448,0.05480354746045448,0.08367813792970129,0.03791630797629054,,,,0.7695,0.0285,0.036387264457439894
removed,5.0,10,77.0,5.10814824132587,6.72401700989162,4.970168651294032,29.21764126218527,51.58114787040005,1.7654110887164116,0.2343834312988072,9.0,0.3378769463497937,0.07499193257638309,0.07499193257638309,0.26091682802883903,0.07400867656964123,,,,0.7695,0.1015,0.08836907082521117
removed,5.0,10,77.5,5.067719617659355,6.799114497072058,5.013340609335032,29.764751106972962,51.986907949419894,1.7465930678399313,0.2638113912801943,15.0,0.2638113912801943,-0.14764003649021132,0.14764003649021132,0.27133016388541686,0.09827281520693647,,,,0.7695,0.366,0.23196881091617932
removed,5.0,10,78.0,5.192816150102159,6.976804961247348,5.230070189303714,30.291563494844215,52.41323320867366,1.7302914462501966,0.18742796408636594,6.0,0.4157324719287843,-0.20299233619544574,0.20299233619544574,0.2708312745694704,0.1858818424210587,,,,0.7695,0.166,0.21377517868745938
removed,5.0,10,78.5,5.333234474228424,6.725231020249113,5.093111198364431,30.414479871024646,53.05069359549313,1.744257794986447,0.09533164222562543,9.0,0.3769433421373513,-0.1266333864652205,0.1266333864652205,0.13278114906366625,0.23046052208854848,,,,0.7695,0.045,0.05588044184535412
removed,5.0,10,79.0,5.065798400411047,6.635020631781206,4.872210991314777,30.521686191828483,53.676295222055224,1.7586281073955174,0.23130595228475687,10.0,0.3716810879435125,0.04590256172381587,0.04590256172381587,0.1145319934010762,0.27388290517601904,,,,0.7695,0.257,0.09876543209876543
removed,5.0,10,79.5,4.994338594050382,7.041116516197841,5.186776749127362,31.189169773633367,54.04627990482082,1.7328540739327518,0.2553215719078256,3.0,0.2736468112490651,-0.11193744581728189,0.11193744581728189,0.44723081461567915,0.2725777748863254,,,,0.7695,0.173,0.2222222222222222
removed,5.0,10,80.0,5.326319561312367,7.014653177654245,5.33219860201329,31.667800448185005,54.5132911352099,1.7214107188910952,0.0803818580973762,5.0,0.26884829682785316,-0.2173983692508386,0.2173983692508386,0.1472347081016133,0.20828712834375968,4.0,6.290977822599664,2.131759242366112,0.7695,0.1875,0.24171539961013644
removed,5.0,10,80.5,5.30650516746024,6.713131932930631,5.068193830941657,31.75633796435947,55.14670478507731,1.7365574345180839,0.24297892943633032,10.0,0.3549070831950002,-0.08050653859794916,0.08050653859794916,0.09804984145228303,0.2571836728479379,,,,0.7695,0.1755,0.10981156595191682
removed,5.0,10,81.0,5.0570125585101655,6.861436476816804,5.061505394813598,32.0572754100054,55.70928600257147,1.7378047663147327,0.23596954684513718,5.0,0.3814565632024091,-0.02364033362466161,0.02364033362466161,0.28781655548171386,0.23886822787633039,,,,0.7695,0.0655,0.0825211176088369
removed,5.0,10,81.5,5.231889832724902,7.0474992254531665,5.310789690139089,32.55177064467289,56.177705976729676,1.7257957052460118,0.3134116436775668,15.0,0.3134116436775668,-0.10930203327944141,0.10930203327944141,0.14074888185934595,0.12614487123781856,,,,0.7695,0.18,0.23131903833658218
removed,5.0,10,82.0,5.274640569508377,6.927840506211249,5.231194806774888,32.845912286940255,56.71729604051725,1.7267687846523418,0.164499145419692,21.0,0.25218710748528883,-0.002628633812991215,0.002628633812991215,0.3679263915301233,0.10999847842990092,,,,0.7695,0.2105,0.2410656270305393
removed,5.0,10,82.5,5.258080304004788,7.067411734641001,5.341364844040946,33.51496021533657,57.09937152718339,1.7036980250107683,0.3050027816777391,11.0,0.40881910729702553,-0.33439816373542297,0.33439816373542297,0.32709941442112545,0.13868965674223985,,,,0.7695,0.1425,0.1806367771280052
removed,5.0,10,83.0,5.4383601276770355,6.864195778074596,5.267090100182323,33.4736750684395,57.83149958970091,1.727671057075746,0.2860392212555757,10.0,0.37611053907255065,-0.01703726365635848,0.01703726365635848,-0.22714470754619936,0.2936404599264145,,,,0.7695,0.058,0.0714749837556855
removed,5.0,10,83.5,5.110268181201667,6.8499075182598155,5.078780564722605,33.602338089413585,58.46842887562169,1.7400107313973536,0.2773525916344559,15.0,0.2773525916344559,0.22603249613641535,0.22603249613641535,0.5271243952938987,0.3416372570254,,,,0.7695,0.152,0.19298245614035087
removed,5.0,10,84.0,5.189845257162117,7.3627107685933675,5.562803441918182,34.79546270960362,58.59619660372342,1.6840183185019335,0.24746413461654898,17.0,0.26832931444067104,-0.44021722971653404,0.44021722971653404,0.5036529994591322,0.3987731481431715,,,,0.7695,0.171,0.21832358674463936
removed,5.0,10,84.5,5.665473620368331,7.1057808566045555,5.5946014731161915,34.95493309996529,59.22349913856698,1.6942815759136953,0.017087843086881913,11.0,0.27149026131157544,-0.23806803156313713,0.23806803156313713,-0.11635592273608654,0.3823347480459273,,,,0.7695,0.1725,0.21637426900584794
removed,5.0,10,85.0,5.362621236634306,6.764083496479978,5.141748588314874,34.72780643060436,60.046671809033285,1.7290660707010945,0.22903234015276086,4.0,0.36105684319591047,0.17924866840710224,0.17924866840710224,0.28854085897211024,0.4047434566587186,6.0,4.137707267638127,3.0962272650850418,0.7695,0.0535,0.0649772579597141
removed,5.0,10,85.5,5.149474854435778,7.198693777275569,5.3999388054577215,35.504308172598286,60.3900820761566,1.7009226537405058,0.09365534426750062,6.0,0.3221842579662589,-0.15564045505191457,0.15564045505191457,0.42353771929868944,0.29580475763592845,,,,0.7695,0.0675,0.08447043534762833
removed,5.0,10,86.0,5.481210240800227,7.352467229341959,5.700905657058581,36.09621741044507,60.806044089881325,1.6845544617172556,0.17383677336277,11.0,0.36689439758021936,-0.1889702127273539,0.1889702127273539,0.188928491074945,0.21645454894696903,,,,0.7695,0.193,0.21182586094866795
removed,5.0,10,86.5,5.564301608955063,7.118503249966342,5.548492628597077,36.2580163446627,61.44425743142014,1.6946392446663712,0.17287874399974373,19.0,0.283330766894324,-0.08025133897939826,0.08025133897939826,0.268319710784251,0.13171838119814946,,,,0.7695,0.159,0.20207927225471084
removed,5.0,10,87.0,5.4524593667248595,7.03719428914849,5.419104996200357,36.50566500000798,62.03207014752169,1.699245039023618,0.12722517443900908,5.0,0.39049700471246784,-0.09799014875696538,0.09799014875696538,0.06443710886458219,0.1522765910701949,,,,0.7695,0.0605,0.07407407407407407
removed,5.0,10,87.5,5.336303301999486,7.241983617873185,5.531279333676303,36.83678414674988,62.600208713056844,1.699393966196153,0.06184548553718105,7.0,0.27512639418302776,0.10600640720392653,0.10600640720392653,0.35697313615114956,0.18772759518490253,,,,0.7695,0.088,0.08966861598440545
removed,5.0,10,88.0,5.538689033167671,7.376074787648267,5.751238408755772,37.525380190051166,62.9912574599192,1.678630759792265,0.11745201625135412,10.0,0.36608586777183155,-0.1707943354029731,0.1707943354029731,0.34961931410008645,0.15120279810993886,,,,0.7695,0.159,0.19753086419753085
removed,5.0,10,88.5,5.599946051467914,7.203570497690557,5.639104236358211,37.8204766740672,63.5477700043797,1.6802477280238306,0.26345604305749415,16.0,0.32200943565927725,-0.12574889354615373,0.12574889354615373,0.15655420564926112,0.14247127431735326,,,,0.7695,0.167,0.19948018193632228
removed,5.0,10,89.0,5.494763101638602,7.291936136600592,5.6566059458754525,38.121152322089785,64.13422518491655,1.682378975405556,0.20702731081352727,11.0,0.4379483060326615,-0.028853241783471373,0.028853241783471373,0.23622144847796048,0.10674727985424944,,,,0.7695,0.11,0.13385315139701104
removed,5.0,10,89.5,5.6297579241417415,7.283461998988568,5.722242106854157,38.46181231719595,64.71509872319425,1.6825805864135184,0.09843890702459657,6.0,0.2680873767763846,0.07975575044422759,0.07975575044422759,0.23813825081979162,0.1324832752519878,,,,0.7695,0.0895,0.10851202079272254
removed,5.0,10,90.0,5.517348088249767,7.349611775258618,5.717492524890021,39.062917104124885,65.13225467392434,1.667367915721958,0.16129119060473132,10.0,0.38931467509440726,-0.18942681375139206,0.18942681375139206,0.39900739168665217,0.15942859658219877,6.0,4.938102591582226,3.5018951735779806,0.7695,0.178,0.19948018193632228
removed,5.0,10,90.5,5.7240339750744464,7.460811274116219,5.922287137074191,39.5187950242456,65.63551055246644,1.6608682150404055,0.26163001846326067,16.0,0.30478905209534846,-0.16052431390147667,0.16052431390147667,0.08836830580069556,0.19105946565731505,,,,0.7695,0.154,0.19168291098115658
removed,5.0,10,91.0,5.736132117485175,7.243054028203748,5.7477804667127685,39.668345428195344,66.30500864407118,1.6714840996857687,0.19991791513711332,11.0,0.4187375224820973,-0.029245064489687497,0.029245064489687497,0.381222777305924,0.1443791100590342,,,,0.7695,0.112,0.1364522417153996
removed,5.0,10,91.5,5.6921901814801,7.296065739113996,5.767164161686083,40.10905787756284,66.82640322039627,1.6661174995531176,0.13557524495264622,6.0,0.415704972315582,-0.15750332095331016,0.15750332095331016,0.12667739222943813,0.021366533756451603,,,,0.7695,0.0535,0.051332033788174136
removed,5.0,10,92.0,5.704679893752169,7.344771553493695,5.814648745895613,40.41040718813861,67.41937291904473,1.6683665820332014,0.23442973460438063,10.0,0.3232565602573898,-0.013422974812595644,0.013422974812595644,0.2517034967048556,0.045968782117176005,,,,0.7695,0.129,0.16049382716049382
removed,5.0,10,92.5,5.723110463776232,7.410401476443478,5.879585451658689,40.873009849813684,67.92240265424587,1.6617910671082006,0.11850667452221421,11.0,0.35317139391179664,-0.0143096045005561,0.0143096045005561,0.34088989670358943,0.06308640883901455,,,,0.7695,0.159,0.1949317738791423
removed,5.0,10,93.0,5.748889736795934,7.555911333918055,6.015641405907067,41.519221605322016,68.32414929182741,1.6456028473103523,0.10354471506976079,7.0,0.370458563920349,-0.16283441390379638,0.16283441390379638,0.4287961297941149,0.1388960981756173,,,,0.7695,0.159,0.19623131903833657
removed,5.0,10,93.5,6.041422799258277,7.520325830257553,6.14965795997454,42.01486335051992,68.82351882535977,1.6380755127341884,0.12400204375211187,6.0,0.41378067991870565,-0.3946785528504015,0.3946785528504015,0.07010373665571576,0.30574575780203955,,,,0.7695,0.116,0.14230019493177387
removed,5.0,10,94.0,5.920249816945291,7.05665841421967,5.70345784033993,41.60733419519363,69.78287086882963,1.6771771664451112,0.10309970884759413,6.0,0.2859234615177339,0.2197641223223751,0.2197641223223751,0.06564313853213402,0.4560673424405931,,,,0.7695,0.078,0.08382066276803118
removed,5.0,10,94.5,5.500760914528651,7.497804647222122,5.835255360848509,42.39444054736624,70.12505823645682,1.6541097684284303,0.11155031049595572,11.0,0.3706330446193369,-0.031745844913463744,0.031745844913463744,0.6298293192700427,0.4660344271400899,,,,0.7695,0.15,0.18583495776478232
removed,5.0,10,95.0,5.935343053222465,7.888225551259706,6.396040982404986,43.4230886188069,70.33916746383993,1.6198563874927923,0.20342636905947464,14.0,0.2830163657653508,-0.3335739841887858,0.3335739841887858,0.3005440284343308,0.37564001217853205,6.0,4.099928465215239,2.862415870071014,0.7695,0.152,0.18973359324236516
removed,5.0,10,95.5,6.2247647599505695,7.515454032513361,6.253264571918724,43.54079636111103,71.03231691158953,1.631396824313321,0.16762008621484287,6.0,0.2746870220326576,-0.171114601841656,0.171114601841656,0.11229646321858189,0.2743347297014481,,,,0.7695,0.1585,0.198180636777128
removed,5.0,10,96.0,6.05897031920141,7.298338856952179,5.9801101509917185,43.60259823323936,71.75841869105007,1.6457372174749625,0.09508288438422778,6.0,0.3547240264811092,-0.10014248235332768,0.10014248235332768,0.1201059861110204,0.22049286565444848,,,,0.7695,0.107,0.13515269655620532
removed,5.0,10,96.5,5.813709967743886,7.51788396072216,6.0191840957408,43.957811634355494,72.33233816441255,1.6454945202022015,0.09894413721393196,7.0,0.27562633498885586,0.14212060488694314,0.14212060488694314,0.3913462988500892,0.319130163475377,,,,0.7695,0.139,0.17543859649122806
removed,5.0,10,97.0,6.118020979874116,7.871999738866831,6.482658891255355,44.94423920519371,72.583937483055,1.6149775536675959,0.16087267644618597,20.0,0.31947994125913465,-0.2920977610025442,0.2920977610025442,0.37338876135691634,0.342301953657616,,,,0.7695,0.1425,0.18193632228719947
removed,5.0,10,97.5,6.356130785336023,7.513876239505576,6.331241027723621,45.09022467289252,73.27200185993749,1.6250085776127743,0.18140381865849206,23.0,0.2876438093231954,-0.07310866264519703,0.07310866264519703,0.1756211589231977,0.2665933245757858,,,,0.7695,0.1425,0.18193632228719947
removed,5.0,10,98.0,6.1744777810832145,7.456330716184025,6.175817871406164,45.36294918563941,73.88523047453258,1.6287572082708082,0.15230358921439252,7.0,0.3683079401249575,-0.13693039539094085,0.13693039539094085,0.15512423156223698,0.10340460775358792,,,,0.7695,0.1065,0.13580246913580246
removed,5.0,10,98.5,6.159503066333538,7.5573598908246264,6.248457198253398,45.64259324991895,74.51369797143863,1.6325474226110268,0.2200682698978484,6.0,0.4199005234019556,0.08267508857149593,0.08267508857149593,0.23074792355797275,0.0614637545965407,,,,0.7695,0.053,0.06757634827810266
removed,5.0,10,99.0,6.262652588622655,7.6839407489145835,6.411484456014109,46.29255880540983,74.95607608500879,1.6191819596770547,0.06983567252641738,19.0,0.28818154514563177,-0.12482913074589798,0.12482913074589798,0.41077660461582544,0.1285330006807485,,,,0.7695,0.1325,0.17089018843404807
removed,5.0,10,99.5,6.377254207697871,7.579762024760141,6.39638253589712,46.74501725778772,75.47254470613295,1.6145580670110722,0.129437642746618,24.0,0.2795269968386987,-0.14185677752721962,0.14185677752721962,0.23948578031235795,0.08663810014520097,,,,0.7695,0.1355,0.17478882391163092
removed,5.0,10,100.0,6.387978079053528,7.588983983702296,6.4102209812131585,47.11062591705303,76.05276428445666,1.6143441697922167,0.16494177207315003,6.0,0.4372858873440801,-0.13557410622217317,0.13557410622217317,0.1924934369336345,0.0031564526056615818,5.0,4.758934774579277,2.9047208819461985,0.7695,0.108,0.1397011046133853
