v,omega,rho0,d0,lam,K_effective,alpha_over_pi,bands,C_pole,status,reason,min_relative_gap,finite_k_max,globally_proven
3.0,0.0,0.0204,1.0,156.03425793323072,10.0,0.0,0,NA,invalid,singular_or_unresolved_closure: D0 is zero within relative tolerance,nan,NA,False
3.0,0.0,0.0204,1.0,156.03425793323072,10.0,0.0,1,NA,invalid,singular_or_unresolved_closure: D0 is zero within relative tolerance,nan,NA,False
3.0,0.0,0.0204,1.0,156.03425793323072,10.0,0.0,2,NA,invalid,singular_or_unresolved_closure: D0 is zero within relative tolerance,nan,NA,False
3.0,0.0,0.0204,1.0,156.03425793323072,10.0,0.0,0+1,NA,invalid,singular_or_unresolved_closure: D0 is zero within relative tolerance,nan,NA,False
3.0,0.0,0.0204,1.0,156.03425793323072,10.0,0.0,0+2,NA,invalid,singular_or_unresolved_closure: D0 is zero within relative tolerance,nan,NA,False
3.0,0.0,0.0204,1.0,156.03425793323072,10.0,0.0,1+2,NA,invalid,singular_or_unresolved_closure: D0 is zero within relative tolerance,nan,NA,False
3.0,0.0,0.0204,1.0,156.03425793323072,10.0,0.0,0+1+2,NA,invalid,singular_or_unresolved_closure: D0 is zero within relative tolerance,nan,NA,False
3.0,0.0,0.0204,1.0,156.03425793323072,10.0,1e-05,0,NA,invalid_target_complement_gap,target_complement_gap_below_tolerance,2.223977180193515e-09,1.0,False
3.0,0.0,0.0204,1.0,156.03425793323072,10.0,1e-05,1,0,valid_numerical,target/complement separated on tested radial set and UV tail,0.4999999150479195,1.0,False
3.0,0.0,0.0204,1.0,156.03425793323072,10.0,1e-05,2,NA,invalid_target_complement_gap,target_complement_gap_below_tolerance,2.223977180193515e-09,1.0,False
3.0,0.0,0.0204,1.0,156.03425793323072,10.0,1e-05,0+1,NA,invalid_target_complement_gap,target_complement_gap_below_tolerance,2.223977180193515e-09,1.0,False
3.0,0.0,0.0204,1.0,156.03425793323072,10.0,1e-05,0+2,0,valid_numerical,target/complement separated on tested radial set and UV tail,0.4999999150479195,1.0,False
3.0,0.0,0.0204,1.0,156.03425793323072,10.0,1e-05,1+2,NA,invalid_target_complement_gap,target_complement_gap_below_tolerance,2.223977180193515e-09,1.0,False
3.0,0.0,0.0204,1.0,156.03425793323072,10.0,1e-05,0+1+2,0,valid_full_space,P=I3; no complementary spectrum,nan,NA,True
3.0,0.0,0.0204,1.0,156.03425793323072,10.0,0.01,0,NA,invalid_target_complement_gap,target_complement_gap_below_tolerance,1.150637413221925e-09,16.0,False
3.0,0.0,0.0204,1.0,156.03425793323072,10.0,0.01,1,0,valid_numerical,target/complement separated on tested radial set and UV tail,0.43398902353811286,16.0,False
3.0,0.0,0.0204,1.0,156.03425793323072,10.0,0.01,2,NA,invalid_target_complement_gap,target_complement_gap_below_tolerance,1.150637413221925e-09,16.0,False
3.0,0.0,0.0204,1.0,156.03425793323072,10.0,0.01,0+1,NA,invalid_target_complement_gap,target_complement_gap_below_tolerance,1.150637413221925e-09,16.0,False
3.0,0.0,0.0204,1.0,156.03425793323072,10.0,0.01,0+2,0,valid_numerical,target/complement separated on tested radial set and UV tail,0.43398902353811286,16.0,False
3.0,0.0,0.0204,1.0,156.03425793323072,10.0,0.01,1+2,NA,invalid_target_complement_gap,target_complement_gap_below_tolerance,1.150637413221925e-09,16.0,False
3.0,0.0,0.0204,1.0,156.03425793323072,10.0,0.01,0+1+2,0,valid_full_space,P=I3; no complementary spectrum,nan,NA,True
3.0,0.0,0.0204,1.0,156.03425793323072,10.0,0.02,0,NA,invalid_target_complement_gap,target_complement_gap_below_tolerance,1.237614697150132e-08,32.0,False
3.0,0.0,0.0204,1.0,156.03425793323072,10.0,0.02,1,0,valid_numerical,target/complement separated on tested radial set and UV tail,0.3039941893925975,32.0,False
3.0,0.0,0.0204,1.0,156.03425793323072,10.0,0.02,2,NA,invalid_target_complement_gap,target_complement_gap_below_tolerance,1.237614697150132e-08,32.0,False
3.0,0.0,0.0204,1.0,156.03425793323072,10.0,0.02,0+1,NA,invalid_target_complement_gap,target_complement_gap_below_tolerance,1.237614697150132e-08,32.0,False
3.0,0.0,0.0204,1.0,156.03425793323072,10.0,0.02,0+2,0,valid_numerical,target/complement separated on tested radial set and UV tail,0.3039941893925975,32.0,False
3.0,0.0,0.0204,1.0,156.03425793323072,10.0,0.02,1+2,NA,invalid_target_complement_gap,target_complement_gap_below_tolerance,1.237614697150132e-08,32.0,False
3.0,0.0,0.0204,1.0,156.03425793323072,10.0,0.02,0+1+2,0,valid_full_space,P=I3; no complementary spectrum,nan,NA,True
3.0,0.0,0.0204,1.0,156.03425793323072,10.0,0.025,0,NA,invalid_target_complement_gap,target_complement_gap_below_tolerance,1.480253897483739e-08,32.0,False
3.0,0.0,0.0204,1.0,156.03425793323072,10.0,0.025,1,0,valid_numerical,target/complement separated on tested radial set and UV tail,0.22197286683400735,32.0,False
3.0,0.0,0.0204,1.0,156.03425793323072,10.0,0.025,2,NA,invalid_target_complement_gap,target_complement_gap_below_tolerance,1.480253897483739e-08,32.0,False
3.0,0.0,0.0204,1.0,156.03425793323072,10.0,0.025,0+1,NA,invalid_target_complement_gap,target_complement_gap_below_tolerance,1.480253897483739e-08,32.0,False
3.0,0.0,0.0204,1.0,156.03425793323072,10.0,0.025,0+2,0,valid_numerical,target/complement separated on tested radial set and UV tail,0.22197286683400735,32.0,False
3.0,0.0,0.0204,1.0,156.03425793323072,10.0,0.025,1+2,NA,invalid_target_complement_gap,target_complement_gap_below_tolerance,1.480253897483739e-08,32.0,False
3.0,0.0,0.0204,1.0,156.03425793323072,10.0,0.025,0+1+2,0,valid_full_space,P=I3; no complementary spectrum,nan,NA,True
3.0,0.0,0.0204,1.0,156.03425793323072,10.0,0.03,0,NA,invalid_target_complement_gap,target_complement_gap_below_tolerance,1.1911430985741514e-08,32.0,False
3.0,0.0,0.0204,1.0,156.03425793323072,10.0,0.03,1,0,valid_numerical,target/complement separated on tested radial set and UV tail,0.09891938325005714,32.0,False
3.0,0.0,0.0204,1.0,156.03425793323072,10.0,0.03,2,NA,invalid_target_complement_gap,target_complement_gap_below_tolerance,1.1911430985741514e-08,32.0,False
3.0,0.0,0.0204,1.0,156.03425793323072,10.0,0.03,0+1,NA,invalid_target_complement_gap,target_complement_gap_below_tolerance,1.1911430985741514e-08,32.0,False
3.0,0.0,0.0204,1.0,156.03425793323072,10.0,0.03,0+2,0,valid_numerical,target/complement separated on tested radial set and UV tail,0.09891938325005714,32.0,False
3.0,0.0,0.0204,1.0,156.03425793323072,10.0,0.03,1+2,NA,invalid_target_complement_gap,target_complement_gap_below_tolerance,1.1911430985741514e-08,32.0,False
3.0,0.0,0.0204,1.0,156.03425793323072,10.0,0.03,0+1+2,0,valid_full_space,P=I3; no complementary spectrum,nan,NA,True
3.0,0.0,0.0204,1.0,156.03425793323072,10.0,0.041676250000000005,0,NA,invalid_target_complement_gap,target_complement_gap_below_tolerance,2.4819199113004974e-08,64.0,False
3.0,0.0,0.0204,1.0,156.03425793323072,10.0,0.041676250000000005,1,NA,invalid_target_complement_gap,target_complement_gap_below_tolerance,7.400174798887031e-08,64.0,False
3.0,0.0,0.0204,1.0,156.03425793323072,10.0,0.041676250000000005,2,NA,invalid_target_complement_gap,target_complement_gap_below_tolerance,2.4819199113004974e-08,64.0,False
3.0,0.0,0.0204,1.0,156.03425793323072,10.0,0.041676250000000005,0+1,NA,invalid_target_complement_gap,target_complement_gap_below_tolerance,2.4819199113004974e-08,64.0,False
3.0,0.0,0.0204,1.0,156.03425793323072,10.0,0.041676250000000005,0+2,NA,invalid_target_complement_gap,target_complement_gap_below_tolerance,7.400174798887031e-08,64.0,False
3.0,0.0,0.0204,1.0,156.03425793323072,10.0,0.041676250000000005,1+2,NA,invalid_target_complement_gap,target_complement_gap_below_tolerance,2.4819199113004974e-08,64.0,False
3.0,0.0,0.0204,1.0,156.03425793323072,10.0,0.041676250000000005,0+1+2,0,valid_full_space,P=I3; no complementary spectrum,nan,NA,True
3.0,0.0,0.0204,1.0,156.03425793323072,10.0,0.0833425,0,-2,valid_numerical,target/complement separated on tested radial set and UV tail,0.0887113692522019,110.44132764249296,False
3.0,0.0,0.0204,1.0,156.03425793323072,10.0,0.0833425,1,0,valid_numerical,target/complement separated on tested radial set and UV tail,0.08871136925220188,110.44132764249296,False
3.0,0.0,0.0204,1.0,156.03425793323072,10.0,0.0833425,2,2,valid_numerical,target/complement separated on tested radial set and UV tail,0.08871136925220188,110.44132764249296,False
3.0,0.0,0.0204,1.0,156.03425793323072,10.0,0.0833425,0+1,-2,valid_numerical,target/complement separated on tested radial set and UV tail,0.08871136925220188,110.44132764249296,False
3.0,0.0,0.0204,1.0,156.03425793323072,10.0,0.0833425,0+2,0,valid_numerical,target/complement separated on tested radial set and UV tail,0.08871136925220188,110.44132764249296,False
3.0,0.0,0.0204,1.0,156.03425793323072,10.0,0.0833425,1+2,2,valid_numerical,target/complement separated on tested radial set and UV tail,0.0887113692522019,110.44132764249296,False
3.0,0.0,0.0204,1.0,156.03425793323072,10.0,0.0833425,0+1+2,0,valid_full_space,P=I3; no complementary spectrum,nan,NA,True
3.0,0.0,0.0204,1.0,156.03425793323072,10.0,0.12500875,0,-2,valid_numerical,target/complement separated on tested radial set and UV tail,0.25512889369591807,163.28910023918166,False
3.0,0.0,0.0204,1.0,156.03425793323072,10.0,0.12500875,1,0,valid_numerical,target/complement separated on tested radial set and UV tail,0.25512889369591785,163.28910023918166,False
3.0,0.0,0.0204,1.0,156.03425793323072,10.0,0.12500875,2,2,valid_numerical,target/complement separated on tested radial set and UV tail,0.25512889369591785,163.28910023918166,False
3.0,0.0,0.0204,1.0,156.03425793323072,10.0,0.12500875,0+1,-2,valid_numerical,target/complement separated on tested radial set and UV tail,0.25512889369591785,163.28910023918166,False
3.0,0.0,0.0204,1.0,156.03425793323072,10.0,0.12500875,0+2,0,valid_numerical,target/complement separated on tested radial set and UV tail,0.25512889369591785,163.28910023918166,False
3.0,0.0,0.0204,1.0,156.03425793323072,10.0,0.12500875,1+2,2,valid_numerical,target/complement separated on tested radial set and UV tail,0.25512889369591807,163.28910023918166,False
3.0,0.0,0.0204,1.0,156.03425793323072,10.0,0.12500875,0+1+2,0,valid_full_space,P=I3; no complementary spectrum,nan,NA,True
3.0,0.0,0.0204,1.0,156.03425793323072,10.0,0.16667500000000002,0,-2,valid_numerical,target/complement separated on tested radial set and UV tail,0.35792535803022435,213.3430068568333,False
3.0,0.0,0.0204,1.0,156.03425793323072,10.0,0.16667500000000002,1,0,valid_numerical,target/complement separated on tested radial set and UV tail,0.35792535803022435,213.3430068568333,False
3.0,0.0,0.0204,1.0,156.03425793323072,10.0,0.16667500000000002,2,2,valid_numerical,target/complement separated on tested radial set and UV tail,0.3579253580302246,213.3430068568333,False
3.0,0.0,0.0204,1.0,156.03425793323072,10.0,0.16667500000000002,0+1,-2,valid_numerical,target/complement separated on tested radial set and UV tail,0.3579253580302246,213.3430068568333,False
3.0,0.0,0.0204,1.0,156.03425793323072,10.0,0.16667500000000002,0+2,0,valid_numerical,target/complement separated on tested radial set and UV tail,0.35792535803022435,213.3430068568333,False
3.0,0.0,0.0204,1.0,156.03425793323072,10.0,0.16667500000000002,1+2,2,valid_numerical,target/complement separated on tested radial set and UV tail,0.35792535803022435,213.3430068568333,False
3.0,0.0,0.0204,1.0,156.03425793323072,10.0,0.16667500000000002,0+1+2,0,valid_full_space,P=I3; no complementary spectrum,nan,NA,True
3.0,0.0,0.0204,1.0,156.03425793323072,10.0,0.20834125000000003,0,-2,valid_numerical,target/complement separated on tested radial set and UV tail,0.42982492677077255,259.74662837982953,False
3.0,0.0,0.0204,1.0,156.03425793323072,10.0,0.20834125000000003,1,0,valid_numerical,target/complement separated on tested radial set and UV tail,0.4298249267707724,259.74662837982953,False
3.0,0.0,0.0204,1.0,156.03425793323072,10.0,0.20834125000000003,2,2,valid_numerical,target/complement separated on tested radial set and UV tail,0.4298249267707724,259.74662837982953,False
3.0,0.0,0.0204,1.0,156.03425793323072,10.0,0.20834125000000003,0+1,-2,valid_numerical,target/complement separated on tested radial set and UV tail,0.4298249267707724,259.74662837982953,False
3.0,0.0,0.0204,1.0,156.03425793323072,10.0,0.20834125000000003,0+2,0,valid_numerical,target/complement separated on tested radial set and UV tail,0.4298249267707724,259.74662837982953,False
3.0,0.0,0.0204,1.0,156.03425793323072,10.0,0.20834125000000003,1+2,2,valid_numerical,target/complement separated on tested radial set and UV tail,0.42982492677077255,259.74662837982953,False
3.0,0.0,0.0204,1.0,156.03425793323072,10.0,0.20834125000000003,0+1+2,0,valid_full_space,P=I3; no complementary spectrum,nan,NA,True
3.0,0.0,0.0204,1.0,156.03425793323072,10.0,0.2500075,0,-2,valid_numerical,target/complement separated on tested radial set and UV tail,0.47582951708955246,301.70600183521435,False
3.0,0.0,0.0204,1.0,156.03425793323072,10.0,0.2500075,1,0,valid_numerical,target/complement separated on tested radial set and UV tail,0.47582951708955246,301.70600183521435,False
3.0,0.0,0.0204,1.0,156.03425793323072,10.0,0.2500075,2,2,valid_numerical,target/complement separated on tested radial set and UV tail,0.47582951708955257,301.70600183521435,False
3.0,0.0,0.0204,1.0,156.03425793323072,10.0,0.2500075,0+1,-2,valid_numerical,target/complement separated on tested radial set and UV tail,0.47582951708955257,301.70600183521435,False
3.0,0.0,0.0204,1.0,156.03425793323072,10.0,0.2500075,0+2,0,valid_numerical,target/complement separated on tested radial set and UV tail,0.47582951708955246,301.70600183521435,False
3.0,0.0,0.0204,1.0,156.03425793323072,10.0,0.2500075,1+2,2,valid_numerical,target/complement separated on tested radial set and UV tail,0.47582951708955246,301.70600183521435,False
3.0,0.0,0.0204,1.0,156.03425793323072,10.0,0.2500075,0+1+2,0,valid_full_space,P=I3; no complementary spectrum,nan,NA,True
3.0,0.0,0.0204,1.0,156.03425793323072,10.0,0.29167375,0,-2,valid_numerical,target/complement separated on tested radial set and UV tail,0.49774555562329265,338.5032050479803,False
3.0,0.0,0.0204,1.0,156.03425793323072,10.0,0.29167375,1,0,valid_numerical,target/complement separated on tested radial set and UV tail,0.4977455556232925,338.5032050479803,False
3.0,0.0,0.0204,1.0,156.03425793323072,10.0,0.29167375,2,2,valid_numerical,target/complement separated on tested radial set and UV tail,0.4977455556232925,338.5032050479803,False
3.0,0.0,0.0204,1.0,156.03425793323072,10.0,0.29167375,0+1,-2,valid_numerical,target/complement separated on tested radial set and UV tail,0.4977455556232925,338.5032050479803,False
3.0,0.0,0.0204,1.0,156.03425793323072,10.0,0.29167375,0+2,0,valid_numerical,target/complement separated on tested radial set and UV tail,0.4977455556232925,338.5032050479803,False
3.0,0.0,0.0204,1.0,156.03425793323072,10.0,0.29167375,1+2,2,valid_numerical,target/complement separated on tested radial set and UV tail,0.49774555562329265,338.5032050479803,False
3.0,0.0,0.0204,1.0,156.03425793323072,10.0,0.29167375,0+1+2,0,valid_full_space,P=I3; no complementary spectrum,nan,NA,True
3.0,0.0,0.0204,1.0,156.03425793323072,10.0,0.33334,0,-2,valid_numerical,target/complement separated on tested radial set and UV tail,0.5,369.50864024320396,False
3.0,0.0,0.0204,1.0,156.03425793323072,10.0,0.33334,1,0,valid_numerical,target/complement separated on tested radial set and UV tail,0.5,369.50864024320396,False
3.0,0.0,0.0204,1.0,156.03425793323072,10.0,0.33334,2,2,valid_numerical,target/complement separated on tested radial set and UV tail,0.5,369.50864024320396,False
3.0,0.0,0.0204,1.0,156.03425793323072,10.0,0.33334,0+1,-2,valid_numerical,target/complement separated on tested radial set and UV tail,0.5,369.50864024320396,False
3.0,0.0,0.0204,1.0,156.03425793323072,10.0,0.33334,0+2,0,valid_numerical,target/complement separated on tested radial set and UV tail,0.5,369.50864024320396,False
3.0,0.0,0.0204,1.0,156.03425793323072,10.0,0.33334,1+2,2,valid_numerical,target/complement separated on tested radial set and UV tail,0.5,369.50864024320396,False
3.0,0.0,0.0204,1.0,156.03425793323072,10.0,0.33334,0+1+2,0,valid_full_space,P=I3; no complementary spectrum,nan,NA,True
3.0,0.0,0.0204,1.0,156.03425793323072,10.0,0.37500625000000004,0,-2,valid_numerical,target/complement separated on tested radial set and UV tail,0.5,394.19180642338887,False
3.0,0.0,0.0204,1.0,156.03425793323072,10.0,0.37500625000000004,1,0,valid_numerical,target/complement separated on tested radial set and UV tail,0.4999999999999999,394.19180642338887,False
3.0,0.0,0.0204,1.0,156.03425793323072,10.0,0.37500625000000004,2,2,valid_numerical,target/complement separated on tested radial set and UV tail,0.4999999999999999,394.19180642338887,False
3.0,0.0,0.0204,1.0,156.03425793323072,10.0,0.37500625000000004,0+1,-2,valid_numerical,target/complement separated on tested radial set and UV tail,0.4999999999999999,394.19180642338887,False
3.0,0.0,0.0204,1.0,156.03425793323072,10.0,0.37500625000000004,0+2,0,valid_numerical,target/complement separated on tested radial set and UV tail,0.4999999999999999,394.19180642338887,False
3.0,0.0,0.0204,1.0,156.03425793323072,10.0,0.37500625000000004,1+2,2,valid_numerical,target/complement separated on tested radial set and UV tail,0.5,394.19180642338887,False
3.0,0.0,0.0204,1.0,156.03425793323072,10.0,0.37500625000000004,0+1+2,0,valid_full_space,P=I3; no complementary spectrum,nan,NA,True
3.0,0.0,0.0204,1.0,156.03425793323072,10.0,0.41667250000000006,0,-2,valid_numerical,target/complement separated on tested radial set and UV tail,0.5,412.13037620633537,False
3.0,0.0,0.0204,1.0,156.03425793323072,10.0,0.41667250000000006,1,0,valid_numerical,target/complement separated on tested radial set and UV tail,0.4999999999999999,412.13037620633537,False
3.0,0.0,0.0204,1.0,156.03425793323072,10.0,0.41667250000000006,2,2,valid_numerical,target/complement separated on tested radial set and UV tail,0.4999999999999999,412.13037620633537,False
3.0,0.0,0.0204,1.0,156.03425793323072,10.0,0.41667250000000006,0+1,-2,valid_numerical,target/complement separated on tested radial set and UV tail,0.4999999999999999,412.13037620633537,False
3.0,0.0,0.0204,1.0,156.03425793323072,10.0,0.41667250000000006,0+2,0,valid_numerical,target/complement separated on tested radial set and UV tail,0.4999999999999999,412.13037620633537,False
3.0,0.0,0.0204,1.0,156.03425793323072,10.0,0.41667250000000006,1+2,2,valid_numerical,target/complement separated on tested radial set and UV tail,0.5,412.13037620633537,False
3.0,0.0,0.0204,1.0,156.03425793323072,10.0,0.41667250000000006,0+1+2,0,valid_full_space,P=I3; no complementary spectrum,nan,NA,True
3.0,0.0,0.0204,1.0,156.03425793323072,10.0,0.45833875,0,-2,valid_numerical,target/complement separated on tested radial set and UV tail,0.5,423.017421819426,False
3.0,0.0,0.0204,1.0,156.03425793323072,10.0,0.45833875,1,0,valid_numerical,target/complement separated on tested radial set and UV tail,0.5,423.017421819426,False
3.0,0.0,0.0204,1.0,156.03425793323072,10.0,0.45833875,2,2,valid_numerical,target/complement separated on tested radial set and UV tail,0.5000000000000002,423.017421819426,False
3.0,0.0,0.0204,1.0,156.03425793323072,10.0,0.45833875,0+1,-2,valid_numerical,target/complement separated on tested radial set and UV tail,0.5000000000000002,423.017421819426,False
3.0,0.0,0.0204,1.0,156.03425793323072,10.0,0.45833875,0+2,0,valid_numerical,target/complement separated on tested radial set and UV tail,0.5,423.017421819426,False
3.0,0.0,0.0204,1.0,156.03425793323072,10.0,0.45833875,1+2,2,valid_numerical,target/complement separated on tested radial set and UV tail,0.5,423.017421819426,False
3.0,0.0,0.0204,1.0,156.03425793323072,10.0,0.45833875,0+1+2,0,valid_full_space,P=I3; no complementary spectrum,nan,NA,True
3.0,0.0,0.0204,1.0,156.03425793323072,10.0,0.500005,0,-2,valid_numerical,target/complement separated on tested radial set and UV tail,0.4999999999999999,426.66666661402877,False
3.0,0.0,0.0204,1.0,156.03425793323072,10.0,0.500005,1,0,valid_numerical,target/complement separated on tested radial set and UV tail,0.4999999999999997,426.66666661402877,False
3.0,0.0,0.0204,1.0,156.03425793323072,10.0,0.500005,2,2,valid_numerical,target/complement separated on tested radial set and UV tail,0.4999999999999997,426.66666661402877,False
3.0,0.0,0.0204,1.0,156.03425793323072,10.0,0.500005,0+1,-2,valid_numerical,target/complement separated on tested radial set and UV tail,0.4999999999999997,426.66666661402877,False
3.0,0.0,0.0204,1.0,156.03425793323072,10.0,0.500005,0+2,0,valid_numerical,target/complement separated on tested radial set and UV tail,0.4999999999999997,426.66666661402877,False
3.0,0.0,0.0204,1.0,156.03425793323072,10.0,0.500005,1+2,2,valid_numerical,target/complement separated on tested radial set and UV tail,0.4999999999999999,426.66666661402877,False
3.0,0.0,0.0204,1.0,156.03425793323072,10.0,0.500005,0+1+2,0,valid_full_space,P=I3; no complementary spectrum,nan,NA,True
3.0,0.0,0.0204,1.0,156.03425793323072,10.0,0.5416712499999999,0,-2,valid_numerical,target/complement separated on tested radial set and UV tail,0.5,423.01567224694844,False
3.0,0.0,0.0204,1.0,156.03425793323072,10.0,0.5416712499999999,1,0,valid_numerical,target/complement separated on tested radial set and UV tail,0.49999999999999983,423.01567224694844,False
3.0,0.0,0.0204,1.0,156.03425793323072,10.0,0.5416712499999999,2,2,valid_numerical,target/complement separated on tested radial set and UV tail,0.49999999999999983,423.01567224694844,False
3.0,0.0,0.0204,1.0,156.03425793323072,10.0,0.5416712499999999,0+1,-2,valid_numerical,target/complement separated on tested radial set and UV tail,0.49999999999999983,423.01567224694844,False
3.0,0.0,0.0204,1.0,156.03425793323072,10.0,0.5416712499999999,0+2,0,valid_numerical,target/complement separated on tested radial set and UV tail,0.49999999999999983,423.01567224694844,False
3.0,0.0,0.0204,1.0,156.03425793323072,10.0,0.5416712499999999,1+2,2,valid_numerical,target/complement separated on tested radial set and UV tail,0.5,423.01567224694844,False
3.0,0.0,0.0204,1.0,156.03425793323072,10.0,0.5416712499999999,0+1+2,0,valid_full_space,P=I3; no complementary spectrum,nan,NA,True
3.0,0.0,0.0204,1.0,156.03425793323072,10.0,0.5833375,0,-2,valid_numerical,target/complement separated on tested radial set and UV tail,0.4999999999999999,412.12690699645276,False
3.0,0.0,0.0204,1.0,156.03425793323072,10.0,0.5833375,1,0,valid_numerical,target/complement separated on tested radial set and UV tail,0.49999999999999983,412.12690699645276,False
3.0,0.0,0.0204,1.0,156.03425793323072,10.0,0.5833375,2,2,valid_numerical,target/complement separated on tested radial set and UV tail,0.49999999999999983,412.12690699645276,False
3.0,0.0,0.0204,1.0,156.03425793323072,10.0,0.5833375,0+1,-2,valid_numerical,target/complement separated on tested radial set and UV tail,0.49999999999999983,412.12690699645276,False
3.0,0.0,0.0204,1.0,156.03425793323072,10.0,0.5833375,0+2,0,valid_numerical,target/complement separated on tested radial set and UV tail,0.49999999999999983,412.12690699645276,False
3.0,0.0,0.0204,1.0,156.03425793323072,10.0,0.5833375,1+2,2,valid_numerical,target/complement separated on tested radial set and UV tail,0.4999999999999999,412.12690699645276,False
3.0,0.0,0.0204,1.0,156.03425793323072,10.0,0.5833375,0+1+2,0,valid_full_space,P=I3; no complementary spectrum,nan,NA,True
3.0,0.0,0.0204,1.0,156.03425793323072,10.0,0.62500375,0,-2,valid_numerical,target/complement separated on tested radial set and UV tail,0.5,394.1866769340585,False
3.0,0.0,0.0204,1.0,156.03425793323072,10.0,0.62500375,1,0,valid_numerical,target/complement separated on tested radial set and UV tail,0.5,394.1866769340585,False
3.0,0.0,0.0204,1.0,156.03425793323072,10.0,0.62500375,2,2,valid_numerical,target/complement separated on tested radial set and UV tail,0.5000000000000001,394.1866769340585,False
3.0,0.0,0.0204,1.0,156.03425793323072,10.0,0.62500375,0+1,-2,valid_numerical,target/complement separated on tested radial set and UV tail,0.5000000000000001,394.1866769340585,False
3.0,0.0,0.0204,1.0,156.03425793323072,10.0,0.62500375,0+2,0,valid_numerical,target/complement separated on tested radial set and UV tail,0.5,394.1866769340585,False
3.0,0.0,0.0204,1.0,156.03425793323072,10.0,0.62500375,1+2,2,valid_numerical,target/complement separated on tested radial set and UV tail,0.5,394.1866769340585,False
3.0,0.0,0.0204,1.0,156.03425793323072,10.0,0.62500375,0+1+2,0,valid_full_space,P=I3; no complementary spectrum,nan,NA,True
3.0,0.0,0.0204,1.0,156.03425793323072,10.0,0.66667,0,-2,valid_numerical,target/complement separated on tested radial set and UV tail,0.5,369.50193823965765,False
3.0,0.0,0.0204,1.0,156.03425793323072,10.0,0.66667,1,0,valid_numerical,target/complement separated on tested radial set and UV tail,0.49999999999999983,369.50193823965765,False
3.0,0.0,0.0204,1.0,156.03425793323072,10.0,0.66667,2,2,valid_numerical,target/complement separated on tested radial set and UV tail,0.49999999999999983,369.50193823965765,False
3.0,0.0,0.0204,1.0,156.03425793323072,10.0,0.66667,0+1,-2,valid_numerical,target/complement separated on tested radial set and UV tail,0.49999999999999983,369.50193823965765,False
3.0,0.0,0.0204,1.0,156.03425793323072,10.0,0.66667,0+2,0,valid_numerical,target/complement separated on tested radial set and UV tail,0.49999999999999983,369.50193823965765,False
3.0,0.0,0.0204,1.0,156.03425793323072,10.0,0.66667,1+2,2,valid_numerical,target/complement separated on tested radial set and UV tail,0.5,369.50193823965765,False
3.0,0.0,0.0204,1.0,156.03425793323072,10.0,0.66667,0+1+2,0,valid_full_space,P=I3; no complementary spectrum,nan,NA,True
3.0,0.0,0.0204,1.0,156.03425793323072,10.0,0.70833625,0,-2,valid_numerical,target/complement separated on tested radial set and UV tail,0.4977431009245678,338.4950452010668,False
3.0,0.0,0.0204,1.0,156.03425793323072,10.0,0.70833625,1,0,valid_numerical,target/complement separated on tested radial set and UV tail,0.4977431009245678,338.4950452010668,False
3.0,0.0,0.0204,1.0,156.03425793323072,10.0,0.70833625,2,2,valid_numerical,target/complement separated on tested radial set and UV tail,0.4977431009245679,338.4950452010668,False
3.0,0.0,0.0204,1.0,156.03425793323072,10.0,0.70833625,0+1,-2,valid_numerical,target/complement separated on tested radial set and UV tail,0.4977431009245679,338.4950452010668,False
3.0,0.0,0.0204,1.0,156.03425793323072,10.0,0.70833625,0+2,0,valid_numerical,target/complement separated on tested radial set and UV tail,0.4977431009245678,338.4950452010668,False
3.0,0.0,0.0204,1.0,156.03425793323072,10.0,0.70833625,1+2,2,valid_numerical,target/complement separated on tested radial set and UV tail,0.4977431009245678,338.4950452010668,False
3.0,0.0,0.0204,1.0,156.03425793323072,10.0,0.70833625,0+1+2,0,valid_full_space,P=I3; no complementary spectrum,nan,NA,True
3.0,0.0,0.0204,1.0,156.03425793323072,10.0,0.7500025,0,-2,valid_numerical,target/complement separated on tested radial set and UV tail,0.4758213876410071,301.6965237593881,False
3.0,0.0,0.0204,1.0,156.03425793323072,10.0,0.7500025,1,0,valid_numerical,target/complement separated on tested radial set and UV tail,0.4758213876410068,301.6965237593881,False
3.0,0.0,0.0204,1.0,156.03425793323072,10.0,0.7500025,2,2,valid_numerical,target/complement separated on tested radial set and UV tail,0.4758213876410068,301.6965237593881,False
3.0,0.0,0.0204,1.0,156.03425793323072,10.0,0.7500025,0+1,-2,valid_numerical,target/complement separated on tested radial set and UV tail,0.4758213876410068,301.6965237593881,False
3.0,0.0,0.0204,1.0,156.03425793323072,10.0,0.7500025,0+2,0,valid_numerical,target/complement separated on tested radial set and UV tail,0.4758213876410068,301.6965237593881,False
3.0,0.0,0.0204,1.0,156.03425793323072,10.0,0.7500025,1+2,2,valid_numerical,target/complement separated on tested radial set and UV tail,0.4758213876410071,301.6965237593881,False
3.0,0.0,0.0204,1.0,156.03425793323072,10.0,0.7500025,0+1+2,0,valid_full_space,P=I3; no complementary spectrum,nan,NA,True
3.0,0.0,0.0204,1.0,156.03425793323072,10.0,0.79166875,0,-2,valid_numerical,target/complement separated on tested radial set and UV tail,0.4298110551970029,259.7359942443572,False
3.0,0.0,0.0204,1.0,156.03425793323072,10.0,0.79166875,1,0,valid_numerical,target/complement separated on tested radial set and UV tail,0.4298110551970029,259.7359942443572,False
3.0,0.0,0.0204,1.0,156.03425793323072,10.0,0.79166875,2,2,valid_numerical,target/complement separated on tested radial set and UV tail,0.4298110551970031,259.7359942443572,False
3.0,0.0,0.0204,1.0,156.03425793323072,10.0,0.79166875,0+1,-2,valid_numerical,target/complement separated on tested radial set and UV tail,0.4298110551970031,259.7359942443572,False
3.0,0.0,0.0204,1.0,156.03425793323072,10.0,0.79166875,0+2,0,valid_numerical,target/complement separated on tested radial set and UV tail,0.4298110551970029,259.7359942443572,False
3.0,0.0,0.0204,1.0,156.03425793323072,10.0,0.79166875,1+2,2,valid_numerical,target/complement separated on tested radial set and UV tail,0.4298110551970029,259.7359942443572,False
3.0,0.0,0.0204,1.0,156.03425793323072,10.0,0.79166875,0+1+2,0,valid_full_space,P=I3; no complementary spectrum,nan,NA,True
3.0,0.0,0.0204,1.0,156.03425793323072,10.0,0.833335,0,-2,valid_numerical,target/complement separated on tested radial set and UV tail,0.35790473567238695,213.33139861108722,False
3.0,0.0,0.0204,1.0,156.03425793323072,10.0,0.833335,1,0,valid_numerical,target/complement separated on tested radial set and UV tail,0.3579047356723868,213.33139861108722,False
3.0,0.0,0.0204,1.0,156.03425793323072,10.0,0.833335,2,2,valid_numerical,target/complement separated on tested radial set and UV tail,0.3579047356723868,213.33139861108722,False
3.0,0.0,0.0204,1.0,156.03425793323072,10.0,0.833335,0+1,-2,valid_numerical,target/complement separated on tested radial set and UV tail,0.3579047356723868,213.33139861108722,False
3.0,0.0,0.0204,1.0,156.03425793323072,10.0,0.833335,0+2,0,valid_numerical,target/complement separated on tested radial set and UV tail,0.3579047356723868,213.33139861108722,False
3.0,0.0,0.0204,1.0,156.03425793323072,10.0,0.833335,1+2,2,valid_numerical,target/complement separated on tested radial set and UV tail,0.35790473567238695,213.33139861108722,False
3.0,0.0,0.0204,1.0,156.03425793323072,10.0,0.833335,0+1+2,0,valid_full_space,P=I3; no complementary spectrum,nan,NA,True
3.0,0.0,0.0204,1.0,156.03425793323072,10.0,0.87500125,0,-2,valid_numerical,target/complement separated on tested radial set and UV tail,0.25509830609049355,163.27671649949824,False
3.0,0.0,0.0204,1.0,156.03425793323072,10.0,0.87500125,1,0,valid_numerical,target/complement separated on tested radial set and UV tail,0.25509830609049355,163.27671649949824,False
3.0,0.0,0.0204,1.0,156.03425793323072,10.0,0.87500125,2,2,valid_numerical,target/complement separated on tested radial set and UV tail,0.25509830609049383,163.27671649949824,False
3.0,0.0,0.0204,1.0,156.03425793323072,10.0,0.87500125,0+1,-2,valid_numerical,target/complement separated on tested radial set and UV tail,0.25509830609049383,163.27671649949824,False
3.0,0.0,0.0204,1.0,156.03425793323072,10.0,0.87500125,0+2,0,valid_numerical,target/complement separated on tested radial set and UV tail,0.25509830609049355,163.27671649949824,False
3.0,0.0,0.0204,1.0,156.03425793323072,10.0,0.87500125,1+2,2,valid_numerical,target/complement separated on tested radial set and UV tail,0.25509830609049355,163.27671649949824,False
3.0,0.0,0.0204,1.0,156.03425793323072,10.0,0.87500125,0+1+2,0,valid_full_space,P=I3; no complementary spectrum,nan,NA,True
3.0,0.0,0.0204,1.0,156.03425793323072,10.0,0.9166675,0,-2,valid_numerical,target/complement separated on tested radial set and UV tail,0.08864442507417687,110.42838029385989,False
3.0,0.0,0.0204,1.0,156.03425793323072,10.0,0.9166675,1,0,valid_numerical,target/complement separated on tested radial set and UV tail,0.08864442507417687,110.42838029385989,False
3.0,0.0,0.0204,1.0,156.03425793323072,10.0,0.9166675,2,2,valid_numerical,target/complement separated on tested radial set and UV tail,0.0886444250741775,110.42838029385989,False
3.0,0.0,0.0204,1.0,156.03425793323072,10.0,0.9166675,0+1,-2,valid_numerical,target/complement separated on tested radial set and UV tail,0.0886444250741775,110.42838029385989,False
3.0,0.0,0.0204,1.0,156.03425793323072,10.0,0.9166675,0+2,0,valid_numerical,target/complement separated on tested radial set and UV tail,0.08864442507417687,110.42838029385989,False
3.0,0.0,0.0204,1.0,156.03425793323072,10.0,0.9166675,1+2,2,valid_numerical,target/complement separated on tested radial set and UV tail,0.08864442507417687,110.42838029385989,False
3.0,0.0,0.0204,1.0,156.03425793323072,10.0,0.9166675,0+1+2,0,valid_full_space,P=I3; no complementary spectrum,nan,NA,True
3.0,0.0,0.0204,1.0,156.03425793323072,10.0,0.95833375,0,NA,invalid_target_complement_gap,target_complement_gap_below_tolerance,1.4031556836632406e-09,64.0,False
3.0,0.0,0.0204,1.0,156.03425793323072,10.0,0.95833375,1,NA,invalid_target_complement_gap,target_complement_gap_below_tolerance,7.365466558807881e-08,64.0,False
3.0,0.0,0.0204,1.0,156.03425793323072,10.0,0.95833375,2,NA,invalid_target_complement_gap,target_complement_gap_below_tolerance,1.4031556836632406e-09,64.0,False
3.0,0.0,0.0204,1.0,156.03425793323072,10.0,0.95833375,0+1,NA,invalid_target_complement_gap,target_complement_gap_below_tolerance,1.4031556836632406e-09,64.0,False
3.0,0.0,0.0204,1.0,156.03425793323072,10.0,0.95833375,0+2,NA,invalid_target_complement_gap,target_complement_gap_below_tolerance,7.365466558807881e-08,64.0,False
3.0,0.0,0.0204,1.0,156.03425793323072,10.0,0.95833375,1+2,NA,invalid_target_complement_gap,target_complement_gap_below_tolerance,1.4031556836632406e-09,64.0,False
3.0,0.0,0.0204,1.0,156.03425793323072,10.0,0.95833375,0+1+2,0,valid_full_space,P=I3; no complementary spectrum,nan,NA,True
3.0,0.0,0.0204,1.0,156.03425793323072,10.0,0.97,0,NA,invalid_target_complement_gap,target_complement_gap_below_tolerance,5.705759361434052e-09,32.0,False
3.0,0.0,0.0204,1.0,156.03425793323072,10.0,0.97,1,0,valid_numerical,target/complement separated on tested radial set and UV tail,0.09891938325005725,32.0,False
3.0,0.0,0.0204,1.0,156.03425793323072,10.0,0.97,2,NA,invalid_target_complement_gap,target_complement_gap_below_tolerance,5.705759361434052e-09,32.0,False
3.0,0.0,0.0204,1.0,156.03425793323072,10.0,0.97,0+1,NA,invalid_target_complement_gap,target_complement_gap_below_tolerance,5.705759361434052e-09,32.0,False
3.0,0.0,0.0204,1.0,156.03425793323072,10.0,0.97,0+2,0,valid_numerical,target/complement separated on tested radial set and UV tail,0.09891938325005725,32.0,False
3.0,0.0,0.0204,1.0,156.03425793323072,10.0,0.97,1+2,NA,invalid_target_complement_gap,target_complement_gap_below_tolerance,5.705759361434052e-09,32.0,False
3.0,0.0,0.0204,1.0,156.03425793323072,10.0,0.97,0+1+2,0,valid_full_space,P=I3; no complementary spectrum,nan,NA,True
3.0,0.0,0.0204,1.0,156.03425793323072,10.0,0.975,0,NA,invalid_target_complement_gap,target_complement_gap_below_tolerance,7.0424644832422095e-09,32.0,False
3.0,0.0,0.0204,1.0,156.03425793323072,10.0,0.975,1,0,valid_numerical,target/complement separated on tested radial set and UV tail,0.22197286683400708,32.0,False
3.0,0.0,0.0204,1.0,156.03425793323072,10.0,0.975,2,NA,invalid_target_complement_gap,target_complement_gap_below_tolerance,7.0424644832422095e-09,32.0,False
3.0,0.0,0.0204,1.0,156.03425793323072,10.0,0.975,0+1,NA,invalid_target_complement_gap,target_complement_gap_below_tolerance,7.0424644832422095e-09,32.0,False
3.0,0.0,0.0204,1.0,156.03425793323072,10.0,0.975,0+2,0,valid_numerical,target/complement separated on tested radial set and UV tail,0.22197286683400708,32.0,False
3.0,0.0,0.0204,1.0,156.03425793323072,10.0,0.975,1+2,NA,invalid_target_complement_gap,target_complement_gap_below_tolerance,7.0424644832422095e-09,32.0,False
3.0,0.0,0.0204,1.0,156.03425793323072,10.0,0.975,0+1+2,0,valid_full_space,P=I3; no complementary spectrum,nan,NA,True
3.0,0.0,0.0204,1.0,156.03425793323072,10.0,0.98,0,NA,invalid_target_complement_gap,target_complement_gap_below_tolerance,2.449388829068542e-09,32.0,False
3.0,0.0,0.0204,1.0,156.03425793323072,10.0,0.98,1,0,valid_numerical,target/complement separated on tested radial set and UV tail,0.3039941893925965,32.0,False
3.0,0.0,0.0204,1.0,156.03425793323072,10.0,0.98,2,NA,invalid_target_complement_gap,target_complement_gap_below_tolerance,2.449388829068542e-09,32.0,False
3.0,0.0,0.0204,1.0,156.03425793323072,10.0,0.98,0+1,NA,invalid_target_complement_gap,target_complement_gap_below_tolerance,2.449388829068542e-09,32.0,False
3.0,0.0,0.0204,1.0,156.03425793323072,10.0,0.98,0+2,0,valid_numerical,target/complement separated on tested radial set and UV tail,0.3039941893925965,32.0,False
3.0,0.0,0.0204,1.0,156.03425793323072,10.0,0.98,1+2,NA,invalid_target_complement_gap,target_complement_gap_below_tolerance,2.449388829068542e-09,32.0,False
3.0,0.0,0.0204,1.0,156.03425793323072,10.0,0.98,0+1+2,0,valid_full_space,P=I3; no complementary spectrum,nan,NA,True
3.0,0.0,0.0204,1.0,156.03425793323072,10.0,0.99,0,NA,invalid_target_complement_gap,target_complement_gap_below_tolerance,1.3101623753078736e-09,16.0,False
3.0,0.0,0.0204,1.0,156.03425793323072,10.0,0.99,1,0,valid_numerical,target/complement separated on tested radial set and UV tail,0.43398902353811303,16.0,False
3.0,0.0,0.0204,1.0,156.03425793323072,10.0,0.99,2,NA,invalid_target_complement_gap,target_complement_gap_below_tolerance,1.3101623753078736e-09,16.0,False
3.0,0.0,0.0204,1.0,156.03425793323072,10.0,0.99,0+1,NA,invalid_target_complement_gap,target_complement_gap_below_tolerance,1.3101623753078736e-09,16.0,False
3.0,0.0,0.0204,1.0,156.03425793323072,10.0,0.99,0+2,0,valid_numerical,target/complement separated on tested radial set and UV tail,0.43398902353811303,16.0,False
3.0,0.0,0.0204,1.0,156.03425793323072,10.0,0.99,1+2,NA,invalid_target_complement_gap,target_complement_gap_below_tolerance,1.3101623753078736e-09,16.0,False
3.0,0.0,0.0204,1.0,156.03425793323072,10.0,0.99,0+1+2,0,valid_full_space,P=I3; no complementary spectrum,nan,NA,True
3.0,0.0,0.0204,1.0,156.03425793323072,10.0,1.0,0,NA,invalid,singular_or_unresolved_closure: D0 is zero within relative tolerance,nan,NA,False
3.0,0.0,0.0204,1.0,156.03425793323072,10.0,1.0,1,NA,invalid,singular_or_unresolved_closure: D0 is zero within relative tolerance,nan,NA,False
3.0,0.0,0.0204,1.0,156.03425793323072,10.0,1.0,2,NA,invalid,singular_or_unresolved_closure: D0 is zero within relative tolerance,nan,NA,False
3.0,0.0,0.0204,1.0,156.03425793323072,10.0,1.0,0+1,NA,invalid,singular_or_unresolved_closure: D0 is zero within relative tolerance,nan,NA,False
3.0,0.0,0.0204,1.0,156.03425793323072,10.0,1.0,0+2,NA,invalid,singular_or_unresolved_closure: D0 is zero within relative tolerance,nan,NA,False
3.0,0.0,0.0204,1.0,156.03425793323072,10.0,1.0,1+2,NA,invalid,singular_or_unresolved_closure: D0 is zero within relative tolerance,nan,NA,False
3.0,0.0,0.0204,1.0,156.03425793323072,10.0,1.0,0+1+2,NA,invalid,singular_or_unresolved_closure: D0 is zero within relative tolerance,nan,NA,False
3.0,0.0,0.0204,1.0,312.06851586646144,20.0,0.0,0,NA,invalid,singular_or_unresolved_closure: D0 is zero within relative tolerance,nan,NA,False
3.0,0.0,0.0204,1.0,312.06851586646144,20.0,0.0,1,NA,invalid,singular_or_unresolved_closure: D0 is zero within relative tolerance,nan,NA,False
3.0,0.0,0.0204,1.0,312.06851586646144,20.0,0.0,2,NA,invalid,singular_or_unresolved_closure: D0 is zero within relative tolerance,nan,NA,False
3.0,0.0,0.0204,1.0,312.06851586646144,20.0,0.0,0+1,NA,invalid,singular_or_unresolved_closure: D0 is zero within relative tolerance,nan,NA,False
3.0,0.0,0.0204,1.0,312.06851586646144,20.0,0.0,0+2,NA,invalid,singular_or_unresolved_closure: D0 is zero within relative tolerance,nan,NA,False
3.0,0.0,0.0204,1.0,312.06851586646144,20.0,0.0,1+2,NA,invalid,singular_or_unresolved_closure: D0 is zero within relative tolerance,nan,NA,False
3.0,0.0,0.0204,1.0,312.06851586646144,20.0,0.0,0+1+2,NA,invalid,singular_or_unresolved_closure: D0 is zero within relative tolerance,nan,NA,False
3.0,0.0,0.0204,1.0,312.06851586646144,20.0,1e-05,0,NA,invalid_target_complement_gap,target_complement_gap_below_tolerance,2.5925389834924325e-09,1.0,False
3.0,0.0,0.0204,1.0,312.06851586646144,20.0,1e-05,1,0,valid_numerical,target/complement separated on tested radial set and UV tail,0.49999969390584054,1.0,False
3.0,0.0,0.0204,1.0,312.06851586646144,20.0,1e-05,2,NA,invalid_target_complement_gap,target_complement_gap_below_tolerance,2.5925389834924325e-09,1.0,False
3.0,0.0,0.0204,1.0,312.06851586646144,20.0,1e-05,0+1,NA,invalid_target_complement_gap,target_complement_gap_below_tolerance,2.5925389834924325e-09,1.0,False
3.0,0.0,0.0204,1.0,312.06851586646144,20.0,1e-05,0+2,0,valid_numerical,target/complement separated on tested radial set and UV tail,0.49999969390584054,1.0,False
3.0,0.0,0.0204,1.0,312.06851586646144,20.0,1e-05,1+2,NA,invalid_target_complement_gap,target_complement_gap_below_tolerance,2.5925389834924325e-09,1.0,False
3.0,0.0,0.0204,1.0,312.06851586646144,20.0,1e-05,0+1+2,0,valid_full_space,P=I3; no complementary spectrum,nan,NA,True
3.0,0.0,0.0204,1.0,312.06851586646144,20.0,0.01,0,NA,invalid_target_complement_gap,target_complement_gap_below_tolerance,5.411950893716584e-09,32.0,False
3.0,0.0,0.0204,1.0,312.06851586646144,20.0,0.01,1,0,valid_numerical,target/complement separated on tested radial set and UV tail,0.342448774824045,32.0,False
3.0,0.0,0.0204,1.0,312.06851586646144,20.0,0.01,2,NA,invalid_target_complement_gap,target_complement_gap_below_tolerance,5.411950893716584e-09,32.0,False
3.0,0.0,0.0204,1.0,312.06851586646144,20.0,0.01,0+1,NA,invalid_target_complement_gap,target_complement_gap_below_tolerance,5.411950893716584e-09,32.0,False
3.0,0.0,0.0204,1.0,312.06851586646144,20.0,0.01,0+2,0,valid_numerical,target/complement separated on tested radial set and UV tail,0.342448774824045,32.0,False
3.0,0.0,0.0204,1.0,312.06851586646144,20.0,0.01,1+2,NA,invalid_target_complement_gap,target_complement_gap_below_tolerance,5.411950893716584e-09,32.0,False
3.0,0.0,0.0204,1.0,312.06851586646144,20.0,0.01,0+1+2,0,valid_full_space,P=I3; no complementary spectrum,nan,NA,True
3.0,0.0,0.0204,1.0,312.06851586646144,20.0,0.02,0,NA,invalid_target_complement_gap,target_complement_gap_below_tolerance,5.140515296378471e-09,64.0,False
3.0,0.0,0.0204,1.0,312.06851586646144,20.0,0.02,1,0,valid_numerical,target/complement separated on tested radial set and UV tail,0.145487196024202,64.0,False
3.0,0.0,0.0204,1.0,312.06851586646144,20.0,0.02,2,NA,invalid_target_complement_gap,target_complement_gap_below_tolerance,5.140515296378471e-09,64.0,False
3.0,0.0,0.0204,1.0,312.06851586646144,20.0,0.02,0+1,NA,invalid_target_complement_gap,target_complement_gap_below_tolerance,5.140515296378471e-09,64.0,False
3.0,0.0,0.0204,1.0,312.06851586646144,20.0,0.02,0+2,0,valid_numerical,target/complement separated on tested radial set and UV tail,0.145487196024202,64.0,False
3.0,0.0,0.0204,1.0,312.06851586646144,20.0,0.02,1+2,NA,invalid_target_complement_gap,target_complement_gap_below_tolerance,5.140515296378471e-09,64.0,False
3.0,0.0,0.0204,1.0,312.06851586646144,20.0,0.02,0+1+2,0,valid_full_space,P=I3; no complementary spectrum,nan,NA,True
3.0,0.0,0.0204,1.0,312.06851586646144,20.0,0.025,0,NA,invalid_target_complement_gap,target_complement_gap_below_tolerance,9.729726335670153e-09,66.95176168776102,False
3.0,0.0,0.0204,1.0,312.06851586646144,20.0,0.025,1,NA,invalid_target_complement_gap,target_complement_gap_below_tolerance,1.1216388686273775e-07,66.95176168776102,False
3.0,0.0,0.0204,1.0,312.06851586646144,20.0,0.025,2,NA,invalid_target_complement_gap,target_complement_gap_below_tolerance,9.729726335670153e-09,66.95176168776102,False
3.0,0.0,0.0204,1.0,312.06851586646144,20.0,0.025,0+1,NA,invalid_target_complement_gap,target_complement_gap_below_tolerance,9.729726335670153e-09,66.95176168776102,False
3.0,0.0,0.0204,1.0,312.06851586646144,20.0,0.025,0+2,NA,invalid_target_complement_gap,target_complement_gap_below_tolerance,1.1216388686273775e-07,66.95176168776102,False
3.0,0.0,0.0204,1.0,312.06851586646144,20.0,0.025,1+2,NA,invalid_target_complement_gap,target_complement_gap_below_tolerance,9.729726335670153e-09,66.95176168776102,False
3.0,0.0,0.0204,1.0,312.06851586646144,20.0,0.025,0+1+2,0,valid_full_space,P=I3; no complementary spectrum,nan,NA,True
3.0,0.0,0.0204,1.0,312.06851586646144,20.0,0.03,0,NA,invalid_target_complement_gap,target_complement_gap_below_tolerance,4.8892981237047976e-09,80.30576069846555,False
3.0,0.0,0.0204,1.0,312.06851586646144,20.0,0.03,1,NA,invalid_target_complement_gap,target_complement_gap_below_tolerance,3.1241796085912134e-08,80.30576069846555,False
3.0,0.0,0.0204,1.0,312.06851586646144,20.0,0.03,2,NA,invalid_target_complement_gap,target_complement_gap_below_tolerance,4.8892981237047976e-09,80.30576069846555,False
3.0,0.0,0.0204,1.0,312.06851586646144,20.0,0.03,0+1,NA,invalid_target_complement_gap,target_complement_gap_below_tolerance,4.8892981237047976e-09,80.30576069846555,False
3.0,0.0,0.0204,1.0,312.06851586646144,20.0,0.03,0+2,NA,invalid_target_complement_gap,target_complement_gap_below_tolerance,3.1241796085912134e-08,80.30576069846555,False
3.0,0.0,0.0204,1.0,312.06851586646144,20.0,0.03,1+2,NA,invalid_target_complement_gap,target_complement_gap_below_tolerance,4.8892981237047976e-09,80.30576069846555,False
3.0,0.0,0.0204,1.0,312.06851586646144,20.0,0.03,0+1+2,0,valid_full_space,P=I3; no complementary spectrum,nan,NA,True
3.0,0.0,0.0204,1.0,312.06851586646144,20.0,0.041676250000000005,0,NA,invalid_target_complement_gap,target_complement_gap_below_tolerance,1.7599614181311143e-08,111.4078220983735,False
3.0,0.0,0.0204,1.0,312.06851586646144,20.0,0.041676250000000005,1,NA,invalid_target_complement_gap,target_complement_gap_below_tolerance,6.710898064959629e-08,111.4078220983735,False
3.0,0.0,0.0204,1.0,312.06851586646144,20.0,0.041676250000000005,2,NA,invalid_target_complement_gap,target_complement_gap_below_tolerance,1.7599614181311143e-08,111.4078220983735,False
3.0,0.0,0.0204,1.0,312.06851586646144,20.0,0.041676250000000005,0+1,NA,invalid_target_complement_gap,target_complement_gap_below_tolerance,1.7599614181311143e-08,111.4078220983735,False
3.0,0.0,0.0204,1.0,312.06851586646144,20.0,0.041676250000000005,0+2,NA,invalid_target_complement_gap,target_complement_gap_below_tolerance,6.710898064959629e-08,111.4078220983735,False
3.0,0.0,0.0204,1.0,312.06851586646144,20.0,0.041676250000000005,1+2,NA,invalid_target_complement_gap,target_complement_gap_below_tolerance,1.7599614181311143e-08,111.4078220983735,False
3.0,0.0,0.0204,1.0,312.06851586646144,20.0,0.041676250000000005,0+1+2,0,valid_full_space,P=I3; no complementary spectrum,nan,NA,True
3.0,0.0,0.0204,1.0,312.06851586646144,20.0,0.0833425,0,-2,valid_numerical,target/complement separated on tested radial set and UV tail,0.19877723545856474,220.88265528498593,False
3.0,0.0,0.0204,1.0,312.06851586646144,20.0,0.0833425,1,0,valid_numerical,target/complement separated on tested radial set and UV tail,0.19877723545856474,220.88265528498593,False
3.0,0.0,0.0204,1.0,312.06851586646144,20.0,0.0833425,2,2,valid_numerical,target/complement separated on tested radial set and UV tail,0.19877723545856502,220.88265528498593,False
3.0,0.0,0.0204,1.0,312.06851586646144,20.0,0.0833425,0+1,-2,valid_numerical,target/complement separated on tested radial set and UV tail,0.19877723545856502,220.88265528498593,False
3.0,0.0,0.0204,1.0,312.06851586646144,20.0,0.0833425,0+2,0,valid_numerical,target/complement separated on tested radial set and UV tail,0.19877723545856474,220.88265528498593,False
3.0,0.0,0.0204,1.0,312.06851586646144,20.0,0.0833425,1+2,2,valid_numerical,target/complement separated on tested radial set and UV tail,0.19877723545856474,220.88265528498593,False
3.0,0.0,0.0204,1.0,312.06851586646144,20.0,0.0833425,0+1+2,0,valid_full_space,P=I3; no complementary spectrum,nan,NA,True
3.0,0.0,0.0204,1.0,312.06851586646144,20.0,0.12500875,0,-2,valid_numerical,target/complement separated on tested radial set and UV tail,0.32240227097123336,326.5782004783633,False
3.0,0.0,0.0204,1.0,312.06851586646144,20.0,0.12500875,1,0,valid_numerical,target/complement separated on tested radial set and UV tail,0.3224022709712333,326.5782004783633,False
3.0,0.0,0.0204,1.0,312.06851586646144,20.0,0.12500875,2,2,valid_numerical,target/complement separated on tested radial set and UV tail,0.3224022709712333,326.5782004783633,False
3.0,0.0,0.0204,1.0,312.06851586646144,20.0,0.12500875,0+1,-2,valid_numerical,target/complement separated on tested radial set and UV tail,0.3224022709712333,326.5782004783633,False
3.0,0.0,0.0204,1.0,312.06851586646144,20.0,0.12500875,0+2,0,valid_numerical,target/complement separated on tested radial set and UV tail,0.3224022709712333,326.5782004783633,False
3.0,0.0,0.0204,1.0,312.06851586646144,20.0,0.12500875,1+2,2,valid_numerical,target/complement separated on tested radial set and UV tail,0.32240227097123336,326.5782004783633,False
3.0,0.0,0.0204,1.0,312.06851586646144,20.0,0.12500875,0+1+2,0,valid_full_space,P=I3; no complementary spectrum,nan,NA,True
3.0,0.0,0.0204,1.0,312.06851586646144,20.0,0.16667500000000002,0,-2,valid_numerical,target/complement separated on tested radial set and UV tail,0.4071577265951693,426.6860137136666,False
3.0,0.0,0.0204,1.0,312.06851586646144,20.0,0.16667500000000002,1,0,valid_numerical,target/complement separated on tested radial set and UV tail,0.40715772659516913,426.6860137136666,False
3.0,0.0,0.0204,1.0,312.06851586646144,20.0,0.16667500000000002,2,2,valid_numerical,target/complement separated on tested radial set and UV tail,0.40715772659516913,426.6860137136666,False
3.0,0.0,0.0204,1.0,312.06851586646144,20.0,0.16667500000000002,0+1,-2,valid_numerical,target/complement separated on tested radial set and UV tail,0.40715772659516913,426.6860137136666,False
3.0,0.0,0.0204,1.0,312.06851586646144,20.0,0.16667500000000002,0+2,0,valid_numerical,target/complement separated on tested radial set and UV tail,0.40715772659516913,426.6860137136666,False
3.0,0.0,0.0204,1.0,312.06851586646144,20.0,0.16667500000000002,1+2,2,valid_numerical,target/complement separated on tested radial set and UV tail,0.4071577265951693,426.6860137136666,False
3.0,0.0,0.0204,1.0,312.06851586646144,20.0,0.16667500000000002,0+1+2,0,valid_full_space,P=I3; no complementary spectrum,nan,NA,True
3.0,0.0,0.0204,1.0,312.06851586646144,20.0,0.20834125000000003,0,-2,valid_numerical,target/complement separated on tested radial set and UV tail,0.46429242423114647,519.4932567596591,False
3.0,0.0,0.0204,1.0,312.06851586646144,20.0,0.20834125000000003,1,0,valid_numerical,target/complement separated on tested radial set and UV tail,0.4642924242311464,519.4932567596591,False
3.0,0.0,0.0204,1.0,312.06851586646144,20.0,0.20834125000000003,2,2,valid_numerical,target/complement separated on tested radial set and UV tail,0.4642924242311464,519.4932567596591,False
3.0,0.0,0.0204,1.0,312.06851586646144,20.0,0.20834125000000003,0+1,-2,valid_numerical,target/complement separated on tested radial set and UV tail,0.4642924242311464,519.4932567596591,False
3.0,0.0,0.0204,1.0,312.06851586646144,20.0,0.20834125000000003,0+2,0,valid_numerical,target/complement separated on tested radial set and UV tail,0.4642924242311464,519.4932567596591,False
3.0,0.0,0.0204,1.0,312.06851586646144,20.0,0.20834125000000003,1+2,2,valid_numerical,target/complement separated on tested radial set and UV tail,0.46429242423114647,519.4932567596591,False
3.0,0.0,0.0204,1.0,312.06851586646144,20.0,0.20834125000000003,0+1+2,0,valid_full_space,P=I3; no complementary spectrum,nan,NA,True
3.0,0.0,0.0204,1.0,312.06851586646144,20.0,0.2500075,0,-2,valid_numerical,target/complement separated on tested radial set and UV tail,0.4946565922709545,603.4120036704287,False
3.0,0.0,0.0204,1.0,312.06851586646144,20.0,0.2500075,1,0,valid_numerical,target/complement separated on tested radial set and UV tail,0.4946565922709543,603.4120036704287,False
3.0,0.0,0.0204,1.0,312.06851586646144,20.0,0.2500075,2,2,valid_numerical,target/complement separated on tested radial set and UV tail,0.4946565922709543,603.4120036704287,False
3.0,0.0,0.0204,1.0,312.06851586646144,20.0,0.2500075,0+1,-2,valid_numerical,target/complement separated on tested radial set and UV tail,0.4946565922709543,603.4120036704287,False
3.0,0.0,0.0204,1.0,312.06851586646144,20.0,0.2500075,0+2,0,valid_numerical,target/complement separated on tested radial set and UV tail,0.4946565922709543,603.4120036704287,False
3.0,0.0,0.0204,1.0,312.06851586646144,20.0,0.2500075,1+2,2,valid_numerical,target/complement separated on tested radial set and UV tail,0.4946565922709545,603.4120036704287,False
3.0,0.0,0.0204,1.0,312.06851586646144,20.0,0.2500075,0+1+2,0,valid_full_space,P=I3; no complementary spectrum,nan,NA,True
3.0,0.0,0.0204,1.0,312.06851586646144,20.0,0.29167375,0,-2,valid_numerical,target/complement separated on tested radial set and UV tail,0.5,677.0064100959606,False
3.0,0.0,0.0204,1.0,312.06851586646144,20.0,0.29167375,1,0,valid_numerical,target/complement separated on tested radial set and UV tail,0.5,677.0064100959606,False
3.0,0.0,0.0204,1.0,312.06851586646144,20.0,0.29167375,2,2,valid_numerical,target/complement separated on tested radial set and UV tail,0.5,677.0064100959606,False
3.0,0.0,0.0204,1.0,312.06851586646144,20.0,0.29167375,0+1,-2,valid_numerical,target/complement separated on tested radial set and UV tail,0.5,677.0064100959606,False
3.0,0.0,0.0204,1.0,312.06851586646144,20.0,0.29167375,0+2,0,valid_numerical,target/complement separated on tested radial set and UV tail,0.5,677.0064100959606,False
3.0,0.0,0.0204,1.0,312.06851586646144,20.0,0.29167375,1+2,2,valid_numerical,target/complement separated on tested radial set and UV tail,0.5,677.0064100959606,False
3.0,0.0,0.0204,1.0,312.06851586646144,20.0,0.29167375,0+1+2,0,valid_full_space,P=I3; no complementary spectrum,nan,NA,True
3.0,0.0,0.0204,1.0,312.06851586646144,20.0,0.33334,0,-2,valid_numerical,target/complement separated on tested radial set and UV tail,0.5,739.0172804864079,False
3.0,0.0,0.0204,1.0,312.06851586646144,20.0,0.33334,1,0,valid_numerical,target/complement separated on tested radial set and UV tail,0.5,739.0172804864079,False
3.0,0.0,0.0204,1.0,312.06851586646144,20.0,0.33334,2,2,valid_numerical,target/complement separated on tested radial set and UV tail,0.5,739.0172804864079,False
3.0,0.0,0.0204,1.0,312.06851586646144,20.0,0.33334,0+1,-2,valid_numerical,target/complement separated on tested radial set and UV tail,0.5,739.0172804864079,False
3.0,0.0,0.0204,1.0,312.06851586646144,20.0,0.33334,0+2,0,valid_numerical,target/complement separated on tested radial set and UV tail,0.5,739.0172804864079,False
3.0,0.0,0.0204,1.0,312.06851586646144,20.0,0.33334,1+2,2,valid_numerical,target/complement separated on tested radial set and UV tail,0.5,739.0172804864079,False
3.0,0.0,0.0204,1.0,312.06851586646144,20.0,0.33334,0+1+2,0,valid_full_space,P=I3; no complementary spectrum,nan,NA,True
3.0,0.0,0.0204,1.0,312.06851586646144,20.0,0.37500625000000004,0,-2,valid_numerical,target/complement separated on tested radial set and UV tail,0.5,788.3836128467777,False
3.0,0.0,0.0204,1.0,312.06851586646144,20.0,0.37500625000000004,1,0,valid_numerical,target/complement separated on tested radial set and UV tail,0.4999999999999999,788.3836128467777,False
3.0,0.0,0.0204,1.0,312.06851586646144,20.0,0.37500625000000004,2,2,valid_numerical,target/complement separated on tested radial set and UV tail,0.4999999999999999,788.3836128467777,False
3.0,0.0,0.0204,1.0,312.06851586646144,20.0,0.37500625000000004,0+1,-2,valid_numerical,target/complement separated on tested radial set and UV tail,0.4999999999999999,788.3836128467777,False
3.0,0.0,0.0204,1.0,312.06851586646144,20.0,0.37500625000000004,0+2,0,valid_numerical,target/complement separated on tested radial set and UV tail,0.4999999999999999,788.3836128467777,False
3.0,0.0,0.0204,1.0,312.06851586646144,20.0,0.37500625000000004,1+2,2,valid_numerical,target/complement separated on tested radial set and UV tail,0.5,788.3836128467777,False
3.0,0.0,0.0204,1.0,312.06851586646144,20.0,0.37500625000000004,0+1+2,0,valid_full_space,P=I3; no complementary spectrum,nan,NA,True
3.0,0.0,0.0204,1.0,312.06851586646144,20.0,0.41667250000000006,0,-2,valid_numerical,target/complement separated on tested radial set and UV tail,0.5,824.2607524126707,False
3.0,0.0,0.0204,1.0,312.06851586646144,20.0,0.41667250000000006,1,0,valid_numerical,target/complement separated on tested radial set and UV tail,0.4999999999999999,824.2607524126707,False
3.0,0.0,0.0204,1.0,312.06851586646144,20.0,0.41667250000000006,2,2,valid_numerical,target/complement separated on tested radial set and UV tail,0.4999999999999999,824.2607524126707,False
3.0,0.0,0.0204,1.0,312.06851586646144,20.0,0.41667250000000006,0+1,-2,valid_numerical,target/complement separated on tested radial set and UV tail,0.4999999999999999,824.2607524126707,False
3.0,0.0,0.0204,1.0,312.06851586646144,20.0,0.41667250000000006,0+2,0,valid_numerical,target/complement separated on tested radial set and UV tail,0.4999999999999999,824.2607524126707,False
3.0,0.0,0.0204,1.0,312.06851586646144,20.0,0.41667250000000006,1+2,2,valid_numerical,target/complement separated on tested radial set and UV tail,0.5,824.2607524126707,False
3.0,0.0,0.0204,1.0,312.06851586646144,20.0,0.41667250000000006,0+1+2,0,valid_full_space,P=I3; no complementary spectrum,nan,NA,True
3.0,0.0,0.0204,1.0,312.06851586646144,20.0,0.45833875,0,-2,valid_numerical,target/complement separated on tested radial set and UV tail,0.5,846.034843638852,False
3.0,0.0,0.0204,1.0,312.06851586646144,20.0,0.45833875,1,0,valid_numerical,target/complement separated on tested radial set and UV tail,0.5,846.034843638852,False
3.0,0.0,0.0204,1.0,312.06851586646144,20.0,0.45833875,2,2,valid_numerical,target/complement separated on tested radial set and UV tail,0.5000000000000002,846.034843638852,False
3.0,0.0,0.0204,1.0,312.06851586646144,20.0,0.45833875,0+1,-2,valid_numerical,target/complement separated on tested radial set and UV tail,0.5000000000000002,846.034843638852,False
3.0,0.0,0.0204,1.0,312.06851586646144,20.0,0.45833875,0+2,0,valid_numerical,target/complement separated on tested radial set and UV tail,0.5,846.034843638852,False
3.0,0.0,0.0204,1.0,312.06851586646144,20.0,0.45833875,1+2,2,valid_numerical,target/complement separated on tested radial set and UV tail,0.5,846.034843638852,False
3.0,0.0,0.0204,1.0,312.06851586646144,20.0,0.45833875,0+1+2,0,valid_full_space,P=I3; no complementary spectrum,nan,NA,True
3.0,0.0,0.0204,1.0,312.06851586646144,20.0,0.500005,0,-2,valid_numerical,target/complement separated on tested radial set and UV tail,0.4999999999999999,853.3333332280575,False
3.0,0.0,0.0204,1.0,312.06851586646144,20.0,0.500005,1,0,valid_numerical,target/complement separated on tested radial set and UV tail,0.4999999999999997,853.3333332280575,False
3.0,0.0,0.0204,1.0,312.06851586646144,20.0,0.500005,2,2,valid_numerical,target/complement separated on tested radial set and UV tail,0.4999999999999997,853.3333332280575,False
3.0,0.0,0.0204,1.0,312.06851586646144,20.0,0.500005,0+1,-2,valid_numerical,target/complement separated on tested radial set and UV tail,0.4999999999999997,853.3333332280575,False
3.0,0.0,0.0204,1.0,312.06851586646144,20.0,0.500005,0+2,0,valid_numerical,target/complement separated on tested radial set and UV tail,0.4999999999999997,853.3333332280575,False
3.0,0.0,0.0204,1.0,312.06851586646144,20.0,0.500005,1+2,2,valid_numerical,target/complement separated on tested radial set and UV tail,0.4999999999999999,853.3333332280575,False
3.0,0.0,0.0204,1.0,312.06851586646144,20.0,0.500005,0+1+2,0,valid_full_space,P=I3; no complementary spectrum,nan,NA,True
3.0,0.0,0.0204,1.0,312.06851586646144,20.0,0.5416712499999999,0,-2,valid_numerical,target/complement separated on tested radial set and UV tail,0.5,846.0313444938969,False
3.0,0.0,0.0204,1.0,312.06851586646144,20.0,0.5416712499999999,1,0,valid_numerical,target/complement separated on tested radial set and UV tail,0.49999999999999983,846.0313444938969,False
3.0,0.0,0.0204,1.0,312.06851586646144,20.0,0.5416712499999999,2,2,valid_numerical,target/complement separated on tested radial set and UV tail,0.49999999999999983,846.0313444938969,False
3.0,0.0,0.0204,1.0,312.06851586646144,20.0,0.5416712499999999,0+1,-2,valid_numerical,target/complement separated on tested radial set and UV tail,0.49999999999999983,846.0313444938969,False
3.0,0.0,0.0204,1.0,312.06851586646144,20.0,0.5416712499999999,0+2,0,valid_numerical,target/complement separated on tested radial set and UV tail,0.49999999999999983,846.0313444938969,False
3.0,0.0,0.0204,1.0,312.06851586646144,20.0,0.5416712499999999,1+2,2,valid_numerical,target/complement separated on tested radial set and UV tail,0.5,846.0313444938969,False
3.0,0.0,0.0204,1.0,312.06851586646144,20.0,0.5416712499999999,0+1+2,0,valid_full_space,P=I3; no complementary spectrum,nan,NA,True
3.0,0.0,0.0204,1.0,312.06851586646144,20.0,0.5833375,0,-2,valid_numerical,target/complement separated on tested radial set and UV tail,0.4999999999999999,824.2538139929055,False
3.0,0.0,0.0204,1.0,312.06851586646144,20.0,0.5833375,1,0,valid_numerical,target/complement separated on tested radial set and UV tail,0.49999999999999983,824.2538139929055,False
3.0,0.0,0.0204,1.0,312.06851586646144,20.0,0.5833375,2,2,valid_numerical,target/complement separated on tested radial set and UV tail,0.49999999999999983,824.2538139929055,False
3.0,0.0,0.0204,1.0,312.06851586646144,20.0,0.5833375,0+1,-2,valid_numerical,target/complement separated on tested radial set and UV tail,0.49999999999999983,824.2538139929055,False
3.0,0.0,0.0204,1.0,312.06851586646144,20.0,0.5833375,0+2,0,valid_numerical,target/complement separated on tested radial set and UV tail,0.49999999999999983,824.2538139929055,False
3.0,0.0,0.0204,1.0,312.06851586646144,20.0,0.5833375,1+2,2,valid_numerical,target/complement separated on tested radial set and UV tail,0.4999999999999999,824.2538139929055,False
3.0,0.0,0.0204,1.0,312.06851586646144,20.0,0.5833375,0+1+2,0,valid_full_space,P=I3; no complementary spectrum,nan,NA,True
3.0,0.0,0.0204,1.0,312.06851586646144,20.0,0.62500375,0,-2,valid_numerical,target/complement separated on tested radial set and UV tail,0.5,788.373353868117,False
3.0,0.0,0.0204,1.0,312.06851586646144,20.0,0.62500375,1,0,valid_numerical,target/complement separated on tested radial set and UV tail,0.5,788.373353868117,False
3.0,0.0,0.0204,1.0,312.06851586646144,20.0,0.62500375,2,2,valid_numerical,target/complement separated on tested radial set and UV tail,0.5000000000000001,788.373353868117,False
3.0,0.0,0.0204,1.0,312.06851586646144,20.0,0.62500375,0+1,-2,valid_numerical,target/complement separated on tested radial set and UV tail,0.5000000000000001,788.373353868117,False
3.0,0.0,0.0204,1.0,312.06851586646144,20.0,0.62500375,0+2,0,valid_numerical,target/complement separated on tested radial set and UV tail,0.5,788.373353868117,False
3.0,0.0,0.0204,1.0,312.06851586646144,20.0,0.62500375,1+2,2,valid_numerical,target/complement separated on tested radial set and UV tail,0.5,788.373353868117,False
3.0,0.0,0.0204,1.0,312.06851586646144,20.0,0.62500375,0+1+2,0,valid_full_space,P=I3; no complementary spectrum,nan,NA,True
3.0,0.0,0.0204,1.0,312.06851586646144,20.0,0.66667,0,-2,valid_numerical,target/complement separated on tested radial set and UV tail,0.5,739.0038764793153,False
3.0,0.0,0.0204,1.0,312.06851586646144,20.0,0.66667,1,0,valid_numerical,target/complement separated on tested radial set and UV tail,0.49999999999999983,739.0038764793153,False
3.0,0.0,0.0204,1.0,312.06851586646144,20.0,0.66667,2,2,valid_numerical,target/complement separated on tested radial set and UV tail,0.49999999999999983,739.0038764793153,False
3.0,0.0,0.0204,1.0,312.06851586646144,20.0,0.66667,0+1,-2,valid_numerical,target/complement separated on tested radial set and UV tail,0.49999999999999983,739.0038764793153,False
3.0,0.0,0.0204,1.0,312.06851586646144,20.0,0.66667,0+2,0,valid_numerical,target/complement separated on tested radial set and UV tail,0.49999999999999983,739.0038764793153,False
3.0,0.0,0.0204,1.0,312.06851586646144,20.0,0.66667,1+2,2,valid_numerical,target/complement separated on tested radial set and UV tail,0.5,739.0038764793153,False
3.0,0.0,0.0204,1.0,312.06851586646144,20.0,0.66667,0+1+2,0,valid_full_space,P=I3; no complementary spectrum,nan,NA,True
3.0,0.0,0.0204,1.0,312.06851586646144,20.0,0.70833625,0,-2,valid_numerical,target/complement separated on tested radial set and UV tail,0.4999999999999999,676.9900904021335,False
3.0,0.0,0.0204,1.0,312.06851586646144,20.0,0.70833625,1,0,valid_numerical,target/complement separated on tested radial set and UV tail,0.4999999999999997,676.9900904021335,False
3.0,0.0,0.0204,1.0,312.06851586646144,20.0,0.70833625,2,2,valid_numerical,target/complement separated on tested radial set and UV tail,0.4999999999999997,676.9900904021335,False
3.0,0.0,0.0204,1.0,312.06851586646144,20.0,0.70833625,0+1,-2,valid_numerical,target/complement separated on tested radial set and UV tail,0.4999999999999997,676.9900904021335,False
3.0,0.0,0.0204,1.0,312.06851586646144,20.0,0.70833625,0+2,0,valid_numerical,target/complement separated on tested radial set and UV tail,0.4999999999999997,676.9900904021335,False
3.0,0.0,0.0204,1.0,312.06851586646144,20.0,0.70833625,1+2,2,valid_numerical,target/complement separated on tested radial set and UV tail,0.4999999999999999,676.9900904021335,False
3.0,0.0,0.0204,1.0,312.06851586646144,20.0,0.70833625,0+1+2,0,valid_full_space,P=I3; no complementary spectrum,nan,NA,True
3.0,0.0,0.0204,1.0,312.06851586646144,20.0,0.7500025,0,-2,valid_numerical,target/complement separated on tested radial set and UV tail,0.494652554880253,603.3930475187763,False
3.0,0.0,0.0204,1.0,312.06851586646144,20.0,0.7500025,1,0,valid_numerical,target/complement separated on tested radial set and UV tail,0.4946525548802526,603.3930475187763,False
3.0,0.0,0.0204,1.0,312.06851586646144,20.0,0.7500025,2,2,valid_numerical,target/complement separated on tested radial set and UV tail,0.4946525548802526,603.3930475187763,False
3.0,0.0,0.0204,1.0,312.06851586646144,20.0,0.7500025,0+1,-2,valid_numerical,target/complement separated on tested radial set and UV tail,0.4946525548802526,603.3930475187763,False
3.0,0.0,0.0204,1.0,312.06851586646144,20.0,0.7500025,0+2,0,valid_numerical,target/complement separated on tested radial set and UV tail,0.4946525548802526,603.3930475187763,False
3.0,0.0,0.0204,1.0,312.06851586646144,20.0,0.7500025,1+2,2,valid_numerical,target/complement separated on tested radial set and UV tail,0.494652554880253,603.3930475187763,False
3.0,0.0,0.0204,1.0,312.06851586646144,20.0,0.7500025,0+1+2,0,valid_full_space,P=I3; no complementary spectrum,nan,NA,True
3.0,0.0,0.0204,1.0,312.06851586646144,20.0,0.79166875,0,-2,valid_numerical,target/complement separated on tested radial set and UV tail,0.46428207386641523,519.4719884887144,False
3.0,0.0,0.0204,1.0,312.06851586646144,20.0,0.79166875,1,0,valid_numerical,target/complement separated on tested radial set and UV tail,0.46428207386641523,519.4719884887144,False
3.0,0.0,0.0204,1.0,312.06851586646144,20.0,0.79166875,2,2,valid_numerical,target/complement separated on tested radial set and UV tail,0.46428207386641523,519.4719884887144,False
3.0,0.0,0.0204,1.0,312.06851586646144,20.0,0.79166875,0+1,-2,valid_numerical,target/complement separated on tested radial set and UV tail,0.46428207386641523,519.4719884887144,False
3.0,0.0,0.0204,1.0,312.06851586646144,20.0,0.79166875,0+2,0,valid_numerical,target/complement separated on tested radial set and UV tail,0.46428207386641523,519.4719884887144,False
3.0,0.0,0.0204,1.0,312.06851586646144,20.0,0.79166875,1+2,2,valid_numerical,target/complement separated on tested radial set and UV tail,0.46428207386641523,519.4719884887144,False
3.0,0.0,0.0204,1.0,312.06851586646144,20.0,0.79166875,0+1+2,0,valid_full_space,P=I3; no complementary spectrum,nan,NA,True
3.0,0.0,0.0204,1.0,312.06851586646144,20.0,0.833335,0,-2,valid_numerical,target/complement separated on tested radial set and UV tail,0.4071407026240445,426.66279722217445,False
3.0,0.0,0.0204,1.0,312.06851586646144,20.0,0.833335,1,0,valid_numerical,target/complement separated on tested radial set and UV tail,0.4071407026240445,426.66279722217445,False
3.0,0.0,0.0204,1.0,312.06851586646144,20.0,0.833335,2,2,valid_numerical,target/complement separated on tested radial set and UV tail,0.4071407026240446,426.66279722217445,False
3.0,0.0,0.0204,1.0,312.06851586646144,20.0,0.833335,0+1,-2,valid_numerical,target/complement separated on tested radial set and UV tail,0.4071407026240446,426.66279722217445,False
3.0,0.0,0.0204,1.0,312.06851586646144,20.0,0.833335,0+2,0,valid_numerical,target/complement separated on tested radial set and UV tail,0.4071407026240445,426.66279722217445,False
3.0,0.0,0.0204,1.0,312.06851586646144,20.0,0.833335,1+2,2,valid_numerical,target/complement separated on tested radial set and UV tail,0.4071407026240445,426.66279722217445,False
3.0,0.0,0.0204,1.0,312.06851586646144,20.0,0.833335,0+1+2,0,valid_full_space,P=I3; no complementary spectrum,nan,NA,True
3.0,0.0,0.0204,1.0,312.06851586646144,20.0,0.87500125,0,-2,valid_numerical,target/complement separated on tested radial set and UV tail,0.32237827933565233,326.55343299899647,False
3.0,0.0,0.0204,1.0,312.06851586646144,20.0,0.87500125,1,0,valid_numerical,target/complement separated on tested radial set and UV tail,0.32237827933565233,326.55343299899647,False
3.0,0.0,0.0204,1.0,312.06851586646144,20.0,0.87500125,2,2,valid_numerical,target/complement separated on tested radial set and UV tail,0.32237827933565255,326.55343299899647,False
3.0,0.0,0.0204,1.0,312.06851586646144,20.0,0.87500125,0+1,-2,valid_numerical,target/complement separated on tested radial set and UV tail,0.32237827933565255,326.55343299899647,False
3.0,0.0,0.0204,1.0,312.06851586646144,20.0,0.87500125,0+2,0,valid_numerical,target/complement separated on tested radial set and UV tail,0.32237827933565233,326.55343299899647,False
3.0,0.0,0.0204,1.0,312.06851586646144,20.0,0.87500125,1+2,2,valid_numerical,target/complement separated on tested radial set and UV tail,0.32237827933565233,326.55343299899647,False
3.0,0.0,0.0204,1.0,312.06851586646144,20.0,0.87500125,0+1+2,0,valid_full_space,P=I3; no complementary spectrum,nan,NA,True
3.0,0.0,0.0204,1.0,312.06851586646144,20.0,0.9166675,0,-2,valid_numerical,target/complement separated on tested radial set and UV tail,0.19874225029636466,220.85676058771978,False
3.0,0.0,0.0204,1.0,312.06851586646144,20.0,0.9166675,1,0,valid_numerical,target/complement separated on tested radial set and UV tail,0.19874225029636466,220.85676058771978,False
3.0,0.0,0.0204,1.0,312.06851586646144,20.0,0.9166675,2,2,valid_numerical,target/complement separated on tested radial set and UV tail,0.19874225029636486,220.85676058771978,False
3.0,0.0,0.0204,1.0,312.06851586646144,20.0,0.9166675,0+1,-2,valid_numerical,target/complement separated on tested radial set and UV tail,0.19874225029636486,220.85676058771978,False
3.0,0.0,0.0204,1.0,312.06851586646144,20.0,0.9166675,0+2,0,valid_numerical,target/complement separated on tested radial set and UV tail,0.19874225029636466,220.85676058771978,False
3.0,0.0,0.0204,1.0,312.06851586646144,20.0,0.9166675,1+2,2,valid_numerical,target/complement separated on tested radial set and UV tail,0.19874225029636466,220.85676058771978,False
3.0,0.0,0.0204,1.0,312.06851586646144,20.0,0.9166675,0+1+2,0,valid_full_space,P=I3; no complementary spectrum,nan,NA,True
3.0,0.0,0.0204,1.0,312.06851586646144,20.0,0.95833375,0,NA,invalid_target_complement_gap,target_complement_gap_below_tolerance,7.450537451782649e-09,111.381243239809,False
3.0,0.0,0.0204,1.0,312.06851586646144,20.0,0.95833375,1,NA,invalid_target_complement_gap,target_complement_gap_below_tolerance,7.691809706241865e-08,111.381243239809,False
3.0,0.0,0.0204,1.0,312.06851586646144,20.0,0.95833375,2,NA,invalid_target_complement_gap,target_complement_gap_below_tolerance,7.450537451782649e-09,111.381243239809,False
3.0,0.0,0.0204,1.0,312.06851586646144,20.0,0.95833375,0+1,NA,invalid_target_complement_gap,target_complement_gap_below_tolerance,7.450537451782649e-09,111.381243239809,False
3.0,0.0,0.0204,1.0,312.06851586646144,20.0,0.95833375,0+2,NA,invalid_target_complement_gap,target_complement_gap_below_tolerance,7.691809706241865e-08,111.381243239809,False
3.0,0.0,0.0204,1.0,312.06851586646144,20.0,0.95833375,1+2,NA,invalid_target_complement_gap,target_complement_gap_below_tolerance,7.450537451782649e-09,111.381243239809,False
3.0,0.0,0.0204,1.0,312.06851586646144,20.0,0.95833375,0+1+2,0,valid_full_space,P=I3; no complementary spectrum,nan,NA,True
3.0,0.0,0.0204,1.0,312.06851586646144,20.0,0.97,0,NA,invalid_target_complement_gap,target_complement_gap_below_tolerance,6.2671577666861055e-09,80.30576069846558,False
3.0,0.0,0.0204,1.0,312.06851586646144,20.0,0.97,1,NA,invalid_target_complement_gap,target_complement_gap_below_tolerance,4.5749565724035326e-08,80.30576069846558,False
3.0,0.0,0.0204,1.0,312.06851586646144,20.0,0.97,2,NA,invalid_target_complement_gap,target_complement_gap_below_tolerance,6.2671577666861055e-09,80.30576069846558,False
3.0,0.0,0.0204,1.0,312.06851586646144,20.0,0.97,0+1,NA,invalid_target_complement_gap,target_complement_gap_below_tolerance,6.2671577666861055e-09,80.30576069846558,False
3.0,0.0,0.0204,1.0,312.06851586646144,20.0,0.97,0+2,NA,invalid_target_complement_gap,target_complement_gap_below_tolerance,4.5749565724035326e-08,80.30576069846558,False
3.0,0.0,0.0204,1.0,312.06851586646144,20.0,0.97,1+2,NA,invalid_target_complement_gap,target_complement_gap_below_tolerance,6.2671577666861055e-09,80.30576069846558,False
3.0,0.0,0.0204,1.0,312.06851586646144,20.0,0.97,0+1+2,0,valid_full_space,P=I3; no complementary spectrum,nan,NA,True
3.0,0.0,0.0204,1.0,312.06851586646144,20.0,0.975,0,NA,invalid_target_complement_gap,target_complement_gap_below_tolerance,1.3010352938808368e-08,66.95176168776112,False
3.0,0.0,0.0204,1.0,312.06851586646144,20.0,0.975,1,NA,invalid_target_complement_gap,target_complement_gap_below_tolerance,6.452238869314585e-08,66.95176168776112,False
3.0,0.0,0.0204,1.0,312.06851586646144,20.0,0.975,2,NA,invalid_target_complement_gap,target_complement_gap_below_tolerance,1.3010352938808368e-08,66.95176168776112,False
3.0,0.0,0.0204,1.0,312.06851586646144,20.0,0.975,0+1,NA,invalid_target_complement_gap,target_complement_gap_below_tolerance,1.3010352938808368e-08,66.95176168776112,False
3.0,0.0,0.0204,1.0,312.06851586646144,20.0,0.975,0+2,NA,invalid_target_complement_gap,target_complement_gap_below_tolerance,6.452238869314585e-08,66.95176168776112,False
3.0,0.0,0.0204,1.0,312.06851586646144,20.0,0.975,1+2,NA,invalid_target_complement_gap,target_complement_gap_below_tolerance,1.3010352938808368e-08,66.95176168776112,False
3.0,0.0,0.0204,1.0,312.06851586646144,20.0,0.975,0+1+2,0,valid_full_space,P=I3; no complementary spectrum,nan,NA,True
3.0,0.0,0.0204,1.0,312.06851586646144,20.0,0.98,0,NA,invalid_target_complement_gap,target_complement_gap_below_tolerance,9.74790434260311e-09,64.0,False
3.0,0.0,0.0204,1.0,312.06851586646144,20.0,0.98,1,0,valid_numerical,target/complement separated on tested radial set and UV tail,0.1454871960242002,64.0,False
3.0,0.0,0.0204,1.0,312.06851586646144,20.0,0.98,2,NA,invalid_target_complement_gap,target_complement_gap_below_tolerance,9.74790434260311e-09,64.0,False
3.0,0.0,0.0204,1.0,312.06851586646144,20.0,0.98,0+1,NA,invalid_target_complement_gap,target_complement_gap_below_tolerance,9.74790434260311e-09,64.0,False
3.0,0.0,0.0204,1.0,312.06851586646144,20.0,0.98,0+2,0,valid_numerical,target/complement separated on tested radial set and UV tail,0.1454871960242002,64.0,False
3.0,0.0,0.0204,1.0,312.06851586646144,20.0,0.98,1+2,NA,invalid_target_complement_gap,target_complement_gap_below_tolerance,9.74790434260311e-09,64.0,False
3.0,0.0,0.0204,1.0,312.06851586646144,20.0,0.98,0+1+2,0,valid_full_space,P=I3; no complementary spectrum,nan,NA,True
3.0,0.0,0.0204,1.0,312.06851586646144,20.0,0.99,0,NA,invalid_target_complement_gap,target_complement_gap_below_tolerance,4.639142815720715e-09,32.0,False
3.0,0.0,0.0204,1.0,312.06851586646144,20.0,0.99,1,0,valid_numerical,target/complement separated on tested radial set and UV tail,0.34244877482404545,32.0,False
3.0,0.0,0.0204,1.0,312.06851586646144,20.0,0.99,2,NA,invalid_target_complement_gap,target_complement_gap_below_tolerance,4.639142815720715e-09,32.0,False
3.0,0.0,0.0204,1.0,312.06851586646144,20.0,0.99,0+1,NA,invalid_target_complement_gap,target_complement_gap_below_tolerance,4.639142815720715e-09,32.0,False
3.0,0.0,0.0204,1.0,312.06851586646144,20.0,0.99,0+2,0,valid_numerical,target/complement separated on tested radial set and UV tail,0.34244877482404545,32.0,False
3.0,0.0,0.0204,1.0,312.06851586646144,20.0,0.99,1+2,NA,invalid_target_complement_gap,target_complement_gap_below_tolerance,4.639142815720715e-09,32.0,False
3.0,0.0,0.0204,1.0,312.06851586646144,20.0,0.99,0+1+2,0,valid_full_space,P=I3; no complementary spectrum,nan,NA,True
3.0,0.0,0.0204,1.0,312.06851586646144,20.0,1.0,0,NA,invalid,singular_or_unresolved_closure: D0 is zero within relative tolerance,nan,NA,False
3.0,0.0,0.0204,1.0,312.06851586646144,20.0,1.0,1,NA,invalid,singular_or_unresolved_closure: D0 is zero within relative tolerance,nan,NA,False
3.0,0.0,0.0204,1.0,312.06851586646144,20.0,1.0,2,NA,invalid,singular_or_unresolved_closure: D0 is zero within relative tolerance,nan,NA,False
3.0,0.0,0.0204,1.0,312.06851586646144,20.0,1.0,0+1,NA,invalid,singular_or_unresolved_closure: D0 is zero within relative tolerance,nan,NA,False
3.0,0.0,0.0204,1.0,312.06851586646144,20.0,1.0,0+2,NA,invalid,singular_or_unresolved_closure: D0 is zero within relative tolerance,nan,NA,False
3.0,0.0,0.0204,1.0,312.06851586646144,20.0,1.0,1+2,NA,invalid,singular_or_unresolved_closure: D0 is zero within relative tolerance,nan,NA,False
3.0,0.0,0.0204,1.0,312.06851586646144,20.0,1.0,0+1+2,NA,invalid,singular_or_unresolved_closure: D0 is zero within relative tolerance,nan,NA,False
3.0,0.0,0.0204,1.0,468.10277379969216,30.0,0.0,0,NA,invalid,singular_or_unresolved_closure: D0 is zero within relative tolerance,nan,NA,False
3.0,0.0,0.0204,1.0,468.10277379969216,30.0,0.0,1,NA,invalid,singular_or_unresolved_closure: D0 is zero within relative tolerance,nan,NA,False
3.0,0.0,0.0204,1.0,468.10277379969216,30.0,0.0,2,NA,invalid,singular_or_unresolved_closure: D0 is zero within relative tolerance,nan,NA,False
3.0,0.0,0.0204,1.0,468.10277379969216,30.0,0.0,0+1,NA,invalid,singular_or_unresolved_closure: D0 is zero within relative tolerance,nan,NA,False
3.0,0.0,0.0204,1.0,468.10277379969216,30.0,0.0,0+2,NA,invalid,singular_or_unresolved_closure: D0 is zero within relative tolerance,nan,NA,False
3.0,0.0,0.0204,1.0,468.10277379969216,30.0,0.0,1+2,NA,invalid,singular_or_unresolved_closure: D0 is zero within relative tolerance,nan,NA,False
3.0,0.0,0.0204,1.0,468.10277379969216,30.0,0.0,0+1+2,NA,invalid,singular_or_unresolved_closure: D0 is zero within relative tolerance,nan,NA,False
3.0,0.0,0.0204,1.0,468.10277379969216,30.0,1e-05,0,NA,invalid_target_complement_gap,target_complement_gap_below_tolerance,3.947842171688384e-09,1.0,False
3.0,0.0,0.0204,1.0,468.10277379969216,30.0,1e-05,1,0,valid_numerical,target/complement separated on tested radial set and UV tail,0.4999990207195541,1.0,False
3.0,0.0,0.0204,1.0,468.10277379969216,30.0,1e-05,2,NA,invalid_target_complement_gap,target_complement_gap_below_tolerance,3.947842171688384e-09,1.0,False
3.0,0.0,0.0204,1.0,468.10277379969216,30.0,1e-05,0+1,NA,invalid_target_complement_gap,target_complement_gap_below_tolerance,3.947842171688384e-09,1.0,False
3.0,0.0,0.0204,1.0,468.10277379969216,30.0,1e-05,0+2,0,valid_numerical,target/complement separated on tested radial set and UV tail,0.4999990207195541,1.0,False
3.0,0.0,0.0204,1.0,468.10277379969216,30.0,1e-05,1+2,NA,invalid_target_complement_gap,target_complement_gap_below_tolerance,3.947842171688384e-09,1.0,False
3.0,0.0,0.0204,1.0,468.10277379969216,30.0,1e-05,0+1+2,0,valid_full_space,P=I3; no complementary spectrum,nan,NA,True
3.0,0.0,0.0204,1.0,468.10277379969216,30.0,0.01,0,NA,invalid_target_complement_gap,target_complement_gap_below_tolerance,5.84920365029555e-09,32.0,False
3.0,0.0,0.0204,1.0,468.10277379969216,30.0,0.01,1,0,valid_numerical,target/complement separated on tested radial set and UV tail,0.24025390307019048,32.0,False
3.0,0.0,0.0204,1.0,468.10277379969216,30.0,0.01,2,NA,invalid_target_complement_gap,target_complement_gap_below_tolerance,5.84920365029555e-09,32.0,False
3.0,0.0,0.0204,1.0,468.10277379969216,30.0,0.01,0+1,NA,invalid_target_complement_gap,target_complement_gap_below_tolerance,5.84920365029555e-09,32.0,False
3.0,0.0,0.0204,1.0,468.10277379969216,30.0,0.01,0+2,0,valid_numerical,target/complement separated on tested radial set and UV tail,0.24025390307019048,32.0,False
3.0,0.0,0.0204,1.0,468.10277379969216,30.0,0.01,1+2,NA,invalid_target_complement_gap,target_complement_gap_below_tolerance,5.84920365029555e-09,32.0,False
3.0,0.0,0.0204,1.0,468.10277379969216,30.0,0.01,0+1+2,0,valid_full_space,P=I3; no complementary spectrum,nan,NA,True
3.0,0.0,0.0204,1.0,468.10277379969216,30.0,0.02,0,NA,invalid_target_complement_gap,target_complement_gap_below_tolerance,1.1879701678236409e-08,80.37186499752112,False
3.0,0.0,0.0204,1.0,468.10277379969216,30.0,0.02,1,NA,invalid_target_complement_gap,target_complement_gap_below_tolerance,1.0005020679182336e-07,80.37186499752112,False
3.0,0.0,0.0204,1.0,468.10277379969216,30.0,0.02,2,NA,invalid_target_complement_gap,target_complement_gap_below_tolerance,1.1879701678236409e-08,80.37186499752112,False
3.0,0.0,0.0204,1.0,468.10277379969216,30.0,0.02,0+1,NA,invalid_target_complement_gap,target_complement_gap_below_tolerance,1.1879701678236409e-08,80.37186499752112,False
3.0,0.0,0.0204,1.0,468.10277379969216,30.0,0.02,0+2,NA,invalid_target_complement_gap,target_complement_gap_below_tolerance,1.0005020679182336e-07,80.37186499752112,False
3.0,0.0,0.0204,1.0,468.10277379969216,30.0,0.02,1+2,NA,invalid_target_complement_gap,target_complement_gap_below_tolerance,1.1879701678236409e-08,80.37186499752112,False
3.0,0.0,0.0204,1.0,468.10277379969216,30.0,0.02,0+1+2,0,valid_full_space,P=I3; no complementary spectrum,nan,NA,True
3.0,0.0,0.0204,1.0,468.10277379969216,30.0,0.025,0,NA,invalid_target_complement_gap,target_complement_gap_below_tolerance,8.196891218050647e-09,100.42764253164152,False
3.0,0.0,0.0204,1.0,468.10277379969216,30.0,0.025,1,NA,invalid_target_complement_gap,target_complement_gap_below_tolerance,5.975014768089577e-08,100.42764253164152,False
3.0,0.0,0.0204,1.0,468.10277379969216,30.0,0.025,2,NA,invalid_target_complement_gap,target_complement_gap_below_tolerance,8.196891218050647e-09,100.42764253164152,False
3.0,0.0,0.0204,1.0,468.10277379969216,30.0,0.025,0+1,NA,invalid_target_complement_gap,target_complement_gap_below_tolerance,8.196891218050647e-09,100.42764253164152,False
3.0,0.0,0.0204,1.0,468.10277379969216,30.0,0.025,0+2,NA,invalid_target_complement_gap,target_complement_gap_below_tolerance,5.975014768089577e-08,100.42764253164152,False
3.0,0.0,0.0204,1.0,468.10277379969216,30.0,0.025,1+2,NA,invalid_target_complement_gap,target_complement_gap_below_tolerance,8.196891218050647e-09,100.42764253164152,False
3.0,0.0,0.0204,1.0,468.10277379969216,30.0,0.025,0+1+2,0,valid_full_space,P=I3; no complementary spectrum,nan,NA,True
3.0,0.0,0.0204,1.0,468.10277379969216,30.0,0.03,0,NA,invalid_target_complement_gap,target_complement_gap_below_tolerance,1.1718658409591661e-08,120.45864104769832,False
3.0,0.0,0.0204,1.0,468.10277379969216,30.0,0.03,1,NA,invalid_target_complement_gap,target_complement_gap_below_tolerance,1.9397989532379827e-08,120.45864104769832,False
3.0,0.0,0.0204,1.0,468.10277379969216,30.0,0.03,2,NA,invalid_target_complement_gap,target_complement_gap_below_tolerance,1.1718658409591661e-08,120.45864104769832,False
3.0,0.0,0.0204,1.0,468.10277379969216,30.0,0.03,0+1,NA,invalid_target_complement_gap,target_complement_gap_below_tolerance,1.1718658409591661e-08,120.45864104769832,False
3.0,0.0,0.0204,1.0,468.10277379969216,30.0,0.03,0+2,NA,invalid_target_complement_gap,target_complement_gap_below_tolerance,1.9397989532379827e-08,120.45864104769832,False
3.0,0.0,0.0204,1.0,468.10277379969216,30.0,0.03,1+2,NA,invalid_target_complement_gap,target_complement_gap_below_tolerance,1.1718658409591661e-08,120.45864104769832,False
3.0,0.0,0.0204,1.0,468.10277379969216,30.0,0.03,0+1+2,0,valid_full_space,P=I3; no complementary spectrum,nan,NA,True
3.0,0.0,0.0204,1.0,468.10277379969216,30.0,0.041676250000000005,0,-2,valid_numerical,target/complement separated on tested radial set and UV tail,0.019448884267561233,167.11173314756024,False
3.0,0.0,0.0204,1.0,468.10277379969216,30.0,0.041676250000000005,1,0,valid_numerical,target/complement separated on tested radial set and UV tail,0.01944888426755622,167.11173314756024,False
3.0,0.0,0.0204,1.0,468.10277379969216,30.0,0.041676250000000005,2,2,valid_numerical,target/complement separated on tested radial set and UV tail,0.01944888426755622,167.11173314756024,False
3.0,0.0,0.0204,1.0,468.10277379969216,30.0,0.041676250000000005,0+1,-2,valid_numerical,target/complement separated on tested radial set and UV tail,0.01944888426755622,167.11173314756024,False
3.0,0.0,0.0204,1.0,468.10277379969216,30.0,0.041676250000000005,0+2,0,valid_numerical,target/complement separated on tested radial set and UV tail,0.01944888426755622,167.11173314756024,False
3.0,0.0,0.0204,1.0,468.10277379969216,30.0,0.041676250000000005,1+2,2,valid_numerical,target/complement separated on tested radial set and UV tail,0.019448884267561233,167.11173314756024,False
3.0,0.0,0.0204,1.0,468.10277379969216,30.0,0.041676250000000005,0+1+2,0,valid_full_space,P=I3; no complementary spectrum,nan,NA,True
3.0,0.0,0.0204,1.0,468.10277379969216,30.0,0.0833425,0,-2,valid_numerical,target/complement separated on tested radial set and UV tail,0.23598207424152823,331.3239829274789,False
3.0,0.0,0.0204,1.0,468.10277379969216,30.0,0.0833425,1,0,valid_numerical,target/complement separated on tested radial set and UV tail,0.23598207424152814,331.3239829274789,False
3.0,0.0,0.0204,1.0,468.10277379969216,30.0,0.0833425,2,2,valid_numerical,target/complement separated on tested radial set and UV tail,0.23598207424152814,331.3239829274789,False
3.0,0.0,0.0204,1.0,468.10277379969216,30.0,0.0833425,0+1,-2,valid_numerical,target/complement separated on tested radial set and UV tail,0.23598207424152814,331.3239829274789,False
3.0,0.0,0.0204,1.0,468.10277379969216,30.0,0.0833425,0+2,0,valid_numerical,target/complement separated on tested radial set and UV tail,0.23598207424152814,331.3239829274789,False
3.0,0.0,0.0204,1.0,468.10277379969216,30.0,0.0833425,1+2,2,valid_numerical,target/complement separated on tested radial set and UV tail,0.23598207424152823,331.3239829274789,False
3.0,0.0,0.0204,1.0,468.10277379969216,30.0,0.0833425,0+1+2,0,valid_full_space,P=I3; no complementary spectrum,nan,NA,True
3.0,0.0,0.0204,1.0,468.10277379969216,30.0,0.12500875,0,-2,valid_numerical,target/complement separated on tested radial set and UV tail,0.34264437692258043,489.867300717545,False
3.0,0.0,0.0204,1.0,468.10277379969216,30.0,0.12500875,1,0,valid_numerical,target/complement separated on tested radial set and UV tail,0.3426443769225803,489.867300717545,False
3.0,0.0,0.0204,1.0,468.10277379969216,30.0,0.12500875,2,2,valid_numerical,target/complement separated on tested radial set and UV tail,0.3426443769225803,489.867300717545,False
3.0,0.0,0.0204,1.0,468.10277379969216,30.0,0.12500875,0+1,-2,valid_numerical,target/complement separated on tested radial set and UV tail,0.3426443769225803,489.867300717545,False
3.0,0.0,0.0204,1.0,468.10277379969216,30.0,0.12500875,0+2,0,valid_numerical,target/complement separated on tested radial set and UV tail,0.3426443769225803,489.867300717545,False
3.0,0.0,0.0204,1.0,468.10277379969216,30.0,0.12500875,1+2,2,valid_numerical,target/complement separated on tested radial set and UV tail,0.34264437692258043,489.867300717545,False
3.0,0.0,0.0204,1.0,468.10277379969216,30.0,0.12500875,0+1+2,0,valid_full_space,P=I3; no complementary spectrum,nan,NA,True
3.0,0.0,0.0204,1.0,468.10277379969216,30.0,0.16667500000000002,0,-2,valid_numerical,target/complement separated on tested radial set and UV tail,0.4214044029211415,640.0290205704999,False
3.0,0.0,0.0204,1.0,468.10277379969216,30.0,0.16667500000000002,1,0,valid_numerical,target/complement separated on tested radial set and UV tail,0.4214044029211414,640.0290205704999,False
3.0,0.0,0.0204,1.0,468.10277379969216,30.0,0.16667500000000002,2,2,valid_numerical,target/complement separated on tested radial set and UV tail,0.4214044029211414,640.0290205704999,False
3.0,0.0,0.0204,1.0,468.10277379969216,30.0,0.16667500000000002,0+1,-2,valid_numerical,target/complement separated on tested radial set and UV tail,0.4214044029211414,640.0290205704999,False
3.0,0.0,0.0204,1.0,468.10277379969216,30.0,0.16667500000000002,0+2,0,valid_numerical,target/complement separated on tested radial set and UV tail,0.4214044029211414,640.0290205704999,False
3.0,0.0,0.0204,1.0,468.10277379969216,30.0,0.16667500000000002,1+2,2,valid_numerical,target/complement separated on tested radial set and UV tail,0.4214044029211415,640.0290205704999,False
3.0,0.0,0.0204,1.0,468.10277379969216,30.0,0.16667500000000002,0+1+2,0,valid_full_space,P=I3; no complementary spectrum,nan,NA,True
3.0,0.0,0.0204,1.0,468.10277379969216,30.0,0.20834125000000003,0,-2,valid_numerical,target/complement separated on tested radial set and UV tail,0.47407868300876754,779.2398851394886,False
3.0,0.0,0.0204,1.0,468.10277379969216,30.0,0.20834125000000003,1,0,valid_numerical,target/complement separated on tested radial set and UV tail,0.47407868300876754,779.2398851394886,False
3.0,0.0,0.0204,1.0,468.10277379969216,30.0,0.20834125000000003,2,2,valid_numerical,target/complement separated on tested radial set and UV tail,0.47407868300876754,779.2398851394886,False
3.0,0.0,0.0204,1.0,468.10277379969216,30.0,0.20834125000000003,0+1,-2,valid_numerical,target/complement separated on tested radial set and UV tail,0.47407868300876754,779.2398851394886,False
3.0,0.0,0.0204,1.0,468.10277379969216,30.0,0.20834125000000003,0+2,0,valid_numerical,target/complement separated on tested radial set and UV tail,0.47407868300876754,779.2398851394886,False
3.0,0.0,0.0204,1.0,468.10277379969216,30.0,0.20834125000000003,1+2,2,valid_numerical,target/complement separated on tested radial set and UV tail,0.47407868300876754,779.2398851394886,False
3.0,0.0,0.0204,1.0,468.10277379969216,30.0,0.20834125000000003,0+1+2,0,valid_full_space,P=I3; no complementary spectrum,nan,NA,True
3.0,0.0,0.0204,1.0,468.10277379969216,30.0,0.2500075,0,-2,valid_numerical,target/complement separated on tested radial set and UV tail,0.49840847935322613,905.1180055056429,False
3.0,0.0,0.0204,1.0,468.10277379969216,30.0,0.2500075,1,0,valid_numerical,target/complement separated on tested radial set and UV tail,0.49840847935322613,905.1180055056429,False
3.0,0.0,0.0204,1.0,468.10277379969216,30.0,0.2500075,2,2,valid_numerical,target/complement separated on tested radial set and UV tail,0.49840847935322613,905.1180055056429,False
3.0,0.0,0.0204,1.0,468.10277379969216,30.0,0.2500075,0+1,-2,valid_numerical,target/complement separated on tested radial set and UV tail,0.49840847935322613,905.1180055056429,False
3.0,0.0,0.0204,1.0,468.10277379969216,30.0,0.2500075,0+2,0,valid_numerical,target/complement separated on tested radial set and UV tail,0.49840847935322613,905.1180055056429,False
3.0,0.0,0.0204,1.0,468.10277379969216,30.0,0.2500075,1+2,2,valid_numerical,target/complement separated on tested radial set and UV tail,0.49840847935322613,905.1180055056429,False
3.0,0.0,0.0204,1.0,468.10277379969216,30.0,0.2500075,0+1+2,0,valid_full_space,P=I3; no complementary spectrum,nan,NA,True
3.0,0.0,0.0204,1.0,468.10277379969216,30.0,0.29167375,0,-2,valid_numerical,target/complement separated on tested radial set and UV tail,0.5,1015.5096151439409,False
3.0,0.0,0.0204,1.0,468.10277379969216,30.0,0.29167375,1,0,valid_numerical,target/complement separated on tested radial set and UV tail,0.4999999999999999,1015.5096151439409,False
3.0,0.0,0.0204,1.0,468.10277379969216,30.0,0.29167375,2,2,valid_numerical,target/complement separated on tested radial set and UV tail,0.4999999999999999,1015.5096151439409,False
3.0,0.0,0.0204,1.0,468.10277379969216,30.0,0.29167375,0+1,-2,valid_numerical,target/complement separated on tested radial set and UV tail,0.4999999999999999,1015.5096151439409,False
3.0,0.0,0.0204,1.0,468.10277379969216,30.0,0.29167375,0+2,0,valid_numerical,target/complement separated on tested radial set and UV tail,0.4999999999999999,1015.5096151439409,False
3.0,0.0,0.0204,1.0,468.10277379969216,30.0,0.29167375,1+2,2,valid_numerical,target/complement separated on tested radial set and UV tail,0.5,1015.5096151439409,False
3.0,0.0,0.0204,1.0,468.10277379969216,30.0,0.29167375,0+1+2,0,valid_full_space,P=I3; no complementary spectrum,nan,NA,True
3.0,0.0,0.0204,1.0,468.10277379969216,30.0,0.33334,0,-2,valid_numerical,target/complement separated on tested radial set and UV tail,0.5,1108.525920729612,False
3.0,0.0,0.0204,1.0,468.10277379969216,30.0,0.33334,1,0,valid_numerical,target/complement separated on tested radial set and UV tail,0.4999999999999998,1108.525920729612,False
3.0,0.0,0.0204,1.0,468.10277379969216,30.0,0.33334,2,2,valid_numerical,target/complement separated on tested radial set and UV tail,0.4999999999999998,1108.525920729612,False
3.0,0.0,0.0204,1.0,468.10277379969216,30.0,0.33334,0+1,-2,valid_numerical,target/complement separated on tested radial set and UV tail,0.4999999999999998,1108.525920729612,False
3.0,0.0,0.0204,1.0,468.10277379969216,30.0,0.33334,0+2,0,valid_numerical,target/complement separated on tested radial set and UV tail,0.4999999999999998,1108.525920729612,False
3.0,0.0,0.0204,1.0,468.10277379969216,30.0,0.33334,1+2,2,valid_numerical,target/complement separated on tested radial set and UV tail,0.5,1108.525920729612,False
3.0,0.0,0.0204,1.0,468.10277379969216,30.0,0.33334,0+1+2,0,valid_full_space,P=I3; no complementary spectrum,nan,NA,True
3.0,0.0,0.0204,1.0,468.10277379969216,30.0,0.37500625000000004,0,-2,valid_numerical,target/complement separated on tested radial set and UV tail,0.49999999999999994,1182.5754192701663,False
3.0,0.0,0.0204,1.0,468.10277379969216,30.0,0.37500625000000004,1,0,valid_numerical,target/complement separated on tested radial set and UV tail,0.49999999999999994,1182.5754192701663,False
3.0,0.0,0.0204,1.0,468.10277379969216,30.0,0.37500625000000004,2,2,valid_numerical,target/complement separated on tested radial set and UV tail,0.5000000000000001,1182.5754192701663,False
3.0,0.0,0.0204,1.0,468.10277379969216,30.0,0.37500625000000004,0+1,-2,valid_numerical,target/complement separated on tested radial set and UV tail,0.5000000000000001,1182.5754192701663,False
3.0,0.0,0.0204,1.0,468.10277379969216,30.0,0.37500625000000004,0+2,0,valid_numerical,target/complement separated on tested radial set and UV tail,0.49999999999999994,1182.5754192701663,False
3.0,0.0,0.0204,1.0,468.10277379969216,30.0,0.37500625000000004,1+2,2,valid_numerical,target/complement separated on tested radial set and UV tail,0.49999999999999994,1182.5754192701663,False
3.0,0.0,0.0204,1.0,468.10277379969216,30.0,0.37500625000000004,0+1+2,0,valid_full_space,P=I3; no complementary spectrum,nan,NA,True
3.0,0.0,0.0204,1.0,468.10277379969216,30.0,0.41667250000000006,0,-2,valid_numerical,target/complement separated on tested radial set and UV tail,0.5,1236.3911286190062,False
3.0,0.0,0.0204,1.0,468.10277379969216,30.0,0.41667250000000006,1,0,valid_numerical,target/complement separated on tested radial set and UV tail,0.4999999999999999,1236.3911286190062,False
3.0,0.0,0.0204,1.0,468.10277379969216,30.0,0.41667250000000006,2,2,valid_numerical,target/complement separated on tested radial set and UV tail,0.4999999999999999,1236.3911286190062,False
3.0,0.0,0.0204,1.0,468.10277379969216,30.0,0.41667250000000006,0+1,-2,valid_numerical,target/complement separated on tested radial set and UV tail,0.4999999999999999,1236.3911286190062,False
3.0,0.0,0.0204,1.0,468.10277379969216,30.0,0.41667250000000006,0+2,0,valid_numerical,target/complement separated on tested radial set and UV tail,0.4999999999999999,1236.3911286190062,False
3.0,0.0,0.0204,1.0,468.10277379969216,30.0,0.41667250000000006,1+2,2,valid_numerical,target/complement separated on tested radial set and UV tail,0.5,1236.3911286190062,False
3.0,0.0,0.0204,1.0,468.10277379969216,30.0,0.41667250000000006,0+1+2,0,valid_full_space,P=I3; no complementary spectrum,nan,NA,True
3.0,0.0,0.0204,1.0,468.10277379969216,30.0,0.45833875,0,-2,valid_numerical,target/complement separated on tested radial set and UV tail,0.4999999999999999,1269.0522654582776,False
3.0,0.0,0.0204,1.0,468.10277379969216,30.0,0.45833875,1,0,valid_numerical,target/complement separated on tested radial set and UV tail,0.4999999999999999,1269.0522654582776,False
3.0,0.0,0.0204,1.0,468.10277379969216,30.0,0.45833875,2,2,valid_numerical,target/complement separated on tested radial set and UV tail,0.5000000000000001,1269.0522654582776,False
3.0,0.0,0.0204,1.0,468.10277379969216,30.0,0.45833875,0+1,-2,valid_numerical,target/complement separated on tested radial set and UV tail,0.5000000000000001,1269.0522654582776,False
3.0,0.0,0.0204,1.0,468.10277379969216,30.0,0.45833875,0+2,0,valid_numerical,target/complement separated on tested radial set and UV tail,0.4999999999999999,1269.0522654582776,False
3.0,0.0,0.0204,1.0,468.10277379969216,30.0,0.45833875,1+2,2,valid_numerical,target/complement separated on tested radial set and UV tail,0.4999999999999999,1269.0522654582776,False
3.0,0.0,0.0204,1.0,468.10277379969216,30.0,0.45833875,0+1+2,0,valid_full_space,P=I3; no complementary spectrum,nan,NA,True
3.0,0.0,0.0204,1.0,468.10277379969216,30.0,0.500005,0,-2,valid_numerical,target/complement separated on tested radial set and UV tail,0.4999999999999999,1279.9999998420863,False
3.0,0.0,0.0204,1.0,468.10277379969216,30.0,0.500005,1,0,valid_numerical,target/complement separated on tested radial set and UV tail,0.49999999999999983,1279.9999998420863,False
3.0,0.0,0.0204,1.0,468.10277379969216,30.0,0.500005,2,2,valid_numerical,target/complement separated on tested radial set and UV tail,0.49999999999999983,1279.9999998420863,False
3.0,0.0,0.0204,1.0,468.10277379969216,30.0,0.500005,0+1,-2,valid_numerical,target/complement separated on tested radial set and UV tail,0.49999999999999983,1279.9999998420863,False
3.0,0.0,0.0204,1.0,468.10277379969216,30.0,0.500005,0+2,0,valid_numerical,target/complement separated on tested radial set and UV tail,0.49999999999999983,1279.9999998420863,False
3.0,0.0,0.0204,1.0,468.10277379969216,30.0,0.500005,1+2,2,valid_numerical,target/complement separated on tested radial set and UV tail,0.4999999999999999,1279.9999998420863,False
3.0,0.0,0.0204,1.0,468.10277379969216,30.0,0.500005,0+1+2,0,valid_full_space,P=I3; no complementary spectrum,nan,NA,True
3.0,0.0,0.0204,1.0,468.10277379969216,30.0,0.5416712499999999,0,-2,valid_numerical,target/complement separated on tested radial set and UV tail,0.5000000000000001,1269.0470167408455,False
3.0,0.0,0.0204,1.0,468.10277379969216,30.0,0.5416712499999999,1,0,valid_numerical,target/complement separated on tested radial set and UV tail,0.5,1269.0470167408455,False
3.0,0.0,0.0204,1.0,468.10277379969216,30.0,0.5416712499999999,2,2,valid_numerical,target/complement separated on tested radial set and UV tail,0.5,1269.0470167408455,False
3.0,0.0,0.0204,1.0,468.10277379969216,30.0,0.5416712499999999,0+1,-2,valid_numerical,target/complement separated on tested radial set and UV tail,0.5,1269.0470167408455,False
3.0,0.0,0.0204,1.0,468.10277379969216,30.0,0.5416712499999999,0+2,0,valid_numerical,target/complement separated on tested radial set and UV tail,0.5,1269.0470167408455,False
3.0,0.0,0.0204,1.0,468.10277379969216,30.0,0.5416712499999999,1+2,2,valid_numerical,target/complement separated on tested radial set and UV tail,0.5000000000000001,1269.0470167408455,False
3.0,0.0,0.0204,1.0,468.10277379969216,30.0,0.5416712499999999,0+1+2,0,valid_full_space,P=I3; no complementary spectrum,nan,NA,True
3.0,0.0,0.0204,1.0,468.10277379969216,30.0,0.5833375,0,-2,valid_numerical,target/complement separated on tested radial set and UV tail,0.4999999999999999,1236.3807209893582,False
3.0,0.0,0.0204,1.0,468.10277379969216,30.0,0.5833375,1,0,valid_numerical,target/complement separated on tested radial set and UV tail,0.4999999999999998,1236.3807209893582,False
3.0,0.0,0.0204,1.0,468.10277379969216,30.0,0.5833375,2,2,valid_numerical,target/complement separated on tested radial set and UV tail,0.4999999999999998,1236.3807209893582,False
3.0,0.0,0.0204,1.0,468.10277379969216,30.0,0.5833375,0+1,-2,valid_numerical,target/complement separated on tested radial set and UV tail,0.4999999999999998,1236.3807209893582,False
3.0,0.0,0.0204,1.0,468.10277379969216,30.0,0.5833375,0+2,0,valid_numerical,target/complement separated on tested radial set and UV tail,0.4999999999999998,1236.3807209893582,False
3.0,0.0,0.0204,1.0,468.10277379969216,30.0,0.5833375,1+2,2,valid_numerical,target/complement separated on tested radial set and UV tail,0.4999999999999999,1236.3807209893582,False
3.0,0.0,0.0204,1.0,468.10277379969216,30.0,0.5833375,0+1+2,0,valid_full_space,P=I3; no complementary spectrum,nan,NA,True
3.0,0.0,0.0204,1.0,468.10277379969216,30.0,0.62500375,0,-2,valid_numerical,target/complement separated on tested radial set and UV tail,0.49999999999999994,1182.5600308021753,False
3.0,0.0,0.0204,1.0,468.10277379969216,30.0,0.62500375,1,0,valid_numerical,target/complement separated on tested radial set and UV tail,0.4999999999999999,1182.5600308021753,False
3.0,0.0,0.0204,1.0,468.10277379969216,30.0,0.62500375,2,2,valid_numerical,target/complement separated on tested radial set and UV tail,0.4999999999999999,1182.5600308021753,False
3.0,0.0,0.0204,1.0,468.10277379969216,30.0,0.62500375,0+1,-2,valid_numerical,target/complement separated on tested radial set and UV tail,0.4999999999999999,1182.5600308021753,False
3.0,0.0,0.0204,1.0,468.10277379969216,30.0,0.62500375,0+2,0,valid_numerical,target/complement separated on tested radial set and UV tail,0.4999999999999999,1182.5600308021753,False
3.0,0.0,0.0204,1.0,468.10277379969216,30.0,0.62500375,1+2,2,valid_numerical,target/complement separated on tested radial set and UV tail,0.49999999999999994,1182.5600308021753,False
3.0,0.0,0.0204,1.0,468.10277379969216,30.0,0.62500375,0+1+2,0,valid_full_space,P=I3; no complementary spectrum,nan,NA,True
3.0,0.0,0.0204,1.0,468.10277379969216,30.0,0.66667,0,-2,valid_numerical,target/complement separated on tested radial set and UV tail,0.49999999999999994,1108.505814718973,False
3.0,0.0,0.0204,1.0,468.10277379969216,30.0,0.66667,1,0,valid_numerical,target/complement separated on tested radial set and UV tail,0.4999999999999999,1108.505814718973,False
3.0,0.0,0.0204,1.0,468.10277379969216,30.0,0.66667,2,2,valid_numerical,target/complement separated on tested radial set and UV tail,0.4999999999999999,1108.505814718973,False
3.0,0.0,0.0204,1.0,468.10277379969216,30.0,0.66667,0+1,-2,valid_numerical,target/complement separated on tested radial set and UV tail,0.4999999999999999,1108.505814718973,False
3.0,0.0,0.0204,1.0,468.10277379969216,30.0,0.66667,0+2,0,valid_numerical,target/complement separated on tested radial set and UV tail,0.4999999999999999,1108.505814718973,False
3.0,0.0,0.0204,1.0,468.10277379969216,30.0,0.66667,1+2,2,valid_numerical,target/complement separated on tested radial set and UV tail,0.49999999999999994,1108.505814718973,False
3.0,0.0,0.0204,1.0,468.10277379969216,30.0,0.66667,0+1+2,0,valid_full_space,P=I3; no complementary spectrum,nan,NA,True
3.0,0.0,0.0204,1.0,468.10277379969216,30.0,0.70833625,0,-2,valid_numerical,target/complement separated on tested radial set and UV tail,0.5,1015.4851356032003,False
3.0,0.0,0.0204,1.0,468.10277379969216,30.0,0.70833625,1,0,valid_numerical,target/complement separated on tested radial set and UV tail,0.49999999999999983,1015.4851356032003,False
3.0,0.0,0.0204,1.0,468.10277379969216,30.0,0.70833625,2,2,valid_numerical,target/complement separated on tested radial set and UV tail,0.49999999999999983,1015.4851356032003,False
3.0,0.0,0.0204,1.0,468.10277379969216,30.0,0.70833625,0+1,-2,valid_numerical,target/complement separated on tested radial set and UV tail,0.49999999999999983,1015.4851356032003,False
3.0,0.0,0.0204,1.0,468.10277379969216,30.0,0.70833625,0+2,0,valid_numerical,target/complement separated on tested radial set and UV tail,0.49999999999999983,1015.4851356032003,False
3.0,0.0,0.0204,1.0,468.10277379969216,30.0,0.70833625,1+2,2,valid_numerical,target/complement separated on tested radial set and UV tail,0.5,1015.4851356032003,False
3.0,0.0,0.0204,1.0,468.10277379969216,30.0,0.70833625,0+1+2,0,valid_full_space,P=I3; no complementary spectrum,nan,NA,True
3.0,0.0,0.0204,1.0,468.10277379969216,30.0,0.7500025,0,-2,valid_numerical,target/complement separated on tested radial set and UV tail,0.49840620041338574,905.0895712781644,False
3.0,0.0,0.0204,1.0,468.10277379969216,30.0,0.7500025,1,0,valid_numerical,target/complement separated on tested radial set and UV tail,0.49840620041338574,905.0895712781644,False
3.0,0.0,0.0204,1.0,468.10277379969216,30.0,0.7500025,2,2,valid_numerical,target/complement separated on tested radial set and UV tail,0.49840620041338574,905.0895712781644,False
3.0,0.0,0.0204,1.0,468.10277379969216,30.0,0.7500025,0+1,-2,valid_numerical,target/complement separated on tested radial set and UV tail,0.49840620041338574,905.0895712781644,False
3.0,0.0,0.0204,1.0,468.10277379969216,30.0,0.7500025,0+2,0,valid_numerical,target/complement separated on tested radial set and UV tail,0.49840620041338574,905.0895712781644,False
3.0,0.0,0.0204,1.0,468.10277379969216,30.0,0.7500025,1+2,2,valid_numerical,target/complement separated on tested radial set and UV tail,0.49840620041338574,905.0895712781644,False
3.0,0.0,0.0204,1.0,468.10277379969216,30.0,0.7500025,0+1+2,0,valid_full_space,P=I3; no complementary spectrum,nan,NA,True
3.0,0.0,0.0204,1.0,468.10277379969216,30.0,0.79166875,0,-2,valid_numerical,target/complement separated on tested radial set and UV tail,0.47406943686739067,779.2079827330716,False
3.0,0.0,0.0204,1.0,468.10277379969216,30.0,0.79166875,1,0,valid_numerical,target/complement separated on tested radial set and UV tail,0.47406943686739067,779.2079827330716,False
3.0,0.0,0.0204,1.0,468.10277379969216,30.0,0.79166875,2,2,valid_numerical,target/complement separated on tested radial set and UV tail,0.4740694368673907,779.2079827330716,False
3.0,0.0,0.0204,1.0,468.10277379969216,30.0,0.79166875,0+1,-2,valid_numerical,target/complement separated on tested radial set and UV tail,0.4740694368673907,779.2079827330716,False
3.0,0.0,0.0204,1.0,468.10277379969216,30.0,0.79166875,0+2,0,valid_numerical,target/complement separated on tested radial set and UV tail,0.47406943686739067,779.2079827330716,False
3.0,0.0,0.0204,1.0,468.10277379969216,30.0,0.79166875,1+2,2,valid_numerical,target/complement separated on tested radial set and UV tail,0.47406943686739067,779.2079827330716,False
3.0,0.0,0.0204,1.0,468.10277379969216,30.0,0.79166875,0+1+2,0,valid_full_space,P=I3; no complementary spectrum,nan,NA,True
3.0,0.0,0.0204,1.0,468.10277379969216,30.0,0.833335,0,-2,valid_numerical,target/complement separated on tested radial set and UV tail,0.4213885916173951,639.9941958332616,False
3.0,0.0,0.0204,1.0,468.10277379969216,30.0,0.833335,1,0,valid_numerical,target/complement separated on tested radial set and UV tail,0.4213885916173948,639.9941958332616,False
3.0,0.0,0.0204,1.0,468.10277379969216,30.0,0.833335,2,2,valid_numerical,target/complement separated on tested radial set and UV tail,0.4213885916173948,639.9941958332616,False
3.0,0.0,0.0204,1.0,468.10277379969216,30.0,0.833335,0+1,-2,valid_numerical,target/complement separated on tested radial set and UV tail,0.4213885916173948,639.9941958332616,False
3.0,0.0,0.0204,1.0,468.10277379969216,30.0,0.833335,0+2,0,valid_numerical,target/complement separated on tested radial set and UV tail,0.4213885916173948,639.9941958332616,False
3.0,0.0,0.0204,1.0,468.10277379969216,30.0,0.833335,1+2,2,valid_numerical,target/complement separated on tested radial set and UV tail,0.4213885916173951,639.9941958332616,False
3.0,0.0,0.0204,1.0,468.10277379969216,30.0,0.833335,0+1+2,0,valid_full_space,P=I3; no complementary spectrum,nan,NA,True
3.0,0.0,0.0204,1.0,468.10277379969216,30.0,0.87500125,0,-2,valid_numerical,target/complement separated on tested radial set and UV tail,0.3426223595293753,489.8301494984947,False
3.0,0.0,0.0204,1.0,468.10277379969216,30.0,0.87500125,1,0,valid_numerical,target/complement separated on tested radial set and UV tail,0.3426223595293753,489.8301494984947,False
3.0,0.0,0.0204,1.0,468.10277379969216,30.0,0.87500125,2,2,valid_numerical,target/complement separated on tested radial set and UV tail,0.3426223595293756,489.8301494984947,False
3.0,0.0,0.0204,1.0,468.10277379969216,30.0,0.87500125,0+1,-2,valid_numerical,target/complement separated on tested radial set and UV tail,0.3426223595293756,489.8301494984947,False
3.0,0.0,0.0204,1.0,468.10277379969216,30.0,0.87500125,0+2,0,valid_numerical,target/complement separated on tested radial set and UV tail,0.3426223595293753,489.8301494984947,False
3.0,0.0,0.0204,1.0,468.10277379969216,30.0,0.87500125,1+2,2,valid_numerical,target/complement separated on tested radial set and UV tail,0.3426223595293753,489.8301494984947,False
3.0,0.0,0.0204,1.0,468.10277379969216,30.0,0.87500125,0+1+2,0,valid_full_space,P=I3; no complementary spectrum,nan,NA,True
3.0,0.0,0.0204,1.0,468.10277379969216,30.0,0.9166675,0,-2,valid_numerical,target/complement separated on tested radial set and UV tail,0.23595174726249393,331.28514088157965,False
3.0,0.0,0.0204,1.0,468.10277379969216,30.0,0.9166675,1,0,valid_numerical,target/complement separated on tested radial set and UV tail,0.23595174726249393,331.28514088157965,False
3.0,0.0,0.0204,1.0,468.10277379969216,30.0,0.9166675,2,2,valid_numerical,target/complement separated on tested radial set and UV tail,0.23595174726249402,331.28514088157965,False
3.0,0.0,0.0204,1.0,468.10277379969216,30.0,0.9166675,0+1,-2,valid_numerical,target/complement separated on tested radial set and UV tail,0.23595174726249402,331.28514088157965,False
3.0,0.0,0.0204,1.0,468.10277379969216,30.0,0.9166675,0+2,0,valid_numerical,target/complement separated on tested radial set and UV tail,0.23595174726249393,331.28514088157965,False
3.0,0.0,0.0204,1.0,468.10277379969216,30.0,0.9166675,1+2,2,valid_numerical,target/complement separated on tested radial set and UV tail,0.23595174726249393,331.28514088157965,False
3.0,0.0,0.0204,1.0,468.10277379969216,30.0,0.9166675,0+1+2,0,valid_full_space,P=I3; no complementary spectrum,nan,NA,True
3.0,0.0,0.0204,1.0,468.10277379969216,30.0,0.95833375,0,-2,valid_numerical,target/complement separated on tested radial set and UV tail,0.01915962727417808,167.0718648597135,False
3.0,0.0,0.0204,1.0,468.10277379969216,30.0,0.95833375,1,0,valid_numerical,target/complement separated on tested radial set and UV tail,0.01915962727417808,167.0718648597135,False
3.0,0.0,0.0204,1.0,468.10277379969216,30.0,0.95833375,2,2,valid_numerical,target/complement separated on tested radial set and UV tail,0.019159627274178803,167.0718648597135,False
3.0,0.0,0.0204,1.0,468.10277379969216,30.0,0.95833375,0+1,-2,valid_numerical,target/complement separated on tested radial set and UV tail,0.019159627274178803,167.0718648597135,False
3.0,0.0,0.0204,1.0,468.10277379969216,30.0,0.95833375,0+2,0,valid_numerical,target/complement separated on tested radial set and UV tail,0.01915962727417808,167.0718648597135,False
3.0,0.0,0.0204,1.0,468.10277379969216,30.0,0.95833375,1+2,2,valid_numerical,target/complement separated on tested radial set and UV tail,0.01915962727417808,167.0718648597135,False
3.0,0.0,0.0204,1.0,468.10277379969216,30.0,0.95833375,0+1+2,0,valid_full_space,P=I3; no complementary spectrum,nan,NA,True
3.0,0.0,0.0204,1.0,468.10277379969216,30.0,0.97,0,NA,invalid_target_complement_gap,target_complement_gap_below_tolerance,1.2497677165360972e-08,120.45864104769838,False
3.0,0.0,0.0204,1.0,468.10277379969216,30.0,0.97,1,NA,invalid_target_complement_gap,target_complement_gap_below_tolerance,1.9805562281596684e-08,120.45864104769838,False
3.0,0.0,0.0204,1.0,468.10277379969216,30.0,0.97,2,NA,invalid_target_complement_gap,target_complement_gap_below_tolerance,1.2497677165360972e-08,120.45864104769838,False
3.0,0.0,0.0204,1.0,468.10277379969216,30.0,0.97,0+1,NA,invalid_target_complement_gap,target_complement_gap_below_tolerance,1.2497677165360972e-08,120.45864104769838,False
3.0,0.0,0.0204,1.0,468.10277379969216,30.0,0.97,0+2,NA,invalid_target_complement_gap,target_complement_gap_below_tolerance,1.9805562281596684e-08,120.45864104769838,False
3.0,0.0,0.0204,1.0,468.10277379969216,30.0,0.97,1+2,NA,invalid_target_complement_gap,target_complement_gap_below_tolerance,1.2497677165360972e-08,120.45864104769838,False
3.0,0.0,0.0204,1.0,468.10277379969216,30.0,0.97,0+1+2,0,valid_full_space,P=I3; no complementary spectrum,nan,NA,True
3.0,0.0,0.0204,1.0,468.10277379969216,30.0,0.975,0,NA,invalid_target_complement_gap,target_complement_gap_below_tolerance,7.156616593386324e-09,100.4276425316417,False
3.0,0.0,0.0204,1.0,468.10277379969216,30.0,0.975,1,NA,invalid_target_complement_gap,target_complement_gap_below_tolerance,3.6838625870527986e-08,100.4276425316417,False
3.0,0.0,0.0204,1.0,468.10277379969216,30.0,0.975,2,NA,invalid_target_complement_gap,target_complement_gap_below_tolerance,7.156616593386324e-09,100.4276425316417,False
3.0,0.0,0.0204,1.0,468.10277379969216,30.0,0.975,0+1,NA,invalid_target_complement_gap,target_complement_gap_below_tolerance,7.156616593386324e-09,100.4276425316417,False
3.0,0.0,0.0204,1.0,468.10277379969216,30.0,0.975,0+2,NA,invalid_target_complement_gap,target_complement_gap_below_tolerance,3.6838625870527986e-08,100.4276425316417,False
3.0,0.0,0.0204,1.0,468.10277379969216,30.0,0.975,1+2,NA,invalid_target_complement_gap,target_complement_gap_below_tolerance,7.156616593386324e-09,100.4276425316417,False
3.0,0.0,0.0204,1.0,468.10277379969216,30.0,0.975,0+1+2,0,valid_full_space,P=I3; no complementary spectrum,nan,NA,True
3.0,0.0,0.0204,1.0,468.10277379969216,30.0,0.98,0,NA,invalid_target_complement_gap,target_complement_gap_below_tolerance,5.5621567628556034e-09,80.37186499752139,False
3.0,0.0,0.0204,1.0,468.10277379969216,30.0,0.98,1,NA,invalid_target_complement_gap,target_complement_gap_below_tolerance,1.1418530095266548e-07,80.37186499752139,False
3.0,0.0,0.0204,1.0,468.10277379969216,30.0,0.98,2,NA,invalid_target_complement_gap,target_complement_gap_below_tolerance,5.5621567628556034e-09,80.37186499752139,False
3.0,0.0,0.0204,1.0,468.10277379969216,30.0,0.98,0+1,NA,invalid_target_complement_gap,target_complement_gap_below_tolerance,5.5621567628556034e-09,80.37186499752139,False
3.0,0.0,0.0204,1.0,468.10277379969216,30.0,0.98,0+2,NA,invalid_target_complement_gap,target_complement_gap_below_tolerance,1.1418530095266548e-07,80.37186499752139,False
3.0,0.0,0.0204,1.0,468.10277379969216,30.0,0.98,1+2,NA,invalid_target_complement_gap,target_complement_gap_below_tolerance,5.5621567628556034e-09,80.37186499752139,False
3.0,0.0,0.0204,1.0,468.10277379969216,30.0,0.98,0+1+2,0,valid_full_space,P=I3; no complementary spectrum,nan,NA,True
3.0,0.0,0.0204,1.0,468.10277379969216,30.0,0.99,0,NA,invalid_target_complement_gap,target_complement_gap_below_tolerance,8.219246081980608e-09,32.0,False
3.0,0.0,0.0204,1.0,468.10277379969216,30.0,0.99,1,0,valid_numerical,target/complement separated on tested radial set and UV tail,0.24025390307019093,32.0,False
3.0,0.0,0.0204,1.0,468.10277379969216,30.0,0.99,2,NA,invalid_target_complement_gap,target_complement_gap_below_tolerance,8.219246081980608e-09,32.0,False
3.0,0.0,0.0204,1.0,468.10277379969216,30.0,0.99,0+1,NA,invalid_target_complement_gap,target_complement_gap_below_tolerance,8.219246081980608e-09,32.0,False
3.0,0.0,0.0204,1.0,468.10277379969216,30.0,0.99,0+2,0,valid_numerical,target/complement separated on tested radial set and UV tail,0.24025390307019093,32.0,False
3.0,0.0,0.0204,1.0,468.10277379969216,30.0,0.99,1+2,NA,invalid_target_complement_gap,target_complement_gap_below_tolerance,8.219246081980608e-09,32.0,False
3.0,0.0,0.0204,1.0,468.10277379969216,30.0,0.99,0+1+2,0,valid_full_space,P=I3; no complementary spectrum,nan,NA,True
3.0,0.0,0.0204,1.0,468.10277379969216,30.0,1.0,0,NA,invalid,singular_or_unresolved_closure: D0 is zero within relative tolerance,nan,NA,False
3.0,0.0,0.0204,1.0,468.10277379969216,30.0,1.0,1,NA,invalid,singular_or_unresolved_closure: D0 is zero within relative tolerance,nan,NA,False
3.0,0.0,0.0204,1.0,468.10277379969216,30.0,1.0,2,NA,invalid,singular_or_unresolved_closure: D0 is zero within relative tolerance,nan,NA,False
3.0,0.0,0.0204,1.0,468.10277379969216,30.0,1.0,0+1,NA,invalid,singular_or_unresolved_closure: D0 is zero within relative tolerance,nan,NA,False
3.0,0.0,0.0204,1.0,468.10277379969216,30.0,1.0,0+2,NA,invalid,singular_or_unresolved_closure: D0 is zero within relative tolerance,nan,NA,False
3.0,0.0,0.0204,1.0,468.10277379969216,30.0,1.0,1+2,NA,invalid,singular_or_unresolved_closure: D0 is zero within relative tolerance,nan,NA,False
3.0,0.0,0.0204,1.0,468.10277379969216,30.0,1.0,0+1+2,NA,invalid,singular_or_unresolved_closure: D0 is zero within relative tolerance,nan,NA,False
3.0,0.0,0.0204,2.0,39.00856448330768,10.0,0.0,0,NA,invalid,singular_or_unresolved_closure: D0 is zero within relative tolerance,nan,NA,False
3.0,0.0,0.0204,2.0,39.00856448330768,10.0,0.0,1,NA,invalid,singular_or_unresolved_closure: D0 is zero within relative tolerance,nan,NA,False
3.0,0.0,0.0204,2.0,39.00856448330768,10.0,0.0,2,NA,invalid,singular_or_unresolved_closure: D0 is zero within relative tolerance,nan,NA,False
3.0,0.0,0.0204,2.0,39.00856448330768,10.0,0.0,0+1,NA,invalid,singular_or_unresolved_closure: D0 is zero within relative tolerance,nan,NA,False
3.0,0.0,0.0204,2.0,39.00856448330768,10.0,0.0,0+2,NA,invalid,singular_or_unresolved_closure: D0 is zero within relative tolerance,nan,NA,False
3.0,0.0,0.0204,2.0,39.00856448330768,10.0,0.0,1+2,NA,invalid,singular_or_unresolved_closure: D0 is zero within relative tolerance,nan,NA,False
3.0,0.0,0.0204,2.0,39.00856448330768,10.0,0.0,0+1+2,NA,invalid,singular_or_unresolved_closure: D0 is zero within relative tolerance,nan,NA,False
3.0,0.0,0.0204,2.0,39.00856448330768,10.0,1e-05,0,NA,invalid_target_complement_gap,target_complement_gap_below_tolerance,3.921131241924058e-09,0.5,False
3.0,0.0,0.0204,2.0,39.00856448330768,10.0,1e-05,1,0,valid_numerical,target/complement separated on tested radial set and UV tail,0.49999969390584054,0.5,False
3.0,0.0,0.0204,2.0,39.00856448330768,10.0,1e-05,2,NA,invalid_target_complement_gap,target_complement_gap_below_tolerance,3.921131241924058e-09,0.5,False
3.0,0.0,0.0204,2.0,39.00856448330768,10.0,1e-05,0+1,NA,invalid_target_complement_gap,target_complement_gap_below_tolerance,3.921131241924058e-09,0.5,False
3.0,0.0,0.0204,2.0,39.00856448330768,10.0,1e-05,0+2,0,valid_numerical,target/complement separated on tested radial set and UV tail,0.49999969390584054,0.5,False
3.0,0.0,0.0204,2.0,39.00856448330768,10.0,1e-05,1+2,NA,invalid_target_complement_gap,target_complement_gap_below_tolerance,3.921131241924058e-09,0.5,False
3.0,0.0,0.0204,2.0,39.00856448330768,10.0,1e-05,0+1+2,0,valid_full_space,P=I3; no complementary spectrum,nan,NA,True
3.0,0.0,0.0204,2.0,39.00856448330768,10.0,0.01,0,NA,invalid_target_complement_gap,target_complement_gap_below_tolerance,1.1329280520598177e-08,16.0,False
3.0,0.0,0.0204,2.0,39.00856448330768,10.0,0.01,1,0,valid_numerical,target/complement separated on tested radial set and UV tail,0.342448774824045,16.0,False
3.0,0.0,0.0204,2.0,39.00856448330768,10.0,0.01,2,NA,invalid_target_complement_gap,target_complement_gap_below_tolerance,1.1329280520598177e-08,16.0,False
3.0,0.0,0.0204,2.0,39.00856448330768,10.0,0.01,0+1,NA,invalid_target_complement_gap,target_complement_gap_below_tolerance,1.1329280520598177e-08,16.0,False
3.0,0.0,0.0204,2.0,39.00856448330768,10.0,0.01,0+2,0,valid_numerical,target/complement separated on tested radial set and UV tail,0.342448774824045,16.0,False
3.0,0.0,0.0204,2.0,39.00856448330768,10.0,0.01,1+2,NA,invalid_target_complement_gap,target_complement_gap_below_tolerance,1.1329280520598177e-08,16.0,False
3.0,0.0,0.0204,2.0,39.00856448330768,10.0,0.01,0+1+2,0,valid_full_space,P=I3; no complementary spectrum,nan,NA,True
3.0,0.0,0.0204,2.0,39.00856448330768,10.0,0.02,0,NA,invalid_target_complement_gap,target_complement_gap_below_tolerance,2.595756619154806e-09,32.0,False
3.0,0.0,0.0204,2.0,39.00856448330768,10.0,0.02,1,0,valid_numerical,target/complement separated on tested radial set and UV tail,0.145487196024202,32.0,False
3.0,0.0,0.0204,2.0,39.00856448330768,10.0,0.02,2,NA,invalid_target_complement_gap,target_complement_gap_below_tolerance,2.595756619154806e-09,32.0,False
3.0,0.0,0.0204,2.0,39.00856448330768,10.0,0.02,0+1,NA,invalid_target_complement_gap,target_complement_gap_below_tolerance,2.595756619154806e-09,32.0,False
3.0,0.0,0.0204,2.0,39.00856448330768,10.0,0.02,0+2,0,valid_numerical,target/complement separated on tested radial set and UV tail,0.145487196024202,32.0,False
3.0,0.0,0.0204,2.0,39.00856448330768,10.0,0.02,1+2,NA,invalid_target_complement_gap,target_complement_gap_below_tolerance,2.595756619154806e-09,32.0,False
3.0,0.0,0.0204,2.0,39.00856448330768,10.0,0.02,0+1+2,0,valid_full_space,P=I3; no complementary spectrum,nan,NA,True
3.0,0.0,0.0204,2.0,39.00856448330768,10.0,0.025,0,NA,invalid_target_complement_gap,target_complement_gap_below_tolerance,1.3351409492074081e-08,33.47588084388051,False
3.0,0.0,0.0204,2.0,39.00856448330768,10.0,0.025,1,NA,invalid_target_complement_gap,target_complement_gap_below_tolerance,1.5420791589145195e-07,33.47588084388051,False
3.0,0.0,0.0204,2.0,39.00856448330768,10.0,0.025,2,NA,invalid_target_complement_gap,target_complement_gap_below_tolerance,1.3351409492074081e-08,33.47588084388051,False
3.0,0.0,0.0204,2.0,39.00856448330768,10.0,0.025,0+1,NA,invalid_target_complement_gap,target_complement_gap_below_tolerance,1.3351409492074081e-08,33.47588084388051,False
3.0,0.0,0.0204,2.0,39.00856448330768,10.0,0.025,0+2,NA,invalid_target_complement_gap,target_complement_gap_below_tolerance,1.5420791589145195e-07,33.47588084388051,False
3.0,0.0,0.0204,2.0,39.00856448330768,10.0,0.025,1+2,NA,invalid_target_complement_gap,target_complement_gap_below_tolerance,1.3351409492074081e-08,33.47588084388051,False
3.0,0.0,0.0204,2.0,39.00856448330768,10.0,0.025,0+1+2,0,valid_full_space,P=I3; no complementary spectrum,nan,NA,True
3.0,0.0,0.0204,2.0,39.00856448330768,10.0,0.03,0,NA,invalid_target_complement_gap,target_complement_gap_below_tolerance,5.7519835698616774e-09,40.152880349232774,False
3.0,0.0,0.0204,2.0,39.00856448330768,10.0,0.03,1,NA,invalid_target_complement_gap,target_complement_gap_below_tolerance,3.1613068864009474e-08,40.152880349232774,False
3.0,0.0,0.0204,2.0,39.00856448330768,10.0,0.03,2,NA,invalid_target_complement_gap,target_complement_gap_below_tolerance,5.7519835698616774e-09,40.152880349232774,False
3.0,0.0,0.0204,2.0,39.00856448330768,10.0,0.03,0+1,NA,invalid_target_complement_gap,target_complement_gap_below_tolerance,5.7519835698616774e-09,40.152880349232774,False
3.0,0.0,0.0204,2.0,39.00856448330768,10.0,0.03,0+2,NA,invalid_target_complement_gap,target_complement_gap_below_tolerance,3.1613068864009474e-08,40.152880349232774,False
3.0,0.0,0.0204,2.0,39.00856448330768,10.0,0.03,1+2,NA,invalid_target_complement_gap,target_complement_gap_below_tolerance,5.7519835698616774e-09,40.152880349232774,False
3.0,0.0,0.0204,2.0,39.00856448330768,10.0,0.03,0+1+2,0,valid_full_space,P=I3; no complementary spectrum,nan,NA,True
3.0,0.0,0.0204,2.0,39.00856448330768,10.0,0.041676250000000005,0,NA,invalid_target_complement_gap,target_complement_gap_below_tolerance,2.7182013754834326e-08,55.70391104918675,False
3.0,0.0,0.0204,2.0,39.00856448330768,10.0,0.041676250000000005,1,NA,invalid_target_complement_gap,target_complement_gap_below_tolerance,5.2210259927657185e-08,55.70391104918675,False
3.0,0.0,0.0204,2.0,39.00856448330768,10.0,0.041676250000000005,2,NA,invalid_target_complement_gap,target_complement_gap_below_tolerance,2.7182013754834326e-08,55.70391104918675,False
3.0,0.0,0.0204,2.0,39.00856448330768,10.0,0.041676250000000005,0+1,NA,invalid_target_complement_gap,target_complement_gap_below_tolerance,2.7182013754834326e-08,55.70391104918675,False
3.0,0.0,0.0204,2.0,39.00856448330768,10.0,0.041676250000000005,0+2,NA,invalid_target_complement_gap,target_complement_gap_below_tolerance,5.2210259927657185e-08,55.70391104918675,False
3.0,0.0,0.0204,2.0,39.00856448330768,10.0,0.041676250000000005,1+2,NA,invalid_target_complement_gap,target_complement_gap_below_tolerance,2.7182013754834326e-08,55.70391104918675,False
3.0,0.0,0.0204,2.0,39.00856448330768,10.0,0.041676250000000005,0+1+2,0,valid_full_space,P=I3; no complementary spectrum,nan,NA,True
3.0,0.0,0.0204,2.0,39.00856448330768,10.0,0.0833425,0,-2,valid_numerical,target/complement separated on tested radial set and UV tail,0.19877723545856474,110.44132764249296,False
3.0,0.0,0.0204,2.0,39.00856448330768,10.0,0.0833425,1,0,valid_numerical,target/complement separated on tested radial set and UV tail,0.19877723545856474,110.44132764249296,False
3.0,0.0,0.0204,2.0,39.00856448330768,10.0,0.0833425,2,2,valid_numerical,target/complement separated on tested radial set and UV tail,0.19877723545856502,110.44132764249296,False
3.0,0.0,0.0204,2.0,39.00856448330768,10.0,0.0833425,0+1,-2,valid_numerical,target/complement separated on tested radial set and UV tail,0.19877723545856502,110.44132764249296,False
3.0,0.0,0.0204,2.0,39.00856448330768,10.0,0.0833425,0+2,0,valid_numerical,target/complement separated on tested radial set and UV tail,0.19877723545856474,110.44132764249296,False
3.0,0.0,0.0204,2.0,39.00856448330768,10.0,0.0833425,1+2,2,valid_numerical,target/complement separated on tested radial set and UV tail,0.19877723545856474,110.44132764249296,False
3.0,0.0,0.0204,2.0,39.00856448330768,10.0,0.0833425,0+1+2,0,valid_full_space,P=I3; no complementary spectrum,nan,NA,True
3.0,0.0,0.0204,2.0,39.00856448330768,10.0,0.12500875,0,-2,valid_numerical,target/complement separated on tested radial set and UV tail,0.32240227097123336,163.28910023918166,False
3.0,0.0,0.0204,2.0,39.00856448330768,10.0,0.12500875,1,0,valid_numerical,target/complement separated on tested radial set and UV tail,0.3224022709712333,163.28910023918166,False
3.0,0.0,0.0204,2.0,39.00856448330768,10.0,0.12500875,2,2,valid_numerical,target/complement separated on tested radial set and UV tail,0.3224022709712333,163.28910023918166,False
3.0,0.0,0.0204,2.0,39.00856448330768,10.0,0.12500875,0+1,-2,valid_numerical,target/complement separated on tested radial set and UV tail,0.3224022709712333,163.28910023918166,False
3.0,0.0,0.0204,2.0,39.00856448330768,10.0,0.12500875,0+2,0,valid_numerical,target/complement separated on tested radial set and UV tail,0.3224022709712333,163.28910023918166,False
3.0,0.0,0.0204,2.0,39.00856448330768,10.0,0.12500875,1+2,2,valid_numerical,target/complement separated on tested radial set and UV tail,0.32240227097123336,163.28910023918166,False
3.0,0.0,0.0204,2.0,39.00856448330768,10.0,0.12500875,0+1+2,0,valid_full_space,P=I3; no complementary spectrum,nan,NA,True
3.0,0.0,0.0204,2.0,39.00856448330768,10.0,0.16667500000000002,0,-2,valid_numerical,target/complement separated on tested radial set and UV tail,0.40715772659516924,213.3430068568333,False
3.0,0.0,0.0204,2.0,39.00856448330768,10.0,0.16667500000000002,1,0,valid_numerical,target/complement separated on tested radial set and UV tail,0.40715772659516924,213.3430068568333,False
3.0,0.0,0.0204,2.0,39.00856448330768,10.0,0.16667500000000002,2,2,valid_numerical,target/complement separated on tested radial set and UV tail,0.4071577265951694,213.3430068568333,False
3.0,0.0,0.0204,2.0,39.00856448330768,10.0,0.16667500000000002,0+1,-2,valid_numerical,target/complement separated on tested radial set and UV tail,0.4071577265951694,213.3430068568333,False
3.0,0.0,0.0204,2.0,39.00856448330768,10.0,0.16667500000000002,0+2,0,valid_numerical,target/complement separated on tested radial set and UV tail,0.40715772659516924,213.3430068568333,False
3.0,0.0,0.0204,2.0,39.00856448330768,10.0,0.16667500000000002,1+2,2,valid_numerical,target/complement separated on tested radial set and UV tail,0.40715772659516924,213.3430068568333,False
3.0,0.0,0.0204,2.0,39.00856448330768,10.0,0.16667500000000002,0+1+2,0,valid_full_space,P=I3; no complementary spectrum,nan,NA,True
3.0,0.0,0.0204,2.0,39.00856448330768,10.0,0.20834125000000003,0,-2,valid_numerical,target/complement separated on tested radial set and UV tail,0.4642924242311466,259.74662837982953,False
3.0,0.0,0.0204,2.0,39.00856448330768,10.0,0.20834125000000003,1,0,valid_numerical,target/complement separated on tested radial set and UV tail,0.4642924242311466,259.74662837982953,False
3.0,0.0,0.0204,2.0,39.00856448330768,10.0,0.20834125000000003,2,2,valid_numerical,target/complement separated on tested radial set and UV tail,0.4642924242311466,259.74662837982953,False
3.0,0.0,0.0204,2.0,39.00856448330768,10.0,0.20834125000000003,0+1,-2,valid_numerical,target/complement separated on tested radial set and UV tail,0.4642924242311466,259.74662837982953,False
3.0,0.0,0.0204,2.0,39.00856448330768,10.0,0.20834125000000003,0+2,0,valid_numerical,target/complement separated on tested radial set and UV tail,0.4642924242311466,259.74662837982953,False
3.0,0.0,0.0204,2.0,39.00856448330768,10.0,0.20834125000000003,1+2,2,valid_numerical,target/complement separated on tested radial set and UV tail,0.4642924242311466,259.74662837982953,False
3.0,0.0,0.0204,2.0,39.00856448330768,10.0,0.20834125000000003,0+1+2,0,valid_full_space,P=I3; no complementary spectrum,nan,NA,True
3.0,0.0,0.0204,2.0,39.00856448330768,10.0,0.2500075,0,-2,valid_numerical,target/complement separated on tested radial set and UV tail,0.4946565922709545,301.70600183521435,False
3.0,0.0,0.0204,2.0,39.00856448330768,10.0,0.2500075,1,0,valid_numerical,target/complement separated on tested radial set and UV tail,0.4946565922709545,301.70600183521435,False
3.0,0.0,0.0204,2.0,39.00856448330768,10.0,0.2500075,2,2,valid_numerical,target/complement separated on tested radial set and UV tail,0.4946565922709545,301.70600183521435,False
3.0,0.0,0.0204,2.0,39.00856448330768,10.0,0.2500075,0+1,-2,valid_numerical,target/complement separated on tested radial set and UV tail,0.4946565922709545,301.70600183521435,False
3.0,0.0,0.0204,2.0,39.00856448330768,10.0,0.2500075,0+2,0,valid_numerical,target/complement separated on tested radial set and UV tail,0.4946565922709545,301.70600183521435,False
3.0,0.0,0.0204,2.0,39.00856448330768,10.0,0.2500075,1+2,2,valid_numerical,target/complement separated on tested radial set and UV tail,0.4946565922709545,301.70600183521435,False
3.0,0.0,0.0204,2.0,39.00856448330768,10.0,0.2500075,0+1+2,0,valid_full_space,P=I3; no complementary spectrum,nan,NA,True
3.0,0.0,0.0204,2.0,39.00856448330768,10.0,0.29167375,0,-2,valid_numerical,target/complement separated on tested radial set and UV tail,0.5,338.5032050479803,False
3.0,0.0,0.0204,2.0,39.00856448330768,10.0,0.29167375,1,0,valid_numerical,target/complement separated on tested radial set and UV tail,0.5,338.5032050479803,False
3.0,0.0,0.0204,2.0,39.00856448330768,10.0,0.29167375,2,2,valid_numerical,target/complement separated on tested radial set and UV tail,0.5,338.5032050479803,False
3.0,0.0,0.0204,2.0,39.00856448330768,10.0,0.29167375,0+1,-2,valid_numerical,target/complement separated on tested radial set and UV tail,0.5,338.5032050479803,False
3.0,0.0,0.0204,2.0,39.00856448330768,10.0,0.29167375,0+2,0,valid_numerical,target/complement separated on tested radial set and UV tail,0.5,338.5032050479803,False
3.0,0.0,0.0204,2.0,39.00856448330768,10.0,0.29167375,1+2,2,valid_numerical,target/complement separated on tested radial set and UV tail,0.5,338.5032050479803,False
3.0,0.0,0.0204,2.0,39.00856448330768,10.0,0.29167375,0+1+2,0,valid_full_space,P=I3; no complementary spectrum,nan,NA,True
3.0,0.0,0.0204,2.0,39.00856448330768,10.0,0.33334,0,-2,valid_numerical,target/complement separated on tested radial set and UV tail,0.5,369.50864024320396,False
3.0,0.0,0.0204,2.0,39.00856448330768,10.0,0.33334,1,0,valid_numerical,target/complement separated on tested radial set and UV tail,0.5,369.50864024320396,False
3.0,0.0,0.0204,2.0,39.00856448330768,10.0,0.33334,2,2,valid_numerical,target/complement separated on tested radial set and UV tail,0.5,369.50864024320396,False
3.0,0.0,0.0204,2.0,39.00856448330768,10.0,0.33334,0+1,-2,valid_numerical,target/complement separated on tested radial set and UV tail,0.5,369.50864024320396,False
3.0,0.0,0.0204,2.0,39.00856448330768,10.0,0.33334,0+2,0,valid_numerical,target/complement separated on tested radial set and UV tail,0.5,369.50864024320396,False
3.0,0.0,0.0204,2.0,39.00856448330768,10.0,0.33334,1+2,2,valid_numerical,target/complement separated on tested radial set and UV tail,0.5,369.50864024320396,False
3.0,0.0,0.0204,2.0,39.00856448330768,10.0,0.33334,0+1+2,0,valid_full_space,P=I3; no complementary spectrum,nan,NA,True
3.0,0.0,0.0204,2.0,39.00856448330768,10.0,0.37500625000000004,0,-2,valid_numerical,target/complement separated on tested radial set and UV tail,0.5,394.19180642338887,False
3.0,0.0,0.0204,2.0,39.00856448330768,10.0,0.37500625000000004,1,0,valid_numerical,target/complement separated on tested radial set and UV tail,0.4999999999999999,394.19180642338887,False
3.0,0.0,0.0204,2.0,39.00856448330768,10.0,0.37500625000000004,2,2,valid_numerical,target/complement separated on tested radial set and UV tail,0.4999999999999999,394.19180642338887,False
3.0,0.0,0.0204,2.0,39.00856448330768,10.0,0.37500625000000004,0+1,-2,valid_numerical,target/complement separated on tested radial set and UV tail,0.4999999999999999,394.19180642338887,False
3.0,0.0,0.0204,2.0,39.00856448330768,10.0,0.37500625000000004,0+2,0,valid_numerical,target/complement separated on tested radial set and UV tail,0.4999999999999999,394.19180642338887,False
3.0,0.0,0.0204,2.0,39.00856448330768,10.0,0.37500625000000004,1+2,2,valid_numerical,target/complement separated on tested radial set and UV tail,0.5,394.19180642338887,False
3.0,0.0,0.0204,2.0,39.00856448330768,10.0,0.37500625000000004,0+1+2,0,valid_full_space,P=I3; no complementary spectrum,nan,NA,True
3.0,0.0,0.0204,2.0,39.00856448330768,10.0,0.41667250000000006,0,-2,valid_numerical,target/complement separated on tested radial set and UV tail,0.5,412.13037620633537,False
3.0,0.0,0.0204,2.0,39.00856448330768,10.0,0.41667250000000006,1,0,valid_numerical,target/complement separated on tested radial set and UV tail,0.4999999999999999,412.13037620633537,False
3.0,0.0,0.0204,2.0,39.00856448330768,10.0,0.41667250000000006,2,2,valid_numerical,target/complement separated on tested radial set and UV tail,0.4999999999999999,412.13037620633537,False
3.0,0.0,0.0204,2.0,39.00856448330768,10.0,0.41667250000000006,0+1,-2,valid_numerical,target/complement separated on tested radial set and UV tail,0.4999999999999999,412.13037620633537,False
3.0,0.0,0.0204,2.0,39.00856448330768,10.0,0.41667250000000006,0+2,0,valid_numerical,target/complement separated on tested radial set and UV tail,0.4999999999999999,412.13037620633537,False
3.0,0.0,0.0204,2.0,39.00856448330768,10.0,0.41667250000000006,1+2,2,valid_numerical,target/complement separated on tested radial set and UV tail,0.5,412.13037620633537,False
3.0,0.0,0.0204,2.0,39.00856448330768,10.0,0.41667250000000006,0+1+2,0,valid_full_space,P=I3; no complementary spectrum,nan,NA,True
3.0,0.0,0.0204,2.0,39.00856448330768,10.0,0.45833875,0,-2,valid_numerical,target/complement separated on tested radial set and UV tail,0.5,423.017421819426,False
3.0,0.0,0.0204,2.0,39.00856448330768,10.0,0.45833875,1,0,valid_numerical,target/complement separated on tested radial set and UV tail,0.5,423.017421819426,False
3.0,0.0,0.0204,2.0,39.00856448330768,10.0,0.45833875,2,2,valid_numerical,target/complement separated on tested radial set and UV tail,0.5000000000000002,423.017421819426,False
3.0,0.0,0.0204,2.0,39.00856448330768,10.0,0.45833875,0+1,-2,valid_numerical,target/complement separated on tested radial set and UV tail,0.5000000000000002,423.017421819426,False
3.0,0.0,0.0204,2.0,39.00856448330768,10.0,0.45833875,0+2,0,valid_numerical,target/complement separated on tested radial set and UV tail,0.5,423.017421819426,False
3.0,0.0,0.0204,2.0,39.00856448330768,10.0,0.45833875,1+2,2,valid_numerical,target/complement separated on tested radial set and UV tail,0.5,423.017421819426,False
3.0,0.0,0.0204,2.0,39.00856448330768,10.0,0.45833875,0+1+2,0,valid_full_space,P=I3; no complementary spectrum,nan,NA,True
3.0,0.0,0.0204,2.0,39.00856448330768,10.0,0.500005,0,-2,valid_numerical,target/complement separated on tested radial set and UV tail,0.4999999999999999,426.66666661402877,False
3.0,0.0,0.0204,2.0,39.00856448330768,10.0,0.500005,1,0,valid_numerical,target/complement separated on tested radial set and UV tail,0.4999999999999997,426.66666661402877,False
3.0,0.0,0.0204,2.0,39.00856448330768,10.0,0.500005,2,2,valid_numerical,target/complement separated on tested radial set and UV tail,0.4999999999999997,426.66666661402877,False
3.0,0.0,0.0204,2.0,39.00856448330768,10.0,0.500005,0+1,-2,valid_numerical,target/complement separated on tested radial set and UV tail,0.4999999999999997,426.66666661402877,False
3.0,0.0,0.0204,2.0,39.00856448330768,10.0,0.500005,0+2,0,valid_numerical,target/complement separated on tested radial set and UV tail,0.4999999999999997,426.66666661402877,False
3.0,0.0,0.0204,2.0,39.00856448330768,10.0,0.500005,1+2,2,valid_numerical,target/complement separated on tested radial set and UV tail,0.4999999999999999,426.66666661402877,False
3.0,0.0,0.0204,2.0,39.00856448330768,10.0,0.500005,0+1+2,0,valid_full_space,P=I3; no complementary spectrum,nan,NA,True
3.0,0.0,0.0204,2.0,39.00856448330768,10.0,0.5416712499999999,0,-2,valid_numerical,target/complement separated on tested radial set and UV tail,0.5,423.01567224694844,False
3.0,0.0,0.0204,2.0,39.00856448330768,10.0,0.5416712499999999,1,0,valid_numerical,target/complement separated on tested radial set and UV tail,0.49999999999999983,423.01567224694844,False
3.0,0.0,0.0204,2.0,39.00856448330768,10.0,0.5416712499999999,2,2,valid_numerical,target/complement separated on tested radial set and UV tail,0.49999999999999983,423.01567224694844,False
3.0,0.0,0.0204,2.0,39.00856448330768,10.0,0.5416712499999999,0+1,-2,valid_numerical,target/complement separated on tested radial set and UV tail,0.49999999999999983,423.01567224694844,False
3.0,0.0,0.0204,2.0,39.00856448330768,10.0,0.5416712499999999,0+2,0,valid_numerical,target/complement separated on tested radial set and UV tail,0.49999999999999983,423.01567224694844,False
3.0,0.0,0.0204,2.0,39.00856448330768,10.0,0.5416712499999999,1+2,2,valid_numerical,target/complement separated on tested radial set and UV tail,0.5,423.01567224694844,False
3.0,0.0,0.0204,2.0,39.00856448330768,10.0,0.5416712499999999,0+1+2,0,valid_full_space,P=I3; no complementary spectrum,nan,NA,True
3.0,0.0,0.0204,2.0,39.00856448330768,10.0,0.5833375,0,-2,valid_numerical,target/complement separated on tested radial set and UV tail,0.4999999999999999,412.12690699645276,False
3.0,0.0,0.0204,2.0,39.00856448330768,10.0,0.5833375,1,0,valid_numerical,target/complement separated on tested radial set and UV tail,0.49999999999999983,412.12690699645276,False
3.0,0.0,0.0204,2.0,39.00856448330768,10.0,0.5833375,2,2,valid_numerical,target/complement separated on tested radial set and UV tail,0.49999999999999983,412.12690699645276,False
3.0,0.0,0.0204,2.0,39.00856448330768,10.0,0.5833375,0+1,-2,valid_numerical,target/complement separated on tested radial set and UV tail,0.49999999999999983,412.12690699645276,False
3.0,0.0,0.0204,2.0,39.00856448330768,10.0,0.5833375,0+2,0,valid_numerical,target/complement separated on tested radial set and UV tail,0.49999999999999983,412.12690699645276,False
3.0,0.0,0.0204,2.0,39.00856448330768,10.0,0.5833375,1+2,2,valid_numerical,target/complement separated on tested radial set and UV tail,0.4999999999999999,412.12690699645276,False
3.0,0.0,0.0204,2.0,39.00856448330768,10.0,0.5833375,0+1+2,0,valid_full_space,P=I3; no complementary spectrum,nan,NA,True
3.0,0.0,0.0204,2.0,39.00856448330768,10.0,0.62500375,0,-2,valid_numerical,target/complement separated on tested radial set and UV tail,0.5,394.1866769340585,False
3.0,0.0,0.0204,2.0,39.00856448330768,10.0,0.62500375,1,0,valid_numerical,target/complement separated on tested radial set and UV tail,0.5,394.1866769340585,False
3.0,0.0,0.0204,2.0,39.00856448330768,10.0,0.62500375,2,2,valid_numerical,target/complement separated on tested radial set and UV tail,0.5000000000000001,394.1866769340585,False
3.0,0.0,0.0204,2.0,39.00856448330768,10.0,0.62500375,0+1,-2,valid_numerical,target/complement separated on tested radial set and UV tail,0.5000000000000001,394.1866769340585,False
3.0,0.0,0.0204,2.0,39.00856448330768,10.0,0.62500375,0+2,0,valid_numerical,target/complement separated on tested radial set and UV tail,0.5,394.1866769340585,False
3.0,0.0,0.0204,2.0,39.00856448330768,10.0,0.62500375,1+2,2,valid_numerical,target/complement separated on tested radial set and UV tail,0.5,394.1866769340585,False
3.0,0.0,0.0204,2.0,39.00856448330768,10.0,0.62500375,0+1+2,0,valid_full_space,P=I3; no complementary spectrum,nan,NA,True
3.0,0.0,0.0204,2.0,39.00856448330768,10.0,0.66667,0,-2,valid_numerical,target/complement separated on tested radial set and UV tail,0.5,369.50193823965765,False
3.0,0.0,0.0204,2.0,39.00856448330768,10.0,0.66667,1,0,valid_numerical,target/complement separated on tested radial set and UV tail,0.49999999999999983,369.50193823965765,False
3.0,0.0,0.0204,2.0,39.00856448330768,10.0,0.66667,2,2,valid_numerical,target/complement separated on tested radial set and UV tail,0.49999999999999983,369.50193823965765,False
3.0,0.0,0.0204,2.0,39.00856448330768,10.0,0.66667,0+1,-2,valid_numerical,target/complement separated on tested radial set and UV tail,0.49999999999999983,369.50193823965765,False
3.0,0.0,0.0204,2.0,39.00856448330768,10.0,0.66667,0+2,0,valid_numerical,target/complement separated on tested radial set and UV tail,0.49999999999999983,369.50193823965765,False
3.0,0.0,0.0204,2.0,39.00856448330768,10.0,0.66667,1+2,2,valid_numerical,target/complement separated on tested radial set and UV tail,0.5,369.50193823965765,False
3.0,0.0,0.0204,2.0,39.00856448330768,10.0,0.66667,0+1+2,0,valid_full_space,P=I3; no complementary spectrum,nan,NA,True
3.0,0.0,0.0204,2.0,39.00856448330768,10.0,0.70833625,0,-2,valid_numerical,target/complement separated on tested radial set and UV tail,0.4999999999999999,338.4950452010668,False
3.0,0.0,0.0204,2.0,39.00856448330768,10.0,0.70833625,1,0,valid_numerical,target/complement separated on tested radial set and UV tail,0.4999999999999997,338.4950452010668,False
3.0,0.0,0.0204,2.0,39.00856448330768,10.0,0.70833625,2,2,valid_numerical,target/complement separated on tested radial set and UV tail,0.4999999999999997,338.4950452010668,False
3.0,0.0,0.0204,2.0,39.00856448330768,10.0,0.70833625,0+1,-2,valid_numerical,target/complement separated on tested radial set and UV tail,0.4999999999999997,338.4950452010668,False
3.0,0.0,0.0204,2.0,39.00856448330768,10.0,0.70833625,0+2,0,valid_numerical,target/complement separated on tested radial set and UV tail,0.4999999999999997,338.4950452010668,False
3.0,0.0,0.0204,2.0,39.00856448330768,10.0,0.70833625,1+2,2,valid_numerical,target/complement separated on tested radial set and UV tail,0.4999999999999999,338.4950452010668,False
3.0,0.0,0.0204,2.0,39.00856448330768,10.0,0.70833625,0+1+2,0,valid_full_space,P=I3; no complementary spectrum,nan,NA,True
3.0,0.0,0.0204,2.0,39.00856448330768,10.0,0.7500025,0,-2,valid_numerical,target/complement separated on tested radial set and UV tail,0.494652554880253,301.6965237593881,False
3.0,0.0,0.0204,2.0,39.00856448330768,10.0,0.7500025,1,0,valid_numerical,target/complement separated on tested radial set and UV tail,0.4946525548802527,301.6965237593881,False
3.0,0.0,0.0204,2.0,39.00856448330768,10.0,0.7500025,2,2,valid_numerical,target/complement separated on tested radial set and UV tail,0.4946525548802527,301.6965237593881,False
3.0,0.0,0.0204,2.0,39.00856448330768,10.0,0.7500025,0+1,-2,valid_numerical,target/complement separated on tested radial set and UV tail,0.4946525548802527,301.6965237593881,False
3.0,0.0,0.0204,2.0,39.00856448330768,10.0,0.7500025,0+2,0,valid_numerical,target/complement separated on tested radial set and UV tail,0.4946525548802527,301.6965237593881,False
3.0,0.0,0.0204,2.0,39.00856448330768,10.0,0.7500025,1+2,2,valid_numerical,target/complement separated on tested radial set and UV tail,0.494652554880253,301.6965237593881,False
3.0,0.0,0.0204,2.0,39.00856448330768,10.0,0.7500025,0+1+2,0,valid_full_space,P=I3; no complementary spectrum,nan,NA,True
3.0,0.0,0.0204,2.0,39.00856448330768,10.0,0.79166875,0,-2,valid_numerical,target/complement separated on tested radial set and UV tail,0.46428207386641523,259.7359942443572,False
3.0,0.0,0.0204,2.0,39.00856448330768,10.0,0.79166875,1,0,valid_numerical,target/complement separated on tested radial set and UV tail,0.46428207386641523,259.7359942443572,False
3.0,0.0,0.0204,2.0,39.00856448330768,10.0,0.79166875,2,2,valid_numerical,target/complement separated on tested radial set and UV tail,0.46428207386641523,259.7359942443572,False
3.0,0.0,0.0204,2.0,39.00856448330768,10.0,0.79166875,0+1,-2,valid_numerical,target/complement separated on tested radial set and UV tail,0.46428207386641523,259.7359942443572,False
3.0,0.0,0.0204,2.0,39.00856448330768,10.0,0.79166875,0+2,0,valid_numerical,target/complement separated on tested radial set and UV tail,0.46428207386641523,259.7359942443572,False
3.0,0.0,0.0204,2.0,39.00856448330768,10.0,0.79166875,1+2,2,valid_numerical,target/complement separated on tested radial set and UV tail,0.46428207386641523,259.7359942443572,False
3.0,0.0,0.0204,2.0,39.00856448330768,10.0,0.79166875,0+1+2,0,valid_full_space,P=I3; no complementary spectrum,nan,NA,True
3.0,0.0,0.0204,2.0,39.00856448330768,10.0,0.833335,0,-2,valid_numerical,target/complement separated on tested radial set and UV tail,0.4071407026240446,213.33139861108722,False
3.0,0.0,0.0204,2.0,39.00856448330768,10.0,0.833335,1,0,valid_numerical,target/complement separated on tested radial set and UV tail,0.40714070262404445,213.33139861108722,False
3.0,0.0,0.0204,2.0,39.00856448330768,10.0,0.833335,2,2,valid_numerical,target/complement separated on tested radial set and UV tail,0.40714070262404445,213.33139861108722,False
3.0,0.0,0.0204,2.0,39.00856448330768,10.0,0.833335,0+1,-2,valid_numerical,target/complement separated on tested radial set and UV tail,0.40714070262404445,213.33139861108722,False
3.0,0.0,0.0204,2.0,39.00856448330768,10.0,0.833335,0+2,0,valid_numerical,target/complement separated on tested radial set and UV tail,0.40714070262404445,213.33139861108722,False
3.0,0.0,0.0204,2.0,39.00856448330768,10.0,0.833335,1+2,2,valid_numerical,target/complement separated on tested radial set and UV tail,0.4071407026240446,213.33139861108722,False
3.0,0.0,0.0204,2.0,39.00856448330768,10.0,0.833335,0+1+2,0,valid_full_space,P=I3; no complementary spectrum,nan,NA,True
3.0,0.0,0.0204,2.0,39.00856448330768,10.0,0.87500125,0,-2,valid_numerical,target/complement separated on tested radial set and UV tail,0.32237827933565233,163.27671649949824,False
3.0,0.0,0.0204,2.0,39.00856448330768,10.0,0.87500125,1,0,valid_numerical,target/complement separated on tested radial set and UV tail,0.32237827933565233,163.27671649949824,False
3.0,0.0,0.0204,2.0,39.00856448330768,10.0,0.87500125,2,2,valid_numerical,target/complement separated on tested radial set and UV tail,0.32237827933565255,163.27671649949824,False
3.0,0.0,0.0204,2.0,39.00856448330768,10.0,0.87500125,0+1,-2,valid_numerical,target/complement separated on tested radial set and UV tail,0.32237827933565255,163.27671649949824,False
3.0,0.0,0.0204,2.0,39.00856448330768,10.0,0.87500125,0+2,0,valid_numerical,target/complement separated on tested radial set and UV tail,0.32237827933565233,163.27671649949824,False
3.0,0.0,0.0204,2.0,39.00856448330768,10.0,0.87500125,1+2,2,valid_numerical,target/complement separated on tested radial set and UV tail,0.32237827933565233,163.27671649949824,False
3.0,0.0,0.0204,2.0,39.00856448330768,10.0,0.87500125,0+1+2,0,valid_full_space,P=I3; no complementary spectrum,nan,NA,True
3.0,0.0,0.0204,2.0,39.00856448330768,10.0,0.9166675,0,-2,valid_numerical,target/complement separated on tested radial set and UV tail,0.19874225029636486,110.42838029385989,False
3.0,0.0,0.0204,2.0,39.00856448330768,10.0,0.9166675,1,0,valid_numerical,target/complement separated on tested radial set and UV tail,0.19874225029636486,110.42838029385989,False
3.0,0.0,0.0204,2.0,39.00856448330768,10.0,0.9166675,2,2,valid_numerical,target/complement separated on tested radial set and UV tail,0.19874225029636494,110.42838029385989,False
3.0,0.0,0.0204,2.0,39.00856448330768,10.0,0.9166675,0+1,-2,valid_numerical,target/complement separated on tested radial set and UV tail,0.19874225029636494,110.42838029385989,False
3.0,0.0,0.0204,2.0,39.00856448330768,10.0,0.9166675,0+2,0,valid_numerical,target/complement separated on tested radial set and UV tail,0.19874225029636486,110.42838029385989,False
3.0,0.0,0.0204,2.0,39.00856448330768,10.0,0.9166675,1+2,2,valid_numerical,target/complement separated on tested radial set and UV tail,0.19874225029636486,110.42838029385989,False
3.0,0.0,0.0204,2.0,39.00856448330768,10.0,0.9166675,0+1+2,0,valid_full_space,P=I3; no complementary spectrum,nan,NA,True
3.0,0.0,0.0204,2.0,39.00856448330768,10.0,0.95833375,0,NA,invalid_target_complement_gap,target_complement_gap_below_tolerance,2.3569806317565294e-08,55.6906216199045,False
3.0,0.0,0.0204,2.0,39.00856448330768,10.0,0.95833375,1,NA,invalid_target_complement_gap,target_complement_gap_below_tolerance,6.07616686240917e-08,55.6906216199045,False
3.0,0.0,0.0204,2.0,39.00856448330768,10.0,0.95833375,2,NA,invalid_target_complement_gap,target_complement_gap_below_tolerance,2.3569806317565294e-08,55.6906216199045,False
3.0,0.0,0.0204,2.0,39.00856448330768,10.0,0.95833375,0+1,NA,invalid_target_complement_gap,target_complement_gap_below_tolerance,2.3569806317565294e-08,55.6906216199045,False
3.0,0.0,0.0204,2.0,39.00856448330768,10.0,0.95833375,0+2,NA,invalid_target_complement_gap,target_complement_gap_below_tolerance,6.07616686240917e-08,55.6906216199045,False
3.0,0.0,0.0204,2.0,39.00856448330768,10.0,0.95833375,1+2,NA,invalid_target_complement_gap,target_complement_gap_below_tolerance,2.3569806317565294e-08,55.6906216199045,False
3.0,0.0,0.0204,2.0,39.00856448330768,10.0,0.95833375,0+1+2,0,valid_full_space,P=I3; no complementary spectrum,nan,NA,True
3.0,0.0,0.0204,2.0,39.00856448330768,10.0,0.97,0,NA,invalid_target_complement_gap,target_complement_gap_below_tolerance,1.0329315245592229e-08,40.15288034923279,False
3.0,0.0,0.0204,2.0,39.00856448330768,10.0,0.97,1,NA,invalid_target_complement_gap,target_complement_gap_below_tolerance,4.5749565724035326e-08,40.15288034923279,False
3.0,0.0,0.0204,2.0,39.00856448330768,10.0,0.97,2,NA,invalid_target_complement_gap,target_complement_gap_below_tolerance,1.0329315245592229e-08,40.15288034923279,False
3.0,0.0,0.0204,2.0,39.00856448330768,10.0,0.97,0+1,NA,invalid_target_complement_gap,target_complement_gap_below_tolerance,1.0329315245592229e-08,40.15288034923279,False
3.0,0.0,0.0204,2.0,39.00856448330768,10.0,0.97,0+2,NA,invalid_target_complement_gap,target_complement_gap_below_tolerance,4.5749565724035326e-08,40.15288034923279,False
3.0,0.0,0.0204,2.0,39.00856448330768,10.0,0.97,1+2,NA,invalid_target_complement_gap,target_complement_gap_below_tolerance,1.0329315245592229e-08,40.15288034923279,False
3.0,0.0,0.0204,2.0,39.00856448330768,10.0,0.97,0+1+2,0,valid_full_space,P=I3; no complementary spectrum,nan,NA,True
3.0,0.0,0.0204,2.0,39.00856448330768,10.0,0.975,0,NA,invalid_target_complement_gap,target_complement_gap_below_tolerance,1.3010352938808368e-08,33.47588084388056,False
3.0,0.0,0.0204,2.0,39.00856448330768,10.0,0.975,1,NA,invalid_target_complement_gap,target_complement_gap_below_tolerance,1.458696799655601e-07,33.47588084388056,False
3.0,0.0,0.0204,2.0,39.00856448330768,10.0,0.975,2,NA,invalid_target_complement_gap,target_complement_gap_below_tolerance,1.3010352938808368e-08,33.47588084388056,False
3.0,0.0,0.0204,2.0,39.00856448330768,10.0,0.975,0+1,NA,invalid_target_complement_gap,target_complement_gap_below_tolerance,1.3010352938808368e-08,33.47588084388056,False
3.0,0.0,0.0204,2.0,39.00856448330768,10.0,0.975,0+2,NA,invalid_target_complement_gap,target_complement_gap_below_tolerance,1.458696799655601e-07,33.47588084388056,False
3.0,0.0,0.0204,2.0,39.00856448330768,10.0,0.975,1+2,NA,invalid_target_complement_gap,target_complement_gap_below_tolerance,1.3010352938808368e-08,33.47588084388056,False
3.0,0.0,0.0204,2.0,39.00856448330768,10.0,0.975,0+1+2,0,valid_full_space,P=I3; no complementary spectrum,nan,NA,True
3.0,0.0,0.0204,2.0,39.00856448330768,10.0,0.98,0,NA,invalid_target_complement_gap,target_complement_gap_below_tolerance,7.540437741519577e-09,32.0,False
3.0,0.0,0.0204,2.0,39.00856448330768,10.0,0.98,1,0,valid_numerical,target/complement separated on tested radial set and UV tail,0.1454871960242002,32.0,False
3.0,0.0,0.0204,2.0,39.00856448330768,10.0,0.98,2,NA,invalid_target_complement_gap,target_complement_gap_below_tolerance,7.540437741519577e-09,32.0,False
3.0,0.0,0.0204,2.0,39.00856448330768,10.0,0.98,0+1,NA,invalid_target_complement_gap,target_complement_gap_below_tolerance,7.540437741519577e-09,32.0,False
3.0,0.0,0.0204,2.0,39.00856448330768,10.0,0.98,0+2,0,valid_numerical,target/complement separated on tested radial set and UV tail,0.1454871960242002,32.0,False
3.0,0.0,0.0204,2.0,39.00856448330768,10.0,0.98,1+2,NA,invalid_target_complement_gap,target_complement_gap_below_tolerance,7.540437741519577e-09,32.0,False
3.0,0.0,0.0204,2.0,39.00856448330768,10.0,0.98,0+1+2,0,valid_full_space,P=I3; no complementary spectrum,nan,NA,True
3.0,0.0,0.0204,2.0,39.00856448330768,10.0,0.99,0,NA,invalid_target_complement_gap,target_complement_gap_below_tolerance,4.639142815720715e-09,16.0,False
3.0,0.0,0.0204,2.0,39.00856448330768,10.0,0.99,1,0,valid_numerical,target/complement separated on tested radial set and UV tail,0.34244877482404545,16.0,False
3.0,0.0,0.0204,2.0,39.00856448330768,10.0,0.99,2,NA,invalid_target_complement_gap,target_complement_gap_below_tolerance,4.639142815720715e-09,16.0,False
3.0,0.0,0.0204,2.0,39.00856448330768,10.0,0.99,0+1,NA,invalid_target_complement_gap,target_complement_gap_below_tolerance,4.639142815720715e-09,16.0,False
3.0,0.0,0.0204,2.0,39.00856448330768,10.0,0.99,0+2,0,valid_numerical,target/complement separated on tested radial set and UV tail,0.34244877482404545,16.0,False
3.0,0.0,0.0204,2.0,39.00856448330768,10.0,0.99,1+2,NA,invalid_target_complement_gap,target_complement_gap_below_tolerance,4.639142815720715e-09,16.0,False
3.0,0.0,0.0204,2.0,39.00856448330768,10.0,0.99,0+1+2,0,valid_full_space,P=I3; no complementary spectrum,nan,NA,True
3.0,0.0,0.0204,2.0,39.00856448330768,10.0,1.0,0,NA,invalid,singular_or_unresolved_closure: D0 is zero within relative tolerance,nan,NA,False
3.0,0.0,0.0204,2.0,39.00856448330768,10.0,1.0,1,NA,invalid,singular_or_unresolved_closure: D0 is zero within relative tolerance,nan,NA,False
3.0,0.0,0.0204,2.0,39.00856448330768,10.0,1.0,2,NA,invalid,singular_or_unresolved_closure: D0 is zero within relative tolerance,nan,NA,False
3.0,0.0,0.0204,2.0,39.00856448330768,10.0,1.0,0+1,NA,invalid,singular_or_unresolved_closure: D0 is zero within relative tolerance,nan,NA,False
3.0,0.0,0.0204,2.0,39.00856448330768,10.0,1.0,0+2,NA,invalid,singular_or_unresolved_closure: D0 is zero within relative tolerance,nan,NA,False
3.0,0.0,0.0204,2.0,39.00856448330768,10.0,1.0,1+2,NA,invalid,singular_or_unresolved_closure: D0 is zero within relative tolerance,nan,NA,False
3.0,0.0,0.0204,2.0,39.00856448330768,10.0,1.0,0+1+2,NA,invalid,singular_or_unresolved_closure: D0 is zero within relative tolerance,nan,NA,False
3.0,0.0,0.0204,2.0,78.01712896661536,20.0,0.0,0,NA,invalid,singular_or_unresolved_closure: D0 is zero within relative tolerance,nan,NA,False
3.0,0.0,0.0204,2.0,78.01712896661536,20.0,0.0,1,NA,invalid,singular_or_unresolved_closure: D0 is zero within relative tolerance,nan,NA,False
3.0,0.0,0.0204,2.0,78.01712896661536,20.0,0.0,2,NA,invalid,singular_or_unresolved_closure: D0 is zero within relative tolerance,nan,NA,False
3.0,0.0,0.0204,2.0,78.01712896661536,20.0,0.0,0+1,NA,invalid,singular_or_unresolved_closure: D0 is zero within relative tolerance,nan,NA,False
3.0,0.0,0.0204,2.0,78.01712896661536,20.0,0.0,0+2,NA,invalid,singular_or_unresolved_closure: D0 is zero within relative tolerance,nan,NA,False
3.0,0.0,0.0204,2.0,78.01712896661536,20.0,0.0,1+2,NA,invalid,singular_or_unresolved_closure: D0 is zero within relative tolerance,nan,NA,False
3.0,0.0,0.0204,2.0,78.01712896661536,20.0,0.0,0+1+2,NA,invalid,singular_or_unresolved_closure: D0 is zero within relative tolerance,nan,NA,False
3.0,0.0,0.0204,2.0,78.01712896661536,20.0,1e-05,0,NA,invalid_target_complement_gap,target_complement_gap_below_tolerance,3.9470776869166005e-09,0.5,False
3.0,0.0,0.0204,2.0,78.01712896661536,20.0,1e-05,1,0,valid_numerical,target/complement separated on tested radial set and UV tail,0.49999743863624413,0.5,False
3.0,0.0,0.0204,2.0,78.01712896661536,20.0,1e-05,2,NA,invalid_target_complement_gap,target_complement_gap_below_tolerance,3.9470776869166005e-09,0.5,False
3.0,0.0,0.0204,2.0,78.01712896661536,20.0,1e-05,0+1,NA,invalid_target_complement_gap,target_complement_gap_below_tolerance,3.9470776869166005e-09,0.5,False
3.0,0.0,0.0204,2.0,78.01712896661536,20.0,1e-05,0+2,0,valid_numerical,target/complement separated on tested radial set and UV tail,0.49999743863624413,0.5,False
3.0,0.0,0.0204,2.0,78.01712896661536,20.0,1e-05,1+2,NA,invalid_target_complement_gap,target_complement_gap_below_tolerance,3.9470776869166005e-09,0.5,False
3.0,0.0,0.0204,2.0,78.01712896661536,20.0,1e-05,0+1+2,0,valid_full_space,P=I3; no complementary spectrum,nan,NA,True
3.0,0.0,0.0204,2.0,78.01712896661536,20.0,0.01,0,NA,invalid_target_complement_gap,target_complement_gap_below_tolerance,2.073516835778314e-09,32.0,False
3.0,0.0,0.0204,2.0,78.01712896661536,20.0,0.01,1,0,valid_numerical,target/complement separated on tested radial set and UV tail,0.16184266053362167,32.0,False
3.0,0.0,0.0204,2.0,78.01712896661536,20.0,0.01,2,NA,invalid_target_complement_gap,target_complement_gap_below_tolerance,2.073516835778314e-09,32.0,False
3.0,0.0,0.0204,2.0,78.01712896661536,20.0,0.01,0+1,NA,invalid_target_complement_gap,target_complement_gap_below_tolerance,2.073516835778314e-09,32.0,False
3.0,0.0,0.0204,2.0,78.01712896661536,20.0,0.01,0+2,0,valid_numerical,target/complement separated on tested radial set and UV tail,0.16184266053362167,32.0,False
3.0,0.0,0.0204,2.0,78.01712896661536,20.0,0.01,1+2,NA,invalid_target_complement_gap,target_complement_gap_below_tolerance,2.073516835778314e-09,32.0,False
3.0,0.0,0.0204,2.0,78.01712896661536,20.0,0.01,0+1+2,0,valid_full_space,P=I3; no complementary spectrum,nan,NA,True
3.0,0.0,0.0204,2.0,78.01712896661536,20.0,0.02,0,NA,invalid_target_complement_gap,target_complement_gap_below_tolerance,3.918894441940966e-09,53.581243331680746,False
3.0,0.0,0.0204,2.0,78.01712896661536,20.0,0.02,1,NA,invalid_target_complement_gap,target_complement_gap_below_tolerance,5.833926313206553e-08,53.581243331680746,False
3.0,0.0,0.0204,2.0,78.01712896661536,20.0,0.02,2,NA,invalid_target_complement_gap,target_complement_gap_below_tolerance,3.918894441940966e-09,53.581243331680746,False
3.0,0.0,0.0204,2.0,78.01712896661536,20.0,0.02,0+1,NA,invalid_target_complement_gap,target_complement_gap_below_tolerance,3.918894441940966e-09,53.581243331680746,False
3.0,0.0,0.0204,2.0,78.01712896661536,20.0,0.02,0+2,NA,invalid_target_complement_gap,target_complement_gap_below_tolerance,5.833926313206553e-08,53.581243331680746,False
3.0,0.0,0.0204,2.0,78.01712896661536,20.0,0.02,1+2,NA,invalid_target_complement_gap,target_complement_gap_below_tolerance,3.918894441940966e-09,53.581243331680746,False
3.0,0.0,0.0204,2.0,78.01712896661536,20.0,0.02,0+1+2,0,valid_full_space,P=I3; no complementary spectrum,nan,NA,True
3.0,0.0,0.0204,2.0,78.01712896661536,20.0,0.025,0,NA,invalid_target_complement_gap,target_complement_gap_below_tolerance,3.624827009566217e-09,66.95176168776102,False
3.0,0.0,0.0204,2.0,78.01712896661536,20.0,0.025,1,NA,invalid_target_complement_gap,target_complement_gap_below_tolerance,4.5224418880263535e-08,66.95176168776102,False
3.0,0.0,0.0204,2.0,78.01712896661536,20.0,0.025,2,NA,invalid_target_complement_gap,target_complement_gap_below_tolerance,3.624827009566217e-09,66.95176168776102,False
3.0,0.0,0.0204,2.0,78.01712896661536,20.0,0.025,0+1,NA,invalid_target_complement_gap,target_complement_gap_below_tolerance,3.624827009566217e-09,66.95176168776102,False
3.0,0.0,0.0204,2.0,78.01712896661536,20.0,0.025,0+2,NA,invalid_target_complement_gap,target_complement_gap_below_tolerance,4.5224418880263535e-08,66.95176168776102,False
3.0,0.0,0.0204,2.0,78.01712896661536,20.0,0.025,1+2,NA,invalid_target_complement_gap,target_complement_gap_below_tolerance,3.624827009566217e-09,66.95176168776102,False
3.0,0.0,0.0204,2.0,78.01712896661536,20.0,0.025,0+1+2,0,valid_full_space,P=I3; no complementary spectrum,nan,NA,True
3.0,0.0,0.0204,2.0,78.01712896661536,20.0,0.03,0,NA,invalid_target_complement_gap,target_complement_gap_below_tolerance,1.0735883422470515e-08,80.30576069846555,False
3.0,0.0,0.0204,2.0,78.01712896661536,20.0,0.03,1,NA,invalid_target_complement_gap,target_complement_gap_below_tolerance,7.113401974207992e-08,80.30576069846555,False
3.0,0.0,0.0204,2.0,78.01712896661536,20.0,0.03,2,NA,invalid_target_complement_gap,target_complement_gap_below_tolerance,1.0735883422470515e-08,80.30576069846555,False
3.0,0.0,0.0204,2.0,78.01712896661536,20.0,0.03,0+1,NA,invalid_target_complement_gap,target_complement_gap_below_tolerance,1.0735883422470515e-08,80.30576069846555,False
3.0,0.0,0.0204,2.0,78.01712896661536,20.0,0.03,0+2,NA,invalid_target_complement_gap,target_complement_gap_below_tolerance,7.113401974207992e-08,80.30576069846555,False
3.0,0.0,0.0204,2.0,78.01712896661536,20.0,0.03,1+2,NA,invalid_target_complement_gap,target_complement_gap_below_tolerance,1.0735883422470515e-08,80.30576069846555,False
3.0,0.0,0.0204,2.0,78.01712896661536,20.0,0.03,0+1+2,0,valid_full_space,P=I3; no complementary spectrum,nan,NA,True
3.0,0.0,0.0204,2.0,78.01712896661536,20.0,0.041676250000000005,0,-2,valid_numerical,target/complement separated on tested radial set and UV tail,0.09620161893134745,111.4078220983735,False
3.0,0.0,0.0204,2.0,78.01712896661536,20.0,0.041676250000000005,1,0,valid_numerical,target/complement separated on tested radial set and UV tail,0.0962016189313473,111.4078220983735,False
3.0,0.0,0.0204,2.0,78.01712896661536,20.0,0.041676250000000005,2,2,valid_numerical,target/complement separated on tested radial set and UV tail,0.0962016189313473,111.4078220983735,False
3.0,0.0,0.0204,2.0,78.01712896661536,20.0,0.041676250000000005,0+1,-2,valid_numerical,target/complement separated on tested radial set and UV tail,0.0962016189313473,111.4078220983735,False
3.0,0.0,0.0204,2.0,78.01712896661536,20.0,0.041676250000000005,0+2,0,valid_numerical,target/complement separated on tested radial set and UV tail,0.0962016189313473,111.4078220983735,False
3.0,0.0,0.0204,2.0,78.01712896661536,20.0,0.041676250000000005,1+2,2,valid_numerical,target/complement separated on tested radial set and UV tail,0.09620161893134745,111.4078220983735,False
3.0,0.0,0.0204,2.0,78.01712896661536,20.0,0.041676250000000005,0+1+2,0,valid_full_space,P=I3; no complementary spectrum,nan,NA,True
3.0,0.0,0.0204,2.0,78.01712896661536,20.0,0.0833425,0,-2,valid_numerical,target/complement separated on tested radial set and UV tail,0.24796992245113145,220.88265528498593,False
3.0,0.0,0.0204,2.0,78.01712896661536,20.0,0.0833425,1,0,valid_numerical,target/complement separated on tested radial set and UV tail,0.24796992245113145,220.88265528498593,False
3.0,0.0,0.0204,2.0,78.01712896661536,20.0,0.0833425,2,2,valid_numerical,target/complement separated on tested radial set and UV tail,0.24796992245113153,220.88265528498593,False
3.0,0.0,0.0204,2.0,78.01712896661536,20.0,0.0833425,0+1,-2,valid_numerical,target/complement separated on tested radial set and UV tail,0.24796992245113153,220.88265528498593,False
3.0,0.0,0.0204,2.0,78.01712896661536,20.0,0.0833425,0+2,0,valid_numerical,target/complement separated on tested radial set and UV tail,0.24796992245113145,220.88265528498593,False
3.0,0.0,0.0204,2.0,78.01712896661536,20.0,0.0833425,1+2,2,valid_numerical,target/complement separated on tested radial set and UV tail,0.24796992245113145,220.88265528498593,False
3.0,0.0,0.0204,2.0,78.01712896661536,20.0,0.0833425,0+1+2,0,valid_full_space,P=I3; no complementary spectrum,nan,NA,True
3.0,0.0,0.0204,2.0,78.01712896661536,20.0,0.12500875,0,-2,valid_numerical,target/complement separated on tested radial set and UV tail,0.34902648059316127,326.5782004783633,False
3.0,0.0,0.0204,2.0,78.01712896661536,20.0,0.12500875,1,0,valid_numerical,target/complement separated on tested radial set and UV tail,0.3490264805931611,326.5782004783633,False
3.0,0.0,0.0204,2.0,78.01712896661536,20.0,0.12500875,2,2,valid_numerical,target/complement separated on tested radial set and UV tail,0.3490264805931611,326.5782004783633,False
3.0,0.0,0.0204,2.0,78.01712896661536,20.0,0.12500875,0+1,-2,valid_numerical,target/complement separated on tested radial set and UV tail,0.3490264805931611,326.5782004783633,False
3.0,0.0,0.0204,2.0,78.01712896661536,20.0,0.12500875,0+2,0,valid_numerical,target/complement separated on tested radial set and UV tail,0.3490264805931611,326.5782004783633,False
3.0,0.0,0.0204,2.0,78.01712896661536,20.0,0.12500875,1+2,2,valid_numerical,target/complement separated on tested radial set and UV tail,0.34902648059316127,326.5782004783633,False
3.0,0.0,0.0204,2.0,78.01712896661536,20.0,0.12500875,0+1+2,0,valid_full_space,P=I3; no complementary spectrum,nan,NA,True
3.0,0.0,0.0204,2.0,78.01712896661536,20.0,0.16667500000000002,0,-2,valid_numerical,target/complement separated on tested radial set and UV tail,0.4266160905046994,426.6860137136666,False
3.0,0.0,0.0204,2.0,78.01712896661536,20.0,0.16667500000000002,1,0,valid_numerical,target/complement separated on tested radial set and UV tail,0.4266160905046994,426.6860137136666,False
3.0,0.0,0.0204,2.0,78.01712896661536,20.0,0.16667500000000002,2,2,valid_numerical,target/complement separated on tested radial set and UV tail,0.4266160905046995,426.6860137136666,False
3.0,0.0,0.0204,2.0,78.01712896661536,20.0,0.16667500000000002,0+1,-2,valid_numerical,target/complement separated on tested radial set and UV tail,0.4266160905046995,426.6860137136666,False
3.0,0.0,0.0204,2.0,78.01712896661536,20.0,0.16667500000000002,0+2,0,valid_numerical,target/complement separated on tested radial set and UV tail,0.4266160905046994,426.6860137136666,False
3.0,0.0,0.0204,2.0,78.01712896661536,20.0,0.16667500000000002,1+2,2,valid_numerical,target/complement separated on tested radial set and UV tail,0.4266160905046994,426.6860137136666,False
3.0,0.0,0.0204,2.0,78.01712896661536,20.0,0.16667500000000002,0+1+2,0,valid_full_space,P=I3; no complementary spectrum,nan,NA,True
3.0,0.0,0.0204,2.0,78.01712896661536,20.0,0.20834125000000003,0,-2,valid_numerical,target/complement separated on tested radial set and UV tail,0.47784885170278696,519.4932567596591,False
3.0,0.0,0.0204,2.0,78.01712896661536,20.0,0.20834125000000003,1,0,valid_numerical,target/complement separated on tested radial set and UV tail,0.47784885170278696,519.4932567596591,False
3.0,0.0,0.0204,2.0,78.01712896661536,20.0,0.20834125000000003,2,2,valid_numerical,target/complement separated on tested radial set and UV tail,0.47784885170278724,519.4932567596591,False
3.0,0.0,0.0204,2.0,78.01712896661536,20.0,0.20834125000000003,0+1,-2,valid_numerical,target/complement separated on tested radial set and UV tail,0.47784885170278724,519.4932567596591,False
3.0,0.0,0.0204,2.0,78.01712896661536,20.0,0.20834125000000003,0+2,0,valid_numerical,target/complement separated on tested radial set and UV tail,0.47784885170278696,519.4932567596591,False
3.0,0.0,0.0204,2.0,78.01712896661536,20.0,0.20834125000000003,1+2,2,valid_numerical,target/complement separated on tested radial set and UV tail,0.47784885170278696,519.4932567596591,False
3.0,0.0,0.0204,2.0,78.01712896661536,20.0,0.20834125000000003,0+1+2,0,valid_full_space,P=I3; no complementary spectrum,nan,NA,True
3.0,0.0,0.0204,2.0,78.01712896661536,20.0,0.2500075,0,-2,valid_numerical,target/complement separated on tested radial set and UV tail,0.49939806781214047,603.4120036704287,False
3.0,0.0,0.0204,2.0,78.01712896661536,20.0,0.2500075,1,0,valid_numerical,target/complement separated on tested radial set and UV tail,0.49939806781214047,603.4120036704287,False
3.0,0.0,0.0204,2.0,78.01712896661536,20.0,0.2500075,2,2,valid_numerical,target/complement separated on tested radial set and UV tail,0.49939806781214074,603.4120036704287,False
3.0,0.0,0.0204,2.0,78.01712896661536,20.0,0.2500075,0+1,-2,valid_numerical,target/complement separated on tested radial set and UV tail,0.49939806781214074,603.4120036704287,False
3.0,0.0,0.0204,2.0,78.01712896661536,20.0,0.2500075,0+2,0,valid_numerical,target/complement separated on tested radial set and UV tail,0.49939806781214047,603.4120036704287,False
3.0,0.0,0.0204,2.0,78.01712896661536,20.0,0.2500075,1+2,2,valid_numerical,target/complement separated on tested radial set and UV tail,0.49939806781214047,603.4120036704287,False
3.0,0.0,0.0204,2.0,78.01712896661536,20.0,0.2500075,0+1+2,0,valid_full_space,P=I3; no complementary spectrum,nan,NA,True
3.0,0.0,0.0204,2.0,78.01712896661536,20.0,0.29167375,0,-2,valid_numerical,target/complement separated on tested radial set and UV tail,0.5,677.0064100959606,False
3.0,0.0,0.0204,2.0,78.01712896661536,20.0,0.29167375,1,0,valid_numerical,target/complement separated on tested radial set and UV tail,0.5,677.0064100959606,False
3.0,0.0,0.0204,2.0,78.01712896661536,20.0,0.29167375,2,2,valid_numerical,target/complement separated on tested radial set and UV tail,0.5,677.0064100959606,False
3.0,0.0,0.0204,2.0,78.01712896661536,20.0,0.29167375,0+1,-2,valid_numerical,target/complement separated on tested radial set and UV tail,0.5,677.0064100959606,False
3.0,0.0,0.0204,2.0,78.01712896661536,20.0,0.29167375,0+2,0,valid_numerical,target/complement separated on tested radial set and UV tail,0.5,677.0064100959606,False
3.0,0.0,0.0204,2.0,78.01712896661536,20.0,0.29167375,1+2,2,valid_numerical,target/complement separated on tested radial set and UV tail,0.5,677.0064100959606,False
3.0,0.0,0.0204,2.0,78.01712896661536,20.0,0.29167375,0+1+2,0,valid_full_space,P=I3; no complementary spectrum,nan,NA,True
3.0,0.0,0.0204,2.0,78.01712896661536,20.0,0.33334,0,-2,valid_numerical,target/complement separated on tested radial set and UV tail,0.5,739.0172804864079,False
3.0,0.0,0.0204,2.0,78.01712896661536,20.0,0.33334,1,0,valid_numerical,target/complement separated on tested radial set and UV tail,0.5,739.0172804864079,False
3.0,0.0,0.0204,2.0,78.01712896661536,20.0,0.33334,2,2,valid_numerical,target/complement separated on tested radial set and UV tail,0.5,739.0172804864079,False
3.0,0.0,0.0204,2.0,78.01712896661536,20.0,0.33334,0+1,-2,valid_numerical,target/complement separated on tested radial set and UV tail,0.5,739.0172804864079,False
3.0,0.0,0.0204,2.0,78.01712896661536,20.0,0.33334,0+2,0,valid_numerical,target/complement separated on tested radial set and UV tail,0.5,739.0172804864079,False
3.0,0.0,0.0204,2.0,78.01712896661536,20.0,0.33334,1+2,2,valid_numerical,target/complement separated on tested radial set and UV tail,0.5,739.0172804864079,False
3.0,0.0,0.0204,2.0,78.01712896661536,20.0,0.33334,0+1+2,0,valid_full_space,P=I3; no complementary spectrum,nan,NA,True
3.0,0.0,0.0204,2.0,78.01712896661536,20.0,0.37500625000000004,0,-2,valid_numerical,target/complement separated on tested radial set and UV tail,0.5,788.3836128467777,False
3.0,0.0,0.0204,2.0,78.01712896661536,20.0,0.37500625000000004,1,0,valid_numerical,target/complement separated on tested radial set and UV tail,0.4999999999999999,788.3836128467777,False
3.0,0.0,0.0204,2.0,78.01712896661536,20.0,0.37500625000000004,2,2,valid_numerical,target/complement separated on tested radial set and UV tail,0.4999999999999999,788.3836128467777,False
3.0,0.0,0.0204,2.0,78.01712896661536,20.0,0.37500625000000004,0+1,-2,valid_numerical,target/complement separated on tested radial set and UV tail,0.4999999999999999,788.3836128467777,False
3.0,0.0,0.0204,2.0,78.01712896661536,20.0,0.37500625000000004,0+2,0,valid_numerical,target/complement separated on tested radial set and UV tail,0.4999999999999999,788.3836128467777,False
3.0,0.0,0.0204,2.0,78.01712896661536,20.0,0.37500625000000004,1+2,2,valid_numerical,target/complement separated on tested radial set and UV tail,0.5,788.3836128467777,False
3.0,0.0,0.0204,2.0,78.01712896661536,20.0,0.37500625000000004,0+1+2,0,valid_full_space,P=I3; no complementary spectrum,nan,NA,True
3.0,0.0,0.0204,2.0,78.01712896661536,20.0,0.41667250000000006,0,-2,valid_numerical,target/complement separated on tested radial set and UV tail,0.5,824.2607524126707,False
3.0,0.0,0.0204,2.0,78.01712896661536,20.0,0.41667250000000006,1,0,valid_numerical,target/complement separated on tested radial set and UV tail,0.4999999999999999,824.2607524126707,False
3.0,0.0,0.0204,2.0,78.01712896661536,20.0,0.41667250000000006,2,2,valid_numerical,target/complement separated on tested radial set and UV tail,0.4999999999999999,824.2607524126707,False
3.0,0.0,0.0204,2.0,78.01712896661536,20.0,0.41667250000000006,0+1,-2,valid_numerical,target/complement separated on tested radial set and UV tail,0.4999999999999999,824.2607524126707,False
3.0,0.0,0.0204,2.0,78.01712896661536,20.0,0.41667250000000006,0+2,0,valid_numerical,target/complement separated on tested radial set and UV tail,0.4999999999999999,824.2607524126707,False
3.0,0.0,0.0204,2.0,78.01712896661536,20.0,0.41667250000000006,1+2,2,valid_numerical,target/complement separated on tested radial set and UV tail,0.5,824.2607524126707,False
3.0,0.0,0.0204,2.0,78.01712896661536,20.0,0.41667250000000006,0+1+2,0,valid_full_space,P=I3; no complementary spectrum,nan,NA,True
3.0,0.0,0.0204,2.0,78.01712896661536,20.0,0.45833875,0,-2,valid_numerical,target/complement separated on tested radial set and UV tail,0.5,846.034843638852,False
3.0,0.0,0.0204,2.0,78.01712896661536,20.0,0.45833875,1,0,valid_numerical,target/complement separated on tested radial set and UV tail,0.5,846.034843638852,False
3.0,0.0,0.0204,2.0,78.01712896661536,20.0,0.45833875,2,2,valid_numerical,target/complement separated on tested radial set and UV tail,0.5000000000000002,846.034843638852,False
3.0,0.0,0.0204,2.0,78.01712896661536,20.0,0.45833875,0+1,-2,valid_numerical,target/complement separated on tested radial set and UV tail,0.5000000000000002,846.034843638852,False
3.0,0.0,0.0204,2.0,78.01712896661536,20.0,0.45833875,0+2,0,valid_numerical,target/complement separated on tested radial set and UV tail,0.5,846.034843638852,False
3.0,0.0,0.0204,2.0,78.01712896661536,20.0,0.45833875,1+2,2,valid_numerical,target/complement separated on tested radial set and UV tail,0.5,846.034843638852,False
3.0,0.0,0.0204,2.0,78.01712896661536,20.0,0.45833875,0+1+2,0,valid_full_space,P=I3; no complementary spectrum,nan,NA,True
3.0,0.0,0.0204,2.0,78.01712896661536,20.0,0.500005,0,-2,valid_numerical,target/complement separated on tested radial set and UV tail,0.4999999999999999,853.3333332280575,False
3.0,0.0,0.0204,2.0,78.01712896661536,20.0,0.500005,1,0,valid_numerical,target/complement separated on tested radial set and UV tail,0.4999999999999997,853.3333332280575,False
3.0,0.0,0.0204,2.0,78.01712896661536,20.0,0.500005,2,2,valid_numerical,target/complement separated on tested radial set and UV tail,0.4999999999999997,853.3333332280575,False
3.0,0.0,0.0204,2.0,78.01712896661536,20.0,0.500005,0+1,-2,valid_numerical,target/complement separated on tested radial set and UV tail,0.4999999999999997,853.3333332280575,False
3.0,0.0,0.0204,2.0,78.01712896661536,20.0,0.500005,0+2,0,valid_numerical,target/complement separated on tested radial set and UV tail,0.4999999999999997,853.3333332280575,False
3.0,0.0,0.0204,2.0,78.01712896661536,20.0,0.500005,1+2,2,valid_numerical,target/complement separated on tested radial set and UV tail,0.4999999999999999,853.3333332280575,False
3.0,0.0,0.0204,2.0,78.01712896661536,20.0,0.500005,0+1+2,0,valid_full_space,P=I3; no complementary spectrum,nan,NA,True
3.0,0.0,0.0204,2.0,78.01712896661536,20.0,0.5416712499999999,0,-2,valid_numerical,target/complement separated on tested radial set and UV tail,0.5,846.0313444938969,False
3.0,0.0,0.0204,2.0,78.01712896661536,20.0,0.5416712499999999,1,0,valid_numerical,target/complement separated on tested radial set and UV tail,0.49999999999999983,846.0313444938969,False
3.0,0.0,0.0204,2.0,78.01712896661536,20.0,0.5416712499999999,2,2,valid_numerical,target/complement separated on tested radial set and UV tail,0.49999999999999983,846.0313444938969,False
3.0,0.0,0.0204,2.0,78.01712896661536,20.0,0.5416712499999999,0+1,-2,valid_numerical,target/complement separated on tested radial set and UV tail,0.49999999999999983,846.0313444938969,False
3.0,0.0,0.0204,2.0,78.01712896661536,20.0,0.5416712499999999,0+2,0,valid_numerical,target/complement separated on tested radial set and UV tail,0.49999999999999983,846.0313444938969,False
3.0,0.0,0.0204,2.0,78.01712896661536,20.0,0.5416712499999999,1+2,2,valid_numerical,target/complement separated on tested radial set and UV tail,0.5,846.0313444938969,False
3.0,0.0,0.0204,2.0,78.01712896661536,20.0,0.5416712499999999,0+1+2,0,valid_full_space,P=I3; no complementary spectrum,nan,NA,True
3.0,0.0,0.0204,2.0,78.01712896661536,20.0,0.5833375,0,-2,valid_numerical,target/complement separated on tested radial set and UV tail,0.4999999999999999,824.2538139929055,False
3.0,0.0,0.0204,2.0,78.01712896661536,20.0,0.5833375,1,0,valid_numerical,target/complement separated on tested radial set and UV tail,0.49999999999999983,824.2538139929055,False
3.0,0.0,0.0204,2.0,78.01712896661536,20.0,0.5833375,2,2,valid_numerical,target/complement separated on tested radial set and UV tail,0.49999999999999983,824.2538139929055,False
3.0,0.0,0.0204,2.0,78.01712896661536,20.0,0.5833375,0+1,-2,valid_numerical,target/complement separated on tested radial set and UV tail,0.49999999999999983,824.2538139929055,False
3.0,0.0,0.0204,2.0,78.01712896661536,20.0,0.5833375,0+2,0,valid_numerical,target/complement separated on tested radial set and UV tail,0.49999999999999983,824.2538139929055,False
3.0,0.0,0.0204,2.0,78.01712896661536,20.0,0.5833375,1+2,2,valid_numerical,target/complement separated on tested radial set and UV tail,0.4999999999999999,824.2538139929055,False
3.0,0.0,0.0204,2.0,78.01712896661536,20.0,0.5833375,0+1+2,0,valid_full_space,P=I3; no complementary spectrum,nan,NA,True
3.0,0.0,0.0204,2.0,78.01712896661536,20.0,0.62500375,0,-2,valid_numerical,target/complement separated on tested radial set and UV tail,0.5,788.373353868117,False
3.0,0.0,0.0204,2.0,78.01712896661536,20.0,0.62500375,1,0,valid_numerical,target/complement separated on tested radial set and UV tail,0.5,788.373353868117,False
3.0,0.0,0.0204,2.0,78.01712896661536,20.0,0.62500375,2,2,valid_numerical,target/complement separated on tested radial set and UV tail,0.5000000000000001,788.373353868117,False
3.0,0.0,0.0204,2.0,78.01712896661536,20.0,0.62500375,0+1,-2,valid_numerical,target/complement separated on tested radial set and UV tail,0.5000000000000001,788.373353868117,False
3.0,0.0,0.0204,2.0,78.01712896661536,20.0,0.62500375,0+2,0,valid_numerical,target/complement separated on tested radial set and UV tail,0.5,788.373353868117,False
3.0,0.0,0.0204,2.0,78.01712896661536,20.0,0.62500375,1+2,2,valid_numerical,target/complement separated on tested radial set and UV tail,0.5,788.373353868117,False
3.0,0.0,0.0204,2.0,78.01712896661536,20.0,0.62500375,0+1+2,0,valid_full_space,P=I3; no complementary spectrum,nan,NA,True
3.0,0.0,0.0204,2.0,78.01712896661536,20.0,0.66667,0,-2,valid_numerical,target/complement separated on tested radial set and UV tail,0.5,739.0038764793153,False
3.0,0.0,0.0204,2.0,78.01712896661536,20.0,0.66667,1,0,valid_numerical,target/complement separated on tested radial set and UV tail,0.49999999999999983,739.0038764793153,False
3.0,0.0,0.0204,2.0,78.01712896661536,20.0,0.66667,2,2,valid_numerical,target/complement separated on tested radial set and UV tail,0.49999999999999983,739.0038764793153,False
3.0,0.0,0.0204,2.0,78.01712896661536,20.0,0.66667,0+1,-2,valid_numerical,target/complement separated on tested radial set and UV tail,0.49999999999999983,739.0038764793153,False
3.0,0.0,0.0204,2.0,78.01712896661536,20.0,0.66667,0+2,0,valid_numerical,target/complement separated on tested radial set and UV tail,0.49999999999999983,739.0038764793153,False
3.0,0.0,0.0204,2.0,78.01712896661536,20.0,0.66667,1+2,2,valid_numerical,target/complement separated on tested radial set and UV tail,0.5,739.0038764793153,False
3.0,0.0,0.0204,2.0,78.01712896661536,20.0,0.66667,0+1+2,0,valid_full_space,P=I3; no complementary spectrum,nan,NA,True
3.0,0.0,0.0204,2.0,78.01712896661536,20.0,0.70833625,0,-2,valid_numerical,target/complement separated on tested radial set and UV tail,0.5,676.9900904021335,False
3.0,0.0,0.0204,2.0,78.01712896661536,20.0,0.70833625,1,0,valid_numerical,target/complement separated on tested radial set and UV tail,0.4999999999999997,676.9900904021335,False
3.0,0.0,0.0204,2.0,78.01712896661536,20.0,0.70833625,2,2,valid_numerical,target/complement separated on tested radial set and UV tail,0.4999999999999997,676.9900904021335,False
3.0,0.0,0.0204,2.0,78.01712896661536,20.0,0.70833625,0+1,-2,valid_numerical,target/complement separated on tested radial set and UV tail,0.4999999999999997,676.9900904021335,False
3.0,0.0,0.0204,2.0,78.01712896661536,20.0,0.70833625,0+2,0,valid_numerical,target/complement separated on tested radial set and UV tail,0.4999999999999997,676.9900904021335,False
3.0,0.0,0.0204,2.0,78.01712896661536,20.0,0.70833625,1+2,2,valid_numerical,target/complement separated on tested radial set and UV tail,0.5,676.9900904021335,False
3.0,0.0,0.0204,2.0,78.01712896661536,20.0,0.70833625,0+1+2,0,valid_full_space,P=I3; no complementary spectrum,nan,NA,True
3.0,0.0,0.0204,2.0,78.01712896661536,20.0,0.7500025,0,-2,valid_numerical,target/complement separated on tested radial set and UV tail,0.49939659188595653,603.3930475187763,False
3.0,0.0,0.0204,2.0,78.01712896661536,20.0,0.7500025,1,0,valid_numerical,target/complement separated on tested radial set and UV tail,0.4993965918859565,603.3930475187763,False
3.0,0.0,0.0204,2.0,78.01712896661536,20.0,0.7500025,2,2,valid_numerical,target/complement separated on tested radial set and UV tail,0.4993965918859565,603.3930475187763,False
3.0,0.0,0.0204,2.0,78.01712896661536,20.0,0.7500025,0+1,-2,valid_numerical,target/complement separated on tested radial set and UV tail,0.4993965918859565,603.3930475187763,False
3.0,0.0,0.0204,2.0,78.01712896661536,20.0,0.7500025,0+2,0,valid_numerical,target/complement separated on tested radial set and UV tail,0.4993965918859565,603.3930475187763,False
3.0,0.0,0.0204,2.0,78.01712896661536,20.0,0.7500025,1+2,2,valid_numerical,target/complement separated on tested radial set and UV tail,0.49939659188595653,603.3930475187763,False
3.0,0.0,0.0204,2.0,78.01712896661536,20.0,0.7500025,0+1+2,0,valid_full_space,P=I3; no complementary spectrum,nan,NA,True
3.0,0.0,0.0204,2.0,78.01712896661536,20.0,0.79166875,0,-2,valid_numerical,target/complement separated on tested radial set and UV tail,0.47783992069685555,519.4719884887144,False
3.0,0.0,0.0204,2.0,78.01712896661536,20.0,0.79166875,1,0,valid_numerical,target/complement separated on tested radial set and UV tail,0.47783992069685555,519.4719884887144,False
3.0,0.0,0.0204,2.0,78.01712896661536,20.0,0.79166875,2,2,valid_numerical,target/complement separated on tested radial set and UV tail,0.4778399206968558,519.4719884887144,False
3.0,0.0,0.0204,2.0,78.01712896661536,20.0,0.79166875,0+1,-2,valid_numerical,target/complement separated on tested radial set and UV tail,0.4778399206968558,519.4719884887144,False
3.0,0.0,0.0204,2.0,78.01712896661536,20.0,0.79166875,0+2,0,valid_numerical,target/complement separated on tested radial set and UV tail,0.47783992069685555,519.4719884887144,False
3.0,0.0,0.0204,2.0,78.01712896661536,20.0,0.79166875,1+2,2,valid_numerical,target/complement separated on tested radial set and UV tail,0.47783992069685555,519.4719884887144,False
3.0,0.0,0.0204,2.0,78.01712896661536,20.0,0.79166875,0+1+2,0,valid_full_space,P=I3; no complementary spectrum,nan,NA,True
3.0,0.0,0.0204,2.0,78.01712896661536,20.0,0.833335,0,-2,valid_numerical,target/complement separated on tested radial set and UV tail,0.42660058263029976,426.66279722217445,False
3.0,0.0,0.0204,2.0,78.01712896661536,20.0,0.833335,1,0,valid_numerical,target/complement separated on tested radial set and UV tail,0.42660058263029976,426.66279722217445,False
3.0,0.0,0.0204,2.0,78.01712896661536,20.0,0.833335,2,2,valid_numerical,target/complement separated on tested radial set and UV tail,0.42660058263029976,426.66279722217445,False
3.0,0.0,0.0204,2.0,78.01712896661536,20.0,0.833335,0+1,-2,valid_numerical,target/complement separated on tested radial set and UV tail,0.42660058263029976,426.66279722217445,False
3.0,0.0,0.0204,2.0,78.01712896661536,20.0,0.833335,0+2,0,valid_numerical,target/complement separated on tested radial set and UV tail,0.42660058263029976,426.66279722217445,False
3.0,0.0,0.0204,2.0,78.01712896661536,20.0,0.833335,1+2,2,valid_numerical,target/complement separated on tested radial set and UV tail,0.42660058263029976,426.66279722217445,False
3.0,0.0,0.0204,2.0,78.01712896661536,20.0,0.833335,0+1+2,0,valid_full_space,P=I3; no complementary spectrum,nan,NA,True
3.0,0.0,0.0204,2.0,78.01712896661536,20.0,0.87500125,0,-2,valid_numerical,target/complement separated on tested radial set and UV tail,0.3490050341538298,326.55343299899647,False
3.0,0.0,0.0204,2.0,78.01712896661536,20.0,0.87500125,1,0,valid_numerical,target/complement separated on tested radial set and UV tail,0.3490050341538297,326.55343299899647,False
3.0,0.0,0.0204,2.0,78.01712896661536,20.0,0.87500125,2,2,valid_numerical,target/complement separated on tested radial set and UV tail,0.3490050341538297,326.55343299899647,False
3.0,0.0,0.0204,2.0,78.01712896661536,20.0,0.87500125,0+1,-2,valid_numerical,target/complement separated on tested radial set and UV tail,0.3490050341538297,326.55343299899647,False
3.0,0.0,0.0204,2.0,78.01712896661536,20.0,0.87500125,0+2,0,valid_numerical,target/complement separated on tested radial set and UV tail,0.3490050341538297,326.55343299899647,False
3.0,0.0,0.0204,2.0,78.01712896661536,20.0,0.87500125,1+2,2,valid_numerical,target/complement separated on tested radial set and UV tail,0.3490050341538298,326.55343299899647,False
3.0,0.0,0.0204,2.0,78.01712896661536,20.0,0.87500125,0+1+2,0,valid_full_space,P=I3; no complementary spectrum,nan,NA,True
3.0,0.0,0.0204,2.0,78.01712896661536,20.0,0.9166675,0,-2,valid_numerical,target/complement separated on tested radial set and UV tail,0.24794250054682315,220.85676058771978,False
3.0,0.0,0.0204,2.0,78.01712896661536,20.0,0.9166675,1,0,valid_numerical,target/complement separated on tested radial set and UV tail,0.24794250054682299,220.85676058771978,False
3.0,0.0,0.0204,2.0,78.01712896661536,20.0,0.9166675,2,2,valid_numerical,target/complement separated on tested radial set and UV tail,0.24794250054682299,220.85676058771978,False
3.0,0.0,0.0204,2.0,78.01712896661536,20.0,0.9166675,0+1,-2,valid_numerical,target/complement separated on tested radial set and UV tail,0.24794250054682299,220.85676058771978,False
3.0,0.0,0.0204,2.0,78.01712896661536,20.0,0.9166675,0+2,0,valid_numerical,target/complement separated on tested radial set and UV tail,0.24794250054682299,220.85676058771978,False
3.0,0.0,0.0204,2.0,78.01712896661536,20.0,0.9166675,1+2,2,valid_numerical,target/complement separated on tested radial set and UV tail,0.24794250054682315,220.85676058771978,False
3.0,0.0,0.0204,2.0,78.01712896661536,20.0,0.9166675,0+1+2,0,valid_full_space,P=I3; no complementary spectrum,nan,NA,True
3.0,0.0,0.0204,2.0,78.01712896661536,20.0,0.95833375,0,-2,valid_numerical,target/complement separated on tested radial set and UV tail,0.09614650611960056,111.381243239809,False
3.0,0.0,0.0204,2.0,78.01712896661536,20.0,0.95833375,1,0,valid_numerical,target/complement separated on tested radial set and UV tail,0.09614650611960056,111.381243239809,False
3.0,0.0,0.0204,2.0,78.01712896661536,20.0,0.95833375,2,2,valid_numerical,target/complement separated on tested radial set and UV tail,0.09614650611960056,111.381243239809,False
3.0,0.0,0.0204,2.0,78.01712896661536,20.0,0.95833375,0+1,-2,valid_numerical,target/complement separated on tested radial set and UV tail,0.09614650611960056,111.381243239809,False
3.0,0.0,0.0204,2.0,78.01712896661536,20.0,0.95833375,0+2,0,valid_numerical,target/complement separated on tested radial set and UV tail,0.09614650611960056,111.381243239809,False
3.0,0.0,0.0204,2.0,78.01712896661536,20.0,0.95833375,1+2,2,valid_numerical,target/complement separated on tested radial set and UV tail,0.09614650611960056,111.381243239809,False
3.0,0.0,0.0204,2.0,78.01712896661536,20.0,0.95833375,0+1+2,0,valid_full_space,P=I3; no complementary spectrum,nan,NA,True
3.0,0.0,0.0204,2.0,78.01712896661536,20.0,0.97,0,NA,invalid_target_complement_gap,target_complement_gap_below_tolerance,1.622790267625456e-08,80.30576069846558,False
3.0,0.0,0.0204,2.0,78.01712896661536,20.0,0.97,1,NA,invalid_target_complement_gap,target_complement_gap_below_tolerance,6.433492280229471e-08,80.30576069846558,False
3.0,0.0,0.0204,2.0,78.01712896661536,20.0,0.97,2,NA,invalid_target_complement_gap,target_complement_gap_below_tolerance,1.622790267625456e-08,80.30576069846558,False
3.0,0.0,0.0204,2.0,78.01712896661536,20.0,0.97,0+1,NA,invalid_target_complement_gap,target_complement_gap_below_tolerance,1.622790267625456e-08,80.30576069846558,False
3.0,0.0,0.0204,2.0,78.01712896661536,20.0,0.97,0+2,NA,invalid_target_complement_gap,target_complement_gap_below_tolerance,6.433492280229471e-08,80.30576069846558,False
3.0,0.0,0.0204,2.0,78.01712896661536,20.0,0.97,1+2,NA,invalid_target_complement_gap,target_complement_gap_below_tolerance,1.622790267625456e-08,80.30576069846558,False
3.0,0.0,0.0204,2.0,78.01712896661536,20.0,0.97,0+1+2,0,valid_full_space,P=I3; no complementary spectrum,nan,NA,True
3.0,0.0,0.0204,2.0,78.01712896661536,20.0,0.975,0,NA,invalid_target_complement_gap,target_complement_gap_below_tolerance,2.3269233722984772e-09,66.95176168776112,False
3.0,0.0,0.0204,2.0,78.01712896661536,20.0,0.975,1,NA,invalid_target_complement_gap,target_complement_gap_below_tolerance,4.49363823356071e-08,66.95176168776112,False
3.0,0.0,0.0204,2.0,78.01712896661536,20.0,0.975,2,NA,invalid_target_complement_gap,target_complement_gap_below_tolerance,2.3269233722984772e-09,66.95176168776112,False
3.0,0.0,0.0204,2.0,78.01712896661536,20.0,0.975,0+1,NA,invalid_target_complement_gap,target_complement_gap_below_tolerance,2.3269233722984772e-09,66.95176168776112,False
3.0,0.0,0.0204,2.0,78.01712896661536,20.0,0.975,0+2,NA,invalid_target_complement_gap,target_complement_gap_below_tolerance,4.49363823356071e-08,66.95176168776112,False
3.0,0.0,0.0204,2.0,78.01712896661536,20.0,0.975,1+2,NA,invalid_target_complement_gap,target_complement_gap_below_tolerance,2.3269233722984772e-09,66.95176168776112,False
3.0,0.0,0.0204,2.0,78.01712896661536,20.0,0.975,0+1+2,0,valid_full_space,P=I3; no complementary spectrum,nan,NA,True
3.0,0.0,0.0204,2.0,78.01712896661536,20.0,0.98,0,NA,invalid_target_complement_gap,target_complement_gap_below_tolerance,4.5632789336232355e-09,53.58124333168092,False
3.0,0.0,0.0204,2.0,78.01712896661536,20.0,0.98,1,NA,invalid_target_complement_gap,target_complement_gap_below_tolerance,4.0003133042251734e-08,53.58124333168092,False
3.0,0.0,0.0204,2.0,78.01712896661536,20.0,0.98,2,NA,invalid_target_complement_gap,target_complement_gap_below_tolerance,4.5632789336232355e-09,53.58124333168092,False
3.0,0.0,0.0204,2.0,78.01712896661536,20.0,0.98,0+1,NA,invalid_target_complement_gap,target_complement_gap_below_tolerance,4.5632789336232355e-09,53.58124333168092,False
3.0,0.0,0.0204,2.0,78.01712896661536,20.0,0.98,0+2,NA,invalid_target_complement_gap,target_complement_gap_below_tolerance,4.0003133042251734e-08,53.58124333168092,False
3.0,0.0,0.0204,2.0,78.01712896661536,20.0,0.98,1+2,NA,invalid_target_complement_gap,target_complement_gap_below_tolerance,4.5632789336232355e-09,53.58124333168092,False
3.0,0.0,0.0204,2.0,78.01712896661536,20.0,0.98,0+1+2,0,valid_full_space,P=I3; no complementary spectrum,nan,NA,True
3.0,0.0,0.0204,2.0,78.01712896661536,20.0,0.99,0,NA,invalid_target_complement_gap,target_complement_gap_below_tolerance,4.603220181987193e-09,32.0,False
3.0,0.0,0.0204,2.0,78.01712896661536,20.0,0.99,1,0,valid_numerical,target/complement separated on tested radial set and UV tail,0.16184266053362184,32.0,False
3.0,0.0,0.0204,2.0,78.01712896661536,20.0,0.99,2,NA,invalid_target_complement_gap,target_complement_gap_below_tolerance,4.603220181987193e-09,32.0,False
3.0,0.0,0.0204,2.0,78.01712896661536,20.0,0.99,0+1,NA,invalid_target_complement_gap,target_complement_gap_below_tolerance,4.603220181987193e-09,32.0,False
3.0,0.0,0.0204,2.0,78.01712896661536,20.0,0.99,0+2,0,valid_numerical,target/complement separated on tested radial set and UV tail,0.16184266053362184,32.0,False
3.0,0.0,0.0204,2.0,78.01712896661536,20.0,0.99,1+2,NA,invalid_target_complement_gap,target_complement_gap_below_tolerance,4.603220181987193e-09,32.0,False
3.0,0.0,0.0204,2.0,78.01712896661536,20.0,0.99,0+1+2,0,valid_full_space,P=I3; no complementary spectrum,nan,NA,True
3.0,0.0,0.0204,2.0,78.01712896661536,20.0,1.0,0,NA,invalid,singular_or_unresolved_closure: D0 is zero within relative tolerance,nan,NA,False
3.0,0.0,0.0204,2.0,78.01712896661536,20.0,1.0,1,NA,invalid,singular_or_unresolved_closure: D0 is zero within relative tolerance,nan,NA,False
3.0,0.0,0.0204,2.0,78.01712896661536,20.0,1.0,2,NA,invalid,singular_or_unresolved_closure: D0 is zero within relative tolerance,nan,NA,False
3.0,0.0,0.0204,2.0,78.01712896661536,20.0,1.0,0+1,NA,invalid,singular_or_unresolved_closure: D0 is zero within relative tolerance,nan,NA,False
3.0,0.0,0.0204,2.0,78.01712896661536,20.0,1.0,0+2,NA,invalid,singular_or_unresolved_closure: D0 is zero within relative tolerance,nan,NA,False
3.0,0.0,0.0204,2.0,78.01712896661536,20.0,1.0,1+2,NA,invalid,singular_or_unresolved_closure: D0 is zero within relative tolerance,nan,NA,False
3.0,0.0,0.0204,2.0,78.01712896661536,20.0,1.0,0+1+2,NA,invalid,singular_or_unresolved_closure: D0 is zero within relative tolerance,nan,NA,False
3.0,0.0,0.0204,2.0,117.02569344992304,30.0,0.0,0,NA,invalid,singular_or_unresolved_closure: D0 is zero within relative tolerance,nan,NA,False
3.0,0.0,0.0204,2.0,117.02569344992304,30.0,0.0,1,NA,invalid,singular_or_unresolved_closure: D0 is zero within relative tolerance,nan,NA,False
3.0,0.0,0.0204,2.0,117.02569344992304,30.0,0.0,2,NA,invalid,singular_or_unresolved_closure: D0 is zero within relative tolerance,nan,NA,False
3.0,0.0,0.0204,2.0,117.02569344992304,30.0,0.0,0+1,NA,invalid,singular_or_unresolved_closure: D0 is zero within relative tolerance,nan,NA,False
3.0,0.0,0.0204,2.0,117.02569344992304,30.0,0.0,0+2,NA,invalid,singular_or_unresolved_closure: D0 is zero within relative tolerance,nan,NA,False
3.0,0.0,0.0204,2.0,117.02569344992304,30.0,0.0,1+2,NA,invalid,singular_or_unresolved_closure: D0 is zero within relative tolerance,nan,NA,False
3.0,0.0,0.0204,2.0,117.02569344992304,30.0,0.0,0+1+2,NA,invalid,singular_or_unresolved_closure: D0 is zero within relative tolerance,nan,NA,False
3.0,0.0,0.0204,2.0,117.02569344992304,30.0,1e-05,0,NA,invalid_target_complement_gap,target_complement_gap_below_tolerance,8.054390931988752e-10,1.0,False
3.0,0.0,0.0204,2.0,117.02569344992304,30.0,1e-05,1,0,valid_numerical,target/complement separated on tested radial set and UV tail,0.49998880633342774,1.0,False
3.0,0.0,0.0204,2.0,117.02569344992304,30.0,1e-05,2,NA,invalid_target_complement_gap,target_complement_gap_below_tolerance,8.054390931988752e-10,1.0,False
3.0,0.0,0.0204,2.0,117.02569344992304,30.0,1e-05,0+1,NA,invalid_target_complement_gap,target_complement_gap_below_tolerance,8.054390931988752e-10,1.0,False
3.0,0.0,0.0204,2.0,117.02569344992304,30.0,1e-05,0+2,0,valid_numerical,target/complement separated on tested radial set and UV tail,0.49998880633342774,1.0,False
3.0,0.0,0.0204,2.0,117.02569344992304,30.0,1e-05,1+2,NA,invalid_target_complement_gap,target_complement_gap_below_tolerance,8.054390931988752e-10,1.0,False
3.0,0.0,0.0204,2.0,117.02569344992304,30.0,1e-05,0+1+2,0,valid_full_space,P=I3; no complementary spectrum,nan,NA,True
3.0,0.0,0.0204,2.0,117.02569344992304,30.0,0.01,0,NA,invalid_target_complement_gap,target_complement_gap_below_tolerance,4.155585938014235e-09,40.205771620004214,False
3.0,0.0,0.0204,2.0,117.02569344992304,30.0,0.01,1,0,valid_numerical,target/complement separated on tested radial set and UV tail,0.06077994947462884,40.205771620004214,False
3.0,0.0,0.0204,2.0,117.02569344992304,30.0,0.01,2,NA,invalid_target_complement_gap,target_complement_gap_below_tolerance,4.155585938014235e-09,40.205771620004214,False
3.0,0.0,0.0204,2.0,117.02569344992304,30.0,0.01,0+1,NA,invalid_target_complement_gap,target_complement_gap_below_tolerance,4.155585938014235e-09,40.205771620004214,False
3.0,0.0,0.0204,2.0,117.02569344992304,30.0,0.01,0+2,0,valid_numerical,target/complement separated on tested radial set and UV tail,0.06077994947462884,40.205771620004214,False
3.0,0.0,0.0204,2.0,117.02569344992304,30.0,0.01,1+2,NA,invalid_target_complement_gap,target_complement_gap_below_tolerance,4.155585938014235e-09,40.205771620004214,False
3.0,0.0,0.0204,2.0,117.02569344992304,30.0,0.01,0+1+2,0,valid_full_space,P=I3; no complementary spectrum,nan,NA,True
3.0,0.0,0.0204,2.0,117.02569344992304,30.0,0.02,0,NA,invalid_target_complement_gap,target_complement_gap_below_tolerance,5.06866057723451e-09,80.37186499752112,False
3.0,0.0,0.0204,2.0,117.02569344992304,30.0,0.02,1,NA,invalid_target_complement_gap,target_complement_gap_below_tolerance,1.932204149340684e-08,80.37186499752112,False
3.0,0.0,0.0204,2.0,117.02569344992304,30.0,0.02,2,NA,invalid_target_complement_gap,target_complement_gap_below_tolerance,5.06866057723451e-09,80.37186499752112,False
3.0,0.0,0.0204,2.0,117.02569344992304,30.0,0.02,0+1,NA,invalid_target_complement_gap,target_complement_gap_below_tolerance,5.06866057723451e-09,80.37186499752112,False
3.0,0.0,0.0204,2.0,117.02569344992304,30.0,0.02,0+2,NA,invalid_target_complement_gap,target_complement_gap_below_tolerance,1.932204149340684e-08,80.37186499752112,False
3.0,0.0,0.0204,2.0,117.02569344992304,30.0,0.02,1+2,NA,invalid_target_complement_gap,target_complement_gap_below_tolerance,5.06866057723451e-09,80.37186499752112,False
3.0,0.0,0.0204,2.0,117.02569344992304,30.0,0.02,0+1+2,0,valid_full_space,P=I3; no complementary spectrum,nan,NA,True
3.0,0.0,0.0204,2.0,117.02569344992304,30.0,0.025,0,-2,valid_numerical,target/complement separated on tested radial set and UV tail,0.030191668605889708,100.42764253164152,False
3.0,0.0,0.0204,2.0,117.02569344992304,30.0,0.025,1,0,valid_numerical,target/complement separated on tested radial set and UV tail,0.03019166860588952,100.42764253164152,False
3.0,0.0,0.0204,2.0,117.02569344992304,30.0,0.025,2,2,valid_numerical,target/complement separated on tested radial set and UV tail,0.03019166860588952,100.42764253164152,False
3.0,0.0,0.0204,2.0,117.02569344992304,30.0,0.025,0+1,-2,valid_numerical,target/complement separated on tested radial set and UV tail,0.03019166860588952,100.42764253164152,False
3.0,0.0,0.0204,2.0,117.02569344992304,30.0,0.025,0+2,0,valid_numerical,target/complement separated on tested radial set and UV tail,0.03019166860588952,100.42764253164152,False
3.0,0.0,0.0204,2.0,117.02569344992304,30.0,0.025,1+2,2,valid_numerical,target/complement separated on tested radial set and UV tail,0.030191668605889708,100.42764253164152,False
3.0,0.0,0.0204,2.0,117.02569344992304,30.0,0.025,0+1+2,0,valid_full_space,P=I3; no complementary spectrum,nan,NA,True
3.0,0.0,0.0204,2.0,117.02569344992304,30.0,0.03,0,-2,valid_numerical,target/complement separated on tested radial set and UV tail,0.07414950798532462,120.45864104769832,False
3.0,0.0,0.0204,2.0,117.02569344992304,30.0,0.03,1,0,valid_numerical,target/complement separated on tested radial set and UV tail,0.07414950798532462,120.45864104769832,False
3.0,0.0,0.0204,2.0,117.02569344992304,30.0,0.03,2,2,valid_numerical,target/complement separated on tested radial set and UV tail,0.07414950798532463,120.45864104769832,False
3.0,0.0,0.0204,2.0,117.02569344992304,30.0,0.03,0+1,-2,valid_numerical,target/complement separated on tested radial set and UV tail,0.07414950798532463,120.45864104769832,False
3.0,0.0,0.0204,2.0,117.02569344992304,30.0,0.03,0+2,0,valid_numerical,target/complement separated on tested radial set and UV tail,0.07414950798532462,120.45864104769832,False
3.0,0.0,0.0204,2.0,117.02569344992304,30.0,0.03,1+2,2,valid_numerical,target/complement separated on tested radial set and UV tail,0.07414950798532462,120.45864104769832,False
3.0,0.0,0.0204,2.0,117.02569344992304,30.0,0.03,0+1+2,0,valid_full_space,P=I3; no complementary spectrum,nan,NA,True
3.0,0.0,0.0204,2.0,117.02569344992304,30.0,0.041676250000000005,0,-2,valid_numerical,target/complement separated on tested radial set and UV tail,0.1289268637596609,167.11173314756024,False
3.0,0.0,0.0204,2.0,117.02569344992304,30.0,0.041676250000000005,1,0,valid_numerical,target/complement separated on tested radial set and UV tail,0.1289268637596609,167.11173314756024,False
3.0,0.0,0.0204,2.0,117.02569344992304,30.0,0.041676250000000005,2,2,valid_numerical,target/complement separated on tested radial set and UV tail,0.1289268637596609,167.11173314756024,False
3.0,0.0,0.0204,2.0,117.02569344992304,30.0,0.041676250000000005,0+1,-2,valid_numerical,target/complement separated on tested radial set and UV tail,0.1289268637596609,167.11173314756024,False
3.0,0.0,0.0204,2.0,117.02569344992304,30.0,0.041676250000000005,0+2,0,valid_numerical,target/complement separated on tested radial set and UV tail,0.1289268637596609,167.11173314756024,False
3.0,0.0,0.0204,2.0,117.02569344992304,30.0,0.041676250000000005,1+2,2,valid_numerical,target/complement separated on tested radial set and UV tail,0.1289268637596609,167.11173314756024,False
3.0,0.0,0.0204,2.0,117.02569344992304,30.0,0.041676250000000005,0+1+2,0,valid_full_space,P=I3; no complementary spectrum,nan,NA,True
3.0,0.0,0.0204,2.0,117.02569344992304,30.0,0.0833425,0,-2,valid_numerical,target/complement separated on tested radial set and UV tail,0.2527564234719192,331.3239829274789,False
3.0,0.0,0.0204,2.0,117.02569344992304,30.0,0.0833425,1,0,valid_numerical,target/complement separated on tested radial set and UV tail,0.25275642347191907,331.3239829274789,False
3.0,0.0,0.0204,2.0,117.02569344992304,30.0,0.0833425,2,2,valid_numerical,target/complement separated on tested radial set and UV tail,0.25275642347191907,331.3239829274789,False
3.0,0.0,0.0204,2.0,117.02569344992304,30.0,0.0833425,0+1,-2,valid_numerical,target/complement separated on tested radial set and UV tail,0.25275642347191907,331.3239829274789,False
3.0,0.0,0.0204,2.0,117.02569344992304,30.0,0.0833425,0+2,0,valid_numerical,target/complement separated on tested radial set and UV tail,0.25275642347191907,331.3239829274789,False
3.0,0.0,0.0204,2.0,117.02569344992304,30.0,0.0833425,1+2,2,valid_numerical,target/complement separated on tested radial set and UV tail,0.2527564234719192,331.3239829274789,False
3.0,0.0,0.0204,2.0,117.02569344992304,30.0,0.0833425,0+1+2,0,valid_full_space,P=I3; no complementary spectrum,nan,NA,True
3.0,0.0,0.0204,2.0,117.02569344992304,30.0,0.12500875,0,-2,valid_numerical,target/complement separated on tested radial set and UV tail,0.3524053284036963,489.867300717545,False
3.0,0.0,0.0204,2.0,117.02569344992304,30.0,0.12500875,1,0,valid_numerical,target/complement separated on tested radial set and UV tail,0.35240532840369626,489.867300717545,False
3.0,0.0,0.0204,2.0,117.02569344992304,30.0,0.12500875,2,2,valid_numerical,target/complement separated on tested radial set and UV tail,0.35240532840369626,489.867300717545,False
3.0,0.0,0.0204,2.0,117.02569344992304,30.0,0.12500875,0+1,-2,valid_numerical,target/complement separated on tested radial set and UV tail,0.35240532840369626,489.867300717545,False
3.0,0.0,0.0204,2.0,117.02569344992304,30.0,0.12500875,0+2,0,valid_numerical,target/complement separated on tested radial set and UV tail,0.35240532840369626,489.867300717545,False
3.0,0.0,0.0204,2.0,117.02569344992304,30.0,0.12500875,1+2,2,valid_numerical,target/complement separated on tested radial set and UV tail,0.3524053284036963,489.867300717545,False
3.0,0.0,0.0204,2.0,117.02569344992304,30.0,0.12500875,0+1+2,0,valid_full_space,P=I3; no complementary spectrum,nan,NA,True
3.0,0.0,0.0204,2.0,117.02569344992304,30.0,0.16667500000000002,0,-2,valid_numerical,target/complement separated on tested radial set and UV tail,0.4302589937373679,640.0290205704999,False
3.0,0.0,0.0204,2.0,117.02569344992304,30.0,0.16667500000000002,1,0,valid_numerical,target/complement separated on tested radial set and UV tail,0.4302589937373679,640.0290205704999,False
3.0,0.0,0.0204,2.0,117.02569344992304,30.0,0.16667500000000002,2,2,valid_numerical,target/complement separated on tested radial set and UV tail,0.430258993737368,640.0290205704999,False
3.0,0.0,0.0204,2.0,117.02569344992304,30.0,0.16667500000000002,0+1,-2,valid_numerical,target/complement separated on tested radial set and UV tail,0.430258993737368,640.0290205704999,False
3.0,0.0,0.0204,2.0,117.02569344992304,30.0,0.16667500000000002,0+2,0,valid_numerical,target/complement separated on tested radial set and UV tail,0.4302589937373679,640.0290205704999,False
3.0,0.0,0.0204,2.0,117.02569344992304,30.0,0.16667500000000002,1+2,2,valid_numerical,target/complement separated on tested radial set and UV tail,0.4302589937373679,640.0290205704999,False
3.0,0.0,0.0204,2.0,117.02569344992304,30.0,0.16667500000000002,0+1+2,0,valid_full_space,P=I3; no complementary spectrum,nan,NA,True
3.0,0.0,0.0204,2.0,117.02569344992304,30.0,0.20834125000000003,0,-2,valid_numerical,target/complement separated on tested radial set and UV tail,0.4806530693642145,779.2398851394886,False
3.0,0.0,0.0204,2.0,117.02569344992304,30.0,0.20834125000000003,1,0,valid_numerical,target/complement separated on tested radial set and UV tail,0.48065306936421415,779.2398851394886,False
3.0,0.0,0.0204,2.0,117.02569344992304,30.0,0.20834125000000003,2,2,valid_numerical,target/complement separated on tested radial set and UV tail,0.48065306936421415,779.2398851394886,False
3.0,0.0,0.0204,2.0,117.02569344992304,30.0,0.20834125000000003,0+1,-2,valid_numerical,target/complement separated on tested radial set and UV tail,0.48065306936421415,779.2398851394886,False
3.0,0.0,0.0204,2.0,117.02569344992304,30.0,0.20834125000000003,0+2,0,valid_numerical,target/complement separated on tested radial set and UV tail,0.48065306936421415,779.2398851394886,False
3.0,0.0,0.0204,2.0,117.02569344992304,30.0,0.20834125000000003,1+2,2,valid_numerical,target/complement separated on tested radial set and UV tail,0.4806530693642145,779.2398851394886,False
3.0,0.0,0.0204,2.0,117.02569344992304,30.0,0.20834125000000003,0+1+2,0,valid_full_space,P=I3; no complementary spectrum,nan,NA,True
3.0,0.0,0.0204,2.0,117.02569344992304,30.0,0.2500075,0,-2,valid_numerical,target/complement separated on tested radial set and UV tail,0.4998629665393335,905.1180055056429,False
3.0,0.0,0.0204,2.0,117.02569344992304,30.0,0.2500075,1,0,valid_numerical,target/complement separated on tested radial set and UV tail,0.4998629665393331,905.1180055056429,False
3.0,0.0,0.0204,2.0,117.02569344992304,30.0,0.2500075,2,2,valid_numerical,target/complement separated on tested radial set and UV tail,0.4998629665393331,905.1180055056429,False
3.0,0.0,0.0204,2.0,117.02569344992304,30.0,0.2500075,0+1,-2,valid_numerical,target/complement separated on tested radial set and UV tail,0.4998629665393331,905.1180055056429,False
3.0,0.0,0.0204,2.0,117.02569344992304,30.0,0.2500075,0+2,0,valid_numerical,target/complement separated on tested radial set and UV tail,0.4998629665393331,905.1180055056429,False
3.0,0.0,0.0204,2.0,117.02569344992304,30.0,0.2500075,1+2,2,valid_numerical,target/complement separated on tested radial set and UV tail,0.4998629665393335,905.1180055056429,False
3.0,0.0,0.0204,2.0,117.02569344992304,30.0,0.2500075,0+1+2,0,valid_full_space,P=I3; no complementary spectrum,nan,NA,True
3.0,0.0,0.0204,2.0,117.02569344992304,30.0,0.29167375,0,-2,valid_numerical,target/complement separated on tested radial set and UV tail,0.5,1015.5096151439409,False
3.0,0.0,0.0204,2.0,117.02569344992304,30.0,0.29167375,1,0,valid_numerical,target/complement separated on tested radial set and UV tail,0.49999999999999994,1015.5096151439409,False
3.0,0.0,0.0204,2.0,117.02569344992304,30.0,0.29167375,2,2,valid_numerical,target/complement separated on tested radial set and UV tail,0.49999999999999994,1015.5096151439409,False
3.0,0.0,0.0204,2.0,117.02569344992304,30.0,0.29167375,0+1,-2,valid_numerical,target/complement separated on tested radial set and UV tail,0.49999999999999994,1015.5096151439409,False
3.0,0.0,0.0204,2.0,117.02569344992304,30.0,0.29167375,0+2,0,valid_numerical,target/complement separated on tested radial set and UV tail,0.49999999999999994,1015.5096151439409,False
3.0,0.0,0.0204,2.0,117.02569344992304,30.0,0.29167375,1+2,2,valid_numerical,target/complement separated on tested radial set and UV tail,0.5,1015.5096151439409,False
3.0,0.0,0.0204,2.0,117.02569344992304,30.0,0.29167375,0+1+2,0,valid_full_space,P=I3; no complementary spectrum,nan,NA,True
3.0,0.0,0.0204,2.0,117.02569344992304,30.0,0.33334,0,-2,valid_numerical,target/complement separated on tested radial set and UV tail,0.5,1108.525920729612,False
3.0,0.0,0.0204,2.0,117.02569344992304,30.0,0.33334,1,0,valid_numerical,target/complement separated on tested radial set and UV tail,0.4999999999999998,1108.525920729612,False
3.0,0.0,0.0204,2.0,117.02569344992304,30.0,0.33334,2,2,valid_numerical,target/complement separated on tested radial set and UV tail,0.4999999999999998,1108.525920729612,False
3.0,0.0,0.0204,2.0,117.02569344992304,30.0,0.33334,0+1,-2,valid_numerical,target/complement separated on tested radial set and UV tail,0.4999999999999998,1108.525920729612,False
3.0,0.0,0.0204,2.0,117.02569344992304,30.0,0.33334,0+2,0,valid_numerical,target/complement separated on tested radial set and UV tail,0.4999999999999998,1108.525920729612,False
3.0,0.0,0.0204,2.0,117.02569344992304,30.0,0.33334,1+2,2,valid_numerical,target/complement separated on tested radial set and UV tail,0.5,1108.525920729612,False
3.0,0.0,0.0204,2.0,117.02569344992304,30.0,0.33334,0+1+2,0,valid_full_space,P=I3; no complementary spectrum,nan,NA,True
3.0,0.0,0.0204,2.0,117.02569344992304,30.0,0.37500625000000004,0,-2,valid_numerical,target/complement separated on tested radial set and UV tail,0.49999999999999994,1182.5754192701663,False
3.0,0.0,0.0204,2.0,117.02569344992304,30.0,0.37500625000000004,1,0,valid_numerical,target/complement separated on tested radial set and UV tail,0.49999999999999994,1182.5754192701663,False
3.0,0.0,0.0204,2.0,117.02569344992304,30.0,0.37500625000000004,2,2,valid_numerical,target/complement separated on tested radial set and UV tail,0.5000000000000001,1182.5754192701663,False
3.0,0.0,0.0204,2.0,117.02569344992304,30.0,0.37500625000000004,0+1,-2,valid_numerical,target/complement separated on tested radial set and UV tail,0.5000000000000001,1182.5754192701663,False
3.0,0.0,0.0204,2.0,117.02569344992304,30.0,0.37500625000000004,0+2,0,valid_numerical,target/complement separated on tested radial set and UV tail,0.49999999999999994,1182.5754192701663,False
3.0,0.0,0.0204,2.0,117.02569344992304,30.0,0.37500625000000004,1+2,2,valid_numerical,target/complement separated on tested radial set and UV tail,0.49999999999999994,1182.5754192701663,False
3.0,0.0,0.0204,2.0,117.02569344992304,30.0,0.37500625000000004,0+1+2,0,valid_full_space,P=I3; no complementary spectrum,nan,NA,True
3.0,0.0,0.0204,2.0,117.02569344992304,30.0,0.41667250000000006,0,-2,valid_numerical,target/complement separated on tested radial set and UV tail,0.5,1236.3911286190062,False
3.0,0.0,0.0204,2.0,117.02569344992304,30.0,0.41667250000000006,1,0,valid_numerical,target/complement separated on tested radial set and UV tail,0.4999999999999999,1236.3911286190062,False
3.0,0.0,0.0204,2.0,117.02569344992304,30.0,0.41667250000000006,2,2,valid_numerical,target/complement separated on tested radial set and UV tail,0.4999999999999999,1236.3911286190062,False
3.0,0.0,0.0204,2.0,117.02569344992304,30.0,0.41667250000000006,0+1,-2,valid_numerical,target/complement separated on tested radial set and UV tail,0.4999999999999999,1236.3911286190062,False
3.0,0.0,0.0204,2.0,117.02569344992304,30.0,0.41667250000000006,0+2,0,valid_numerical,target/complement separated on tested radial set and UV tail,0.4999999999999999,1236.3911286190062,False
3.0,0.0,0.0204,2.0,117.02569344992304,30.0,0.41667250000000006,1+2,2,valid_numerical,target/complement separated on tested radial set and UV tail,0.5,1236.3911286190062,False
3.0,0.0,0.0204,2.0,117.02569344992304,30.0,0.41667250000000006,0+1+2,0,valid_full_space,P=I3; no complementary spectrum,nan,NA,True
3.0,0.0,0.0204,2.0,117.02569344992304,30.0,0.45833875,0,-2,valid_numerical,target/complement separated on tested radial set and UV tail,0.4999999999999999,1269.0522654582776,False
3.0,0.0,0.0204,2.0,117.02569344992304,30.0,0.45833875,1,0,valid_numerical,target/complement separated on tested radial set and UV tail,0.4999999999999999,1269.0522654582776,False
3.0,0.0,0.0204,2.0,117.02569344992304,30.0,0.45833875,2,2,valid_numerical,target/complement separated on tested radial set and UV tail,0.5000000000000001,1269.0522654582776,False
3.0,0.0,0.0204,2.0,117.02569344992304,30.0,0.45833875,0+1,-2,valid_numerical,target/complement separated on tested radial set and UV tail,0.5000000000000001,1269.0522654582776,False
3.0,0.0,0.0204,2.0,117.02569344992304,30.0,0.45833875,0+2,0,valid_numerical,target/complement separated on tested radial set and UV tail,0.4999999999999999,1269.0522654582776,False
3.0,0.0,0.0204,2.0,117.02569344992304,30.0,0.45833875,1+2,2,valid_numerical,target/complement separated on tested radial set and UV tail,0.4999999999999999,1269.0522654582776,False
3.0,0.0,0.0204,2.0,117.02569344992304,30.0,0.45833875,0+1+2,0,valid_full_space,P=I3; no complementary spectrum,nan,NA,True
3.0,0.0,0.0204,2.0,117.02569344992304,30.0,0.500005,0,-2,valid_numerical,target/complement separated on tested radial set and UV tail,0.4999999999999999,1279.9999998420863,False
3.0,0.0,0.0204,2.0,117.02569344992304,30.0,0.500005,1,0,valid_numerical,target/complement separated on tested radial set and UV tail,0.49999999999999983,1279.9999998420863,False
3.0,0.0,0.0204,2.0,117.02569344992304,30.0,0.500005,2,2,valid_numerical,target/complement separated on tested radial set and UV tail,0.49999999999999983,1279.9999998420863,False
3.0,0.0,0.0204,2.0,117.02569344992304,30.0,0.500005,0+1,-2,valid_numerical,target/complement separated on tested radial set and UV tail,0.49999999999999983,1279.9999998420863,False
3.0,0.0,0.0204,2.0,117.02569344992304,30.0,0.500005,0+2,0,valid_numerical,target/complement separated on tested radial set and UV tail,0.49999999999999983,1279.9999998420863,False
3.0,0.0,0.0204,2.0,117.02569344992304,30.0,0.500005,1+2,2,valid_numerical,target/complement separated on tested radial set and UV tail,0.4999999999999999,1279.9999998420863,False
3.0,0.0,0.0204,2.0,117.02569344992304,30.0,0.500005,0+1+2,0,valid_full_space,P=I3; no complementary spectrum,nan,NA,True
3.0,0.0,0.0204,2.0,117.02569344992304,30.0,0.5416712499999999,0,-2,valid_numerical,target/complement separated on tested radial set and UV tail,0.5000000000000001,1269.0470167408455,False
3.0,0.0,0.0204,2.0,117.02569344992304,30.0,0.5416712499999999,1,0,valid_numerical,target/complement separated on tested radial set and UV tail,0.5,1269.0470167408455,False
3.0,0.0,0.0204,2.0,117.02569344992304,30.0,0.5416712499999999,2,2,valid_numerical,target/complement separated on tested radial set and UV tail,0.5,1269.0470167408455,False
3.0,0.0,0.0204,2.0,117.02569344992304,30.0,0.5416712499999999,0+1,-2,valid_numerical,target/complement separated on tested radial set and UV tail,0.5,1269.0470167408455,False
3.0,0.0,0.0204,2.0,117.02569344992304,30.0,0.5416712499999999,0+2,0,valid_numerical,target/complement separated on tested radial set and UV tail,0.5,1269.0470167408455,False
3.0,0.0,0.0204,2.0,117.02569344992304,30.0,0.5416712499999999,1+2,2,valid_numerical,target/complement separated on tested radial set and UV tail,0.5000000000000001,1269.0470167408455,False
3.0,0.0,0.0204,2.0,117.02569344992304,30.0,0.5416712499999999,0+1+2,0,valid_full_space,P=I3; no complementary spectrum,nan,NA,True
3.0,0.0,0.0204,2.0,117.02569344992304,30.0,0.5833375,0,-2,valid_numerical,target/complement separated on tested radial set and UV tail,0.4999999999999999,1236.3807209893582,False
3.0,0.0,0.0204,2.0,117.02569344992304,30.0,0.5833375,1,0,valid_numerical,target/complement separated on tested radial set and UV tail,0.4999999999999998,1236.3807209893582,False
3.0,0.0,0.0204,2.0,117.02569344992304,30.0,0.5833375,2,2,valid_numerical,target/complement separated on tested radial set and UV tail,0.4999999999999998,1236.3807209893582,False
3.0,0.0,0.0204,2.0,117.02569344992304,30.0,0.5833375,0+1,-2,valid_numerical,target/complement separated on tested radial set and UV tail,0.4999999999999998,1236.3807209893582,False
3.0,0.0,0.0204,2.0,117.02569344992304,30.0,0.5833375,0+2,0,valid_numerical,target/complement separated on tested radial set and UV tail,0.4999999999999998,1236.3807209893582,False
3.0,0.0,0.0204,2.0,117.02569344992304,30.0,0.5833375,1+2,2,valid_numerical,target/complement separated on tested radial set and UV tail,0.4999999999999999,1236.3807209893582,False
3.0,0.0,0.0204,2.0,117.02569344992304,30.0,0.5833375,0+1+2,0,valid_full_space,P=I3; no complementary spectrum,nan,NA,True
3.0,0.0,0.0204,2.0,117.02569344992304,30.0,0.62500375,0,-2,valid_numerical,target/complement separated on tested radial set and UV tail,0.49999999999999994,1182.5600308021753,False
3.0,0.0,0.0204,2.0,117.02569344992304,30.0,0.62500375,1,0,valid_numerical,target/complement separated on tested radial set and UV tail,0.4999999999999999,1182.5600308021753,False
3.0,0.0,0.0204,2.0,117.02569344992304,30.0,0.62500375,2,2,valid_numerical,target/complement separated on tested radial set and UV tail,0.4999999999999999,1182.5600308021753,False
3.0,0.0,0.0204,2.0,117.02569344992304,30.0,0.62500375,0+1,-2,valid_numerical,target/complement separated on tested radial set and UV tail,0.4999999999999999,1182.5600308021753,False
3.0,0.0,0.0204,2.0,117.02569344992304,30.0,0.62500375,0+2,0,valid_numerical,target/complement separated on tested radial set and UV tail,0.4999999999999999,1182.5600308021753,False
3.0,0.0,0.0204,2.0,117.02569344992304,30.0,0.62500375,1+2,2,valid_numerical,target/complement separated on tested radial set and UV tail,0.49999999999999994,1182.5600308021753,False
3.0,0.0,0.0204,2.0,117.02569344992304,30.0,0.62500375,0+1+2,0,valid_full_space,P=I3; no complementary spectrum,nan,NA,True
3.0,0.0,0.0204,2.0,117.02569344992304,30.0,0.66667,0,-2,valid_numerical,target/complement separated on tested radial set and UV tail,0.49999999999999994,1108.505814718973,False
3.0,0.0,0.0204,2.0,117.02569344992304,30.0,0.66667,1,0,valid_numerical,target/complement separated on tested radial set and UV tail,0.4999999999999999,1108.505814718973,False
3.0,0.0,0.0204,2.0,117.02569344992304,30.0,0.66667,2,2,valid_numerical,target/complement separated on tested radial set and UV tail,0.4999999999999999,1108.505814718973,False
3.0,0.0,0.0204,2.0,117.02569344992304,30.0,0.66667,0+1,-2,valid_numerical,target/complement separated on tested radial set and UV tail,0.4999999999999999,1108.505814718973,False
3.0,0.0,0.0204,2.0,117.02569344992304,30.0,0.66667,0+2,0,valid_numerical,target/complement separated on tested radial set and UV tail,0.4999999999999999,1108.505814718973,False
3.0,0.0,0.0204,2.0,117.02569344992304,30.0,0.66667,1+2,2,valid_numerical,target/complement separated on tested radial set and UV tail,0.49999999999999994,1108.505814718973,False
3.0,0.0,0.0204,2.0,117.02569344992304,30.0,0.66667,0+1+2,0,valid_full_space,P=I3; no complementary spectrum,nan,NA,True
3.0,0.0,0.0204,2.0,117.02569344992304,30.0,0.70833625,0,-2,valid_numerical,target/complement separated on tested radial set and UV tail,0.5,1015.4851356032003,False
3.0,0.0,0.0204,2.0,117.02569344992304,30.0,0.70833625,1,0,valid_numerical,target/complement separated on tested radial set and UV tail,0.49999999999999983,1015.4851356032003,False
3.0,0.0,0.0204,2.0,117.02569344992304,30.0,0.70833625,2,2,valid_numerical,target/complement separated on tested radial set and UV tail,0.49999999999999983,1015.4851356032003,False
3.0,0.0,0.0204,2.0,117.02569344992304,30.0,0.70833625,0+1,-2,valid_numerical,target/complement separated on tested radial set and UV tail,0.49999999999999983,1015.4851356032003,False
3.0,0.0,0.0204,2.0,117.02569344992304,30.0,0.70833625,0+2,0,valid_numerical,target/complement separated on tested radial set and UV tail,0.49999999999999983,1015.4851356032003,False
3.0,0.0,0.0204,2.0,117.02569344992304,30.0,0.70833625,1+2,2,valid_numerical,target/complement separated on tested radial set and UV tail,0.5,1015.4851356032003,False
3.0,0.0,0.0204,2.0,117.02569344992304,30.0,0.70833625,0+1+2,0,valid_full_space,P=I3; no complementary spectrum,nan,NA,True
3.0,0.0,0.0204,2.0,117.02569344992304,30.0,0.7500025,0,-2,valid_numerical,target/complement separated on tested radial set and UV tail,0.4998622459665384,905.0895712781644,False
3.0,0.0,0.0204,2.0,117.02569344992304,30.0,0.7500025,1,0,valid_numerical,target/complement separated on tested radial set and UV tail,0.4998622459665384,905.0895712781644,False
3.0,0.0,0.0204,2.0,117.02569344992304,30.0,0.7500025,2,2,valid_numerical,target/complement separated on tested radial set and UV tail,0.49986224596653844,905.0895712781644,False
3.0,0.0,0.0204,2.0,117.02569344992304,30.0,0.7500025,0+1,-2,valid_numerical,target/complement separated on tested radial set and UV tail,0.49986224596653844,905.0895712781644,False
3.0,0.0,0.0204,2.0,117.02569344992304,30.0,0.7500025,0+2,0,valid_numerical,target/complement separated on tested radial set and UV tail,0.4998622459665384,905.0895712781644,False
3.0,0.0,0.0204,2.0,117.02569344992304,30.0,0.7500025,1+2,2,valid_numerical,target/complement separated on tested radial set and UV tail,0.4998622459665384,905.0895712781644,False
3.0,0.0,0.0204,2.0,117.02569344992304,30.0,0.7500025,0+1+2,0,valid_full_space,P=I3; no complementary spectrum,nan,NA,True
3.0,0.0,0.0204,2.0,117.02569344992304,30.0,0.79166875,0,-2,valid_numerical,target/complement separated on tested radial set and UV tail,0.48064463042590055,779.2079827330716,False
3.0,0.0,0.0204,2.0,117.02569344992304,30.0,0.79166875,1,0,valid_numerical,target/complement separated on tested radial set and UV tail,0.48064463042590055,779.2079827330716,False
3.0,0.0,0.0204,2.0,117.02569344992304,30.0,0.79166875,2,2,valid_numerical,target/complement separated on tested radial set and UV tail,0.48064463042590055,779.2079827330716,False
3.0,0.0,0.0204,2.0,117.02569344992304,30.0,0.79166875,0+1,-2,valid_numerical,target/complement separated on tested radial set and UV tail,0.48064463042590055,779.2079827330716,False
3.0,0.0,0.0204,2.0,117.02569344992304,30.0,0.79166875,0+2,0,valid_numerical,target/complement separated on tested radial set and UV tail,0.48064463042590055,779.2079827330716,False
3.0,0.0,0.0204,2.0,117.02569344992304,30.0,0.79166875,1+2,2,valid_numerical,target/complement separated on tested radial set and UV tail,0.48064463042590055,779.2079827330716,False
3.0,0.0,0.0204,2.0,117.02569344992304,30.0,0.79166875,0+1+2,0,valid_full_space,P=I3; no complementary spectrum,nan,NA,True
3.0,0.0,0.0204,2.0,117.02569344992304,30.0,0.833335,0,-2,valid_numerical,target/complement separated on tested radial set and UV tail,0.4302434500356539,639.9941958332616,False
3.0,0.0,0.0204,2.0,117.02569344992304,30.0,0.833335,1,0,valid_numerical,target/complement separated on tested radial set and UV tail,0.4302434500356539,639.9941958332616,False
3.0,0.0,0.0204,2.0,117.02569344992304,30.0,0.833335,2,2,valid_numerical,target/complement separated on tested radial set and UV tail,0.43024345003565406,639.9941958332616,False
3.0,0.0,0.0204,2.0,117.02569344992304,30.0,0.833335,0+1,-2,valid_numerical,target/complement separated on tested radial set and UV tail,0.43024345003565406,639.9941958332616,False
3.0,0.0,0.0204,2.0,117.02569344992304,30.0,0.833335,0+2,0,valid_numerical,target/complement separated on tested radial set and UV tail,0.4302434500356539,639.9941958332616,False
3.0,0.0,0.0204,2.0,117.02569344992304,30.0,0.833335,1+2,2,valid_numerical,target/complement separated on tested radial set and UV tail,0.4302434500356539,639.9941958332616,False
3.0,0.0,0.0204,2.0,117.02569344992304,30.0,0.833335,0+1+2,0,valid_full_space,P=I3; no complementary spectrum,nan,NA,True
3.0,0.0,0.0204,2.0,117.02569344992304,30.0,0.87500125,0,-2,valid_numerical,target/complement separated on tested radial set and UV tail,0.35238352716005666,489.8301494984947,False
3.0,0.0,0.0204,2.0,117.02569344992304,30.0,0.87500125,1,0,valid_numerical,target/complement separated on tested radial set and UV tail,0.35238352716005655,489.8301494984947,False
3.0,0.0,0.0204,2.0,117.02569344992304,30.0,0.87500125,2,2,valid_numerical,target/complement separated on tested radial set and UV tail,0.35238352716005655,489.8301494984947,False
3.0,0.0,0.0204,2.0,117.02569344992304,30.0,0.87500125,0+1,-2,valid_numerical,target/complement separated on tested radial set and UV tail,0.35238352716005655,489.8301494984947,False
3.0,0.0,0.0204,2.0,117.02569344992304,30.0,0.87500125,0+2,0,valid_numerical,target/complement separated on tested radial set and UV tail,0.35238352716005655,489.8301494984947,False
3.0,0.0,0.0204,2.0,117.02569344992304,30.0,0.87500125,1+2,2,valid_numerical,target/complement separated on tested radial set and UV tail,0.35238352716005666,489.8301494984947,False
3.0,0.0,0.0204,2.0,117.02569344992304,30.0,0.87500125,0+1+2,0,valid_full_space,P=I3; no complementary spectrum,nan,NA,True
3.0,0.0,0.0204,2.0,117.02569344992304,30.0,0.9166675,0,-2,valid_numerical,target/complement separated on tested radial set and UV tail,0.2527302850823106,331.28514088157965,False
3.0,0.0,0.0204,2.0,117.02569344992304,30.0,0.9166675,1,0,valid_numerical,target/complement separated on tested radial set and UV tail,0.2527302850823106,331.28514088157965,False
3.0,0.0,0.0204,2.0,117.02569344992304,30.0,0.9166675,2,2,valid_numerical,target/complement separated on tested radial set and UV tail,0.25273028508231066,331.28514088157965,False
3.0,0.0,0.0204,2.0,117.02569344992304,30.0,0.9166675,0+1,-2,valid_numerical,target/complement separated on tested radial set and UV tail,0.25273028508231066,331.28514088157965,False
3.0,0.0,0.0204,2.0,117.02569344992304,30.0,0.9166675,0+2,0,valid_numerical,target/complement separated on tested radial set and UV tail,0.2527302850823106,331.28514088157965,False
3.0,0.0,0.0204,2.0,117.02569344992304,30.0,0.9166675,1+2,2,valid_numerical,target/complement separated on tested radial set and UV tail,0.2527302850823106,331.28514088157965,False
3.0,0.0,0.0204,2.0,117.02569344992304,30.0,0.9166675,0+1+2,0,valid_full_space,P=I3; no complementary spectrum,nan,NA,True
3.0,0.0,0.0204,2.0,117.02569344992304,30.0,0.95833375,0,-2,valid_numerical,target/complement separated on tested radial set and UV tail,0.1288884445479733,167.0718648597135,False
3.0,0.0,0.0204,2.0,117.02569344992304,30.0,0.95833375,1,0,valid_numerical,target/complement separated on tested radial set and UV tail,0.12888844454797327,167.0718648597135,False
3.0,0.0,0.0204,2.0,117.02569344992304,30.0,0.95833375,2,2,valid_numerical,target/complement separated on tested radial set and UV tail,0.12888844454797327,167.0718648597135,False
3.0,0.0,0.0204,2.0,117.02569344992304,30.0,0.95833375,0+1,-2,valid_numerical,target/complement separated on tested radial set and UV tail,0.12888844454797327,167.0718648597135,False
3.0,0.0,0.0204,2.0,117.02569344992304,30.0,0.95833375,0+2,0,valid_numerical,target/complement separated on tested radial set and UV tail,0.12888844454797327,167.0718648597135,False
3.0,0.0,0.0204,2.0,117.02569344992304,30.0,0.95833375,1+2,2,valid_numerical,target/complement separated on tested radial set and UV tail,0.1288884445479733,167.0718648597135,False
3.0,0.0,0.0204,2.0,117.02569344992304,30.0,0.95833375,0+1+2,0,valid_full_space,P=I3; no complementary spectrum,nan,NA,True
3.0,0.0,0.0204,2.0,117.02569344992304,30.0,0.97,0,-2,valid_numerical,target/complement separated on tested radial set and UV tail,0.0741495079853247,120.45864104769838,False
3.0,0.0,0.0204,2.0,117.02569344992304,30.0,0.97,1,0,valid_numerical,target/complement separated on tested radial set and UV tail,0.0741495079853247,120.45864104769838,False
3.0,0.0,0.0204,2.0,117.02569344992304,30.0,0.97,2,2,valid_numerical,target/complement separated on tested radial set and UV tail,0.07414950798532477,120.45864104769838,False
3.0,0.0,0.0204,2.0,117.02569344992304,30.0,0.97,0+1,-2,valid_numerical,target/complement separated on tested radial set and UV tail,0.07414950798532477,120.45864104769838,False
3.0,0.0,0.0204,2.0,117.02569344992304,30.0,0.97,0+2,0,valid_numerical,target/complement separated on tested radial set and UV tail,0.0741495079853247,120.45864104769838,False
3.0,0.0,0.0204,2.0,117.02569344992304,30.0,0.97,1+2,2,valid_numerical,target/complement separated on tested radial set and UV tail,0.0741495079853247,120.45864104769838,False
3.0,0.0,0.0204,2.0,117.02569344992304,30.0,0.97,0+1+2,0,valid_full_space,P=I3; no complementary spectrum,nan,NA,True
3.0,0.0,0.0204,2.0,117.02569344992304,30.0,0.975,0,-2,valid_numerical,target/complement separated on tested radial set and UV tail,0.030191668605889996,100.4276425316417,False
3.0,0.0,0.0204,2.0,117.02569344992304,30.0,0.975,1,0,valid_numerical,target/complement separated on tested radial set and UV tail,0.030191668605889996,100.4276425316417,False
3.0,0.0,0.0204,2.0,117.02569344992304,30.0,0.975,2,2,valid_numerical,target/complement separated on tested radial set and UV tail,0.030191668605890114,100.4276425316417,False
3.0,0.0,0.0204,2.0,117.02569344992304,30.0,0.975,0+1,-2,valid_numerical,target/complement separated on tested radial set and UV tail,0.030191668605890114,100.4276425316417,False
3.0,0.0,0.0204,2.0,117.02569344992304,30.0,0.975,0+2,0,valid_numerical,target/complement separated on tested radial set and UV tail,0.030191668605889996,100.4276425316417,False
3.0,0.0,0.0204,2.0,117.02569344992304,30.0,0.975,1+2,2,valid_numerical,target/complement separated on tested radial set and UV tail,0.030191668605889996,100.4276425316417,False
3.0,0.0,0.0204,2.0,117.02569344992304,30.0,0.975,0+1+2,0,valid_full_space,P=I3; no complementary spectrum,nan,NA,True
3.0,0.0,0.0204,2.0,117.02569344992304,30.0,0.98,0,NA,invalid_target_complement_gap,target_complement_gap_below_tolerance,1.0049309375007723e-08,80.37186499752139,False
3.0,0.0,0.0204,2.0,117.02569344992304,30.0,0.98,1,NA,invalid_target_complement_gap,target_complement_gap_below_tolerance,2.1312156921161386e-08,80.37186499752139,False
3.0,0.0,0.0204,2.0,117.02569344992304,30.0,0.98,2,NA,invalid_target_complement_gap,target_complement_gap_below_tolerance,1.0049309375007723e-08,80.37186499752139,False
3.0,0.0,0.0204,2.0,117.02569344992304,30.0,0.98,0+1,NA,invalid_target_complement_gap,target_complement_gap_below_tolerance,1.0049309375007723e-08,80.37186499752139,False
3.0,0.0,0.0204,2.0,117.02569344992304,30.0,0.98,0+2,NA,invalid_target_complement_gap,target_complement_gap_below_tolerance,2.1312156921161386e-08,80.37186499752139,False
3.0,0.0,0.0204,2.0,117.02569344992304,30.0,0.98,1+2,NA,invalid_target_complement_gap,target_complement_gap_below_tolerance,1.0049309375007723e-08,80.37186499752139,False
3.0,0.0,0.0204,2.0,117.02569344992304,30.0,0.98,0+1+2,0,valid_full_space,P=I3; no complementary spectrum,nan,NA,True
3.0,0.0,0.0204,2.0,117.02569344992304,30.0,0.99,0,NA,invalid_target_complement_gap,target_complement_gap_below_tolerance,8.38608311613493e-09,40.20577162000414,False
3.0,0.0,0.0204,2.0,117.02569344992304,30.0,0.99,1,0,valid_numerical,target/complement separated on tested radial set and UV tail,0.06077994947462824,40.20577162000414,False
3.0,0.0,0.0204,2.0,117.02569344992304,30.0,0.99,2,NA,invalid_target_complement_gap,target_complement_gap_below_tolerance,8.38608311613493e-09,40.20577162000414,False
3.0,0.0,0.0204,2.0,117.02569344992304,30.0,0.99,0+1,NA,invalid_target_complement_gap,target_complement_gap_below_tolerance,8.38608311613493e-09,40.20577162000414,False
3.0,0.0,0.0204,2.0,117.02569344992304,30.0,0.99,0+2,0,valid_numerical,target/complement separated on tested radial set and UV tail,0.06077994947462824,40.20577162000414,False
3.0,0.0,0.0204,2.0,117.02569344992304,30.0,0.99,1+2,NA,invalid_target_complement_gap,target_complement_gap_below_tolerance,8.38608311613493e-09,40.20577162000414,False
3.0,0.0,0.0204,2.0,117.02569344992304,30.0,0.99,0+1+2,0,valid_full_space,P=I3; no complementary spectrum,nan,NA,True
3.0,0.0,0.0204,2.0,117.02569344992304,30.0,1.0,0,NA,invalid,singular_or_unresolved_closure: D0 is zero within relative tolerance,nan,NA,False
3.0,0.0,0.0204,2.0,117.02569344992304,30.0,1.0,1,NA,invalid,singular_or_unresolved_closure: D0 is zero within relative tolerance,nan,NA,False
3.0,0.0,0.0204,2.0,117.02569344992304,30.0,1.0,2,NA,invalid,singular_or_unresolved_closure: D0 is zero within relative tolerance,nan,NA,False
3.0,0.0,0.0204,2.0,117.02569344992304,30.0,1.0,0+1,NA,invalid,singular_or_unresolved_closure: D0 is zero within relative tolerance,nan,NA,False
3.0,0.0,0.0204,2.0,117.02569344992304,30.0,1.0,0+2,NA,invalid,singular_or_unresolved_closure: D0 is zero within relative tolerance,nan,NA,False
3.0,0.0,0.0204,2.0,117.02569344992304,30.0,1.0,1+2,NA,invalid,singular_or_unresolved_closure: D0 is zero within relative tolerance,nan,NA,False
3.0,0.0,0.0204,2.0,117.02569344992304,30.0,1.0,0+1+2,NA,invalid,singular_or_unresolved_closure: D0 is zero within relative tolerance,nan,NA,False
3.0,0.0,0.0204,3.0,17.337139770358966,10.0,0.0,0,NA,invalid,singular_or_unresolved_closure: D0 is zero within relative tolerance,nan,NA,False
3.0,0.0,0.0204,3.0,17.337139770358966,10.0,0.0,1,NA,invalid,singular_or_unresolved_closure: D0 is zero within relative tolerance,nan,NA,False
3.0,0.0,0.0204,3.0,17.337139770358966,10.0,0.0,2,NA,invalid,singular_or_unresolved_closure: D0 is zero within relative tolerance,nan,NA,False
3.0,0.0,0.0204,3.0,17.337139770358966,10.0,0.0,0+1,NA,invalid,singular_or_unresolved_closure: D0 is zero within relative tolerance,nan,NA,False
3.0,0.0,0.0204,3.0,17.337139770358966,10.0,0.0,0+2,NA,invalid,singular_or_unresolved_closure: D0 is zero within relative tolerance,nan,NA,False
3.0,0.0,0.0204,3.0,17.337139770358966,10.0,0.0,1+2,NA,invalid,singular_or_unresolved_closure: D0 is zero within relative tolerance,nan,NA,False
3.0,0.0,0.0204,3.0,17.337139770358966,10.0,0.0,0+1+2,NA,invalid,singular_or_unresolved_closure: D0 is zero within relative tolerance,nan,NA,False
3.0,0.0,0.0204,3.0,17.337139770358966,10.0,1e-05,0,NA,invalid_target_complement_gap,target_complement_gap_below_tolerance,3.947842230900279e-09,0.3333333333333333,False
3.0,0.0,0.0204,3.0,17.337139770358966,10.0,1e-05,1,0,valid_numerical,target/complement separated on tested radial set and UV tail,0.4999990207195542,0.3333333333333333,False
3.0,0.0,0.0204,3.0,17.337139770358966,10.0,1e-05,2,NA,invalid_target_complement_gap,target_complement_gap_below_tolerance,3.947842230900279e-09,0.3333333333333333,False
3.0,0.0,0.0204,3.0,17.337139770358966,10.0,1e-05,0+1,NA,invalid_target_complement_gap,target_complement_gap_below_tolerance,3.947842230900279e-09,0.3333333333333333,False
3.0,0.0,0.0204,3.0,17.337139770358966,10.0,1e-05,0+2,0,valid_numerical,target/complement separated on tested radial set and UV tail,0.4999990207195542,0.3333333333333333,False
3.0,0.0,0.0204,3.0,17.337139770358966,10.0,1e-05,1+2,NA,invalid_target_complement_gap,target_complement_gap_below_tolerance,3.947842230900279e-09,0.3333333333333333,False
3.0,0.0,0.0204,3.0,17.337139770358966,10.0,1e-05,0+1+2,0,valid_full_space,P=I3; no complementary spectrum,nan,NA,True
3.0,0.0,0.0204,3.0,17.337139770358966,10.0,0.01,0,NA,invalid_target_complement_gap,target_complement_gap_below_tolerance,5.377520252701335e-09,10.666666666666666,False
3.0,0.0,0.0204,3.0,17.337139770358966,10.0,0.01,1,0,valid_numerical,target/complement separated on tested radial set and UV tail,0.2402539030701905,10.666666666666666,False
3.0,0.0,0.0204,3.0,17.337139770358966,10.0,0.01,2,NA,invalid_target_complement_gap,target_complement_gap_below_tolerance,5.377520252701335e-09,10.666666666666666,False
3.0,0.0,0.0204,3.0,17.337139770358966,10.0,0.01,0+1,NA,invalid_target_complement_gap,target_complement_gap_below_tolerance,5.377520252701335e-09,10.666666666666666,False
3.0,0.0,0.0204,3.0,17.337139770358966,10.0,0.01,0+2,0,valid_numerical,target/complement separated on tested radial set and UV tail,0.2402539030701905,10.666666666666666,False
3.0,0.0,0.0204,3.0,17.337139770358966,10.0,0.01,1+2,NA,invalid_target_complement_gap,target_complement_gap_below_tolerance,5.377520252701335e-09,10.666666666666666,False
3.0,0.0,0.0204,3.0,17.337139770358966,10.0,0.01,0+1+2,0,valid_full_space,P=I3; no complementary spectrum,nan,NA,True
3.0,0.0,0.0204,3.0,17.337139770358966,10.0,0.02,0,NA,invalid_target_complement_gap,target_complement_gap_below_tolerance,9.203379765275228e-09,26.79062166584037,False
3.0,0.0,0.0204,3.0,17.337139770358966,10.0,0.02,1,NA,invalid_target_complement_gap,target_complement_gap_below_tolerance,1.106153479449886e-07,26.79062166584037,False
3.0,0.0,0.0204,3.0,17.337139770358966,10.0,0.02,2,NA,invalid_target_complement_gap,target_complement_gap_below_tolerance,9.203379765275228e-09,26.79062166584037,False
3.0,0.0,0.0204,3.0,17.337139770358966,10.0,0.02,0+1,NA,invalid_target_complement_gap,target_complement_gap_below_tolerance,9.203379765275228e-09,26.79062166584037,False
3.0,0.0,0.0204,3.0,17.337139770358966,10.0,0.02,0+2,NA,invalid_target_complement_gap,target_complement_gap_below_tolerance,1.106153479449886e-07,26.79062166584037,False
3.0,0.0,0.0204,3.0,17.337139770358966,10.0,0.02,1+2,NA,invalid_target_complement_gap,target_complement_gap_below_tolerance,9.203379765275228e-09,26.79062166584037,False
3.0,0.0,0.0204,3.0,17.337139770358966,10.0,0.02,0+1+2,0,valid_full_space,P=I3; no complementary spectrum,nan,NA,True
3.0,0.0,0.0204,3.0,17.337139770358966,10.0,0.025,0,NA,invalid_target_complement_gap,target_complement_gap_below_tolerance,1.1439607452059427e-08,33.47588084388051,False
3.0,0.0,0.0204,3.0,17.337139770358966,10.0,0.025,1,NA,invalid_target_complement_gap,target_complement_gap_below_tolerance,2.441421327437582e-08,33.47588084388051,False
3.0,0.0,0.0204,3.0,17.337139770358966,10.0,0.025,2,NA,invalid_target_complement_gap,target_complement_gap_below_tolerance,1.1439607452059427e-08,33.47588084388051,False
3.0,0.0,0.0204,3.0,17.337139770358966,10.0,0.025,0+1,NA,invalid_target_complement_gap,target_complement_gap_below_tolerance,1.1439607452059427e-08,33.47588084388051,False
3.0,0.0,0.0204,3.0,17.337139770358966,10.0,0.025,0+2,NA,invalid_target_complement_gap,target_complement_gap_below_tolerance,2.441421327437582e-08,33.47588084388051,False
3.0,0.0,0.0204,3.0,17.337139770358966,10.0,0.025,1+2,NA,invalid_target_complement_gap,target_complement_gap_below_tolerance,1.1439607452059427e-08,33.47588084388051,False
3.0,0.0,0.0204,3.0,17.337139770358966,10.0,0.025,0+1+2,0,valid_full_space,P=I3; no complementary spectrum,nan,NA,True
3.0,0.0,0.0204,3.0,17.337139770358966,10.0,0.03,0,NA,invalid_target_complement_gap,target_complement_gap_below_tolerance,8.662958319480546e-09,40.15288034923277,False
3.0,0.0,0.0204,3.0,17.337139770358966,10.0,0.03,1,NA,invalid_target_complement_gap,target_complement_gap_below_tolerance,6.006041748157362e-08,40.15288034923277,False
3.0,0.0,0.0204,3.0,17.337139770358966,10.0,0.03,2,NA,invalid_target_complement_gap,target_complement_gap_below_tolerance,8.662958319480546e-09,40.15288034923277,False
3.0,0.0,0.0204,3.0,17.337139770358966,10.0,0.03,0+1,NA,invalid_target_complement_gap,target_complement_gap_below_tolerance,8.662958319480546e-09,40.15288034923277,False
3.0,0.0,0.0204,3.0,17.337139770358966,10.0,0.03,0+2,NA,invalid_target_complement_gap,target_complement_gap_below_tolerance,6.006041748157362e-08,40.15288034923277,False
3.0,0.0,0.0204,3.0,17.337139770358966,10.0,0.03,1+2,NA,invalid_target_complement_gap,target_complement_gap_below_tolerance,8.662958319480546e-09,40.15288034923277,False
3.0,0.0,0.0204,3.0,17.337139770358966,10.0,0.03,0+1+2,0,valid_full_space,P=I3; no complementary spectrum,nan,NA,True
3.0,0.0,0.0204,3.0,17.337139770358966,10.0,0.041676250000000005,0,-2,valid_numerical,target/complement separated on tested radial set and UV tail,0.019448898396847516,55.70391104918674,False
3.0,0.0,0.0204,3.0,17.337139770358966,10.0,0.041676250000000005,1,0,valid_numerical,target/complement separated on tested radial set and UV tail,0.019448898396847162,55.70391104918674,False
3.0,0.0,0.0204,3.0,17.337139770358966,10.0,0.041676250000000005,2,2,valid_numerical,target/complement separated on tested radial set and UV tail,0.019448898396847162,55.70391104918674,False
3.0,0.0,0.0204,3.0,17.337139770358966,10.0,0.041676250000000005,0+1,-2,valid_numerical,target/complement separated on tested radial set and UV tail,0.019448898396847162,55.70391104918674,False
3.0,0.0,0.0204,3.0,17.337139770358966,10.0,0.041676250000000005,0+2,0,valid_numerical,target/complement separated on tested radial set and UV tail,0.019448898396847162,55.70391104918674,False
3.0,0.0,0.0204,3.0,17.337139770358966,10.0,0.041676250000000005,1+2,2,valid_numerical,target/complement separated on tested radial set and UV tail,0.019448898396847516,55.70391104918674,False
3.0,0.0,0.0204,3.0,17.337139770358966,10.0,0.041676250000000005,0+1+2,0,valid_full_space,P=I3; no complementary spectrum,nan,NA,True
3.0,0.0,0.0204,3.0,17.337139770358966,10.0,0.0833425,0,-2,valid_numerical,target/complement separated on tested radial set and UV tail,0.2359820742415283,110.44132764249295,False
3.0,0.0,0.0204,3.0,17.337139770358966,10.0,0.0833425,1,0,valid_numerical,target/complement separated on tested radial set and UV tail,0.23598207424152803,110.44132764249295,False
3.0,0.0,0.0204,3.0,17.337139770358966,10.0,0.0833425,2,2,valid_numerical,target/complement separated on tested radial set and UV tail,0.23598207424152803,110.44132764249295,False
3.0,0.0,0.0204,3.0,17.337139770358966,10.0,0.0833425,0+1,-2,valid_numerical,target/complement separated on tested radial set and UV tail,0.23598207424152803,110.44132764249295,False
3.0,0.0,0.0204,3.0,17.337139770358966,10.0,0.0833425,0+2,0,valid_numerical,target/complement separated on tested radial set and UV tail,0.23598207424152803,110.44132764249295,False
3.0,0.0,0.0204,3.0,17.337139770358966,10.0,0.0833425,1+2,2,valid_numerical,target/complement separated on tested radial set and UV tail,0.2359820742415283,110.44132764249295,False
3.0,0.0,0.0204,3.0,17.337139770358966,10.0,0.0833425,0+1+2,0,valid_full_space,P=I3; no complementary spectrum,nan,NA,True
3.0,0.0,0.0204,3.0,17.337139770358966,10.0,0.12500875,0,-2,valid_numerical,target/complement separated on tested radial set and UV tail,0.34264437692258043,163.28910023918164,False
3.0,0.0,0.0204,3.0,17.337139770358966,10.0,0.12500875,1,0,valid_numerical,target/complement separated on tested radial set and UV tail,0.34264437692258043,163.28910023918164,False
3.0,0.0,0.0204,3.0,17.337139770358966,10.0,0.12500875,2,2,valid_numerical,target/complement separated on tested radial set and UV tail,0.3426443769225805,163.28910023918164,False
3.0,0.0,0.0204,3.0,17.337139770358966,10.0,0.12500875,0+1,-2,valid_numerical,target/complement separated on tested radial set and UV tail,0.3426443769225805,163.28910023918164,False
3.0,0.0,0.0204,3.0,17.337139770358966,10.0,0.12500875,0+2,0,valid_numerical,target/complement separated on tested radial set and UV tail,0.34264437692258043,163.28910023918164,False
3.0,0.0,0.0204,3.0,17.337139770358966,10.0,0.12500875,1+2,2,valid_numerical,target/complement separated on tested radial set and UV tail,0.34264437692258043,163.28910023918164,False
3.0,0.0,0.0204,3.0,17.337139770358966,10.0,0.12500875,0+1+2,0,valid_full_space,P=I3; no complementary spectrum,nan,NA,True
3.0,0.0,0.0204,3.0,17.337139770358966,10.0,0.16667500000000002,0,-2,valid_numerical,target/complement separated on tested radial set and UV tail,0.4214044029211417,213.34300685683328,False
3.0,0.0,0.0204,3.0,17.337139770358966,10.0,0.16667500000000002,1,0,valid_numerical,target/complement separated on tested radial set and UV tail,0.42140440292114156,213.34300685683328,False
3.0,0.0,0.0204,3.0,17.337139770358966,10.0,0.16667500000000002,2,2,valid_numerical,target/complement separated on tested radial set and UV tail,0.42140440292114156,213.34300685683328,False
3.0,0.0,0.0204,3.0,17.337139770358966,10.0,0.16667500000000002,0+1,-2,valid_numerical,target/complement separated on tested radial set and UV tail,0.42140440292114156,213.34300685683328,False
3.0,0.0,0.0204,3.0,17.337139770358966,10.0,0.16667500000000002,0+2,0,valid_numerical,target/complement separated on tested radial set and UV tail,0.42140440292114156,213.34300685683328,False
3.0,0.0,0.0204,3.0,17.337139770358966,10.0,0.16667500000000002,1+2,2,valid_numerical,target/complement separated on tested radial set and UV tail,0.4214044029211417,213.34300685683328,False
3.0,0.0,0.0204,3.0,17.337139770358966,10.0,0.16667500000000002,0+1+2,0,valid_full_space,P=I3; no complementary spectrum,nan,NA,True
3.0,0.0,0.0204,3.0,17.337139770358966,10.0,0.20834125000000003,0,-2,valid_numerical,target/complement separated on tested radial set and UV tail,0.4740786830087676,259.74662837982953,False
3.0,0.0,0.0204,3.0,17.337139770358966,10.0,0.20834125000000003,1,0,valid_numerical,target/complement separated on tested radial set and UV tail,0.4740786830087676,259.74662837982953,False
3.0,0.0,0.0204,3.0,17.337139770358966,10.0,0.20834125000000003,2,2,valid_numerical,target/complement separated on tested radial set and UV tail,0.47407868300876765,259.74662837982953,False
3.0,0.0,0.0204,3.0,17.337139770358966,10.0,0.20834125000000003,0+1,-2,valid_numerical,target/complement separated on tested radial set and UV tail,0.47407868300876765,259.74662837982953,False
3.0,0.0,0.0204,3.0,17.337139770358966,10.0,0.20834125000000003,0+2,0,valid_numerical,target/complement separated on tested radial set and UV tail,0.4740786830087676,259.74662837982953,False
3.0,0.0,0.0204,3.0,17.337139770358966,10.0,0.20834125000000003,1+2,2,valid_numerical,target/complement separated on tested radial set and UV tail,0.4740786830087676,259.74662837982953,False
3.0,0.0,0.0204,3.0,17.337139770358966,10.0,0.20834125000000003,0+1+2,0,valid_full_space,P=I3; no complementary spectrum,nan,NA,True
3.0,0.0,0.0204,3.0,17.337139770358966,10.0,0.2500075,0,-2,valid_numerical,target/complement separated on tested radial set and UV tail,0.4984084793532261,301.70600183521424,False
3.0,0.0,0.0204,3.0,17.337139770358966,10.0,0.2500075,1,0,valid_numerical,target/complement separated on tested radial set and UV tail,0.4984084793532261,301.70600183521424,False
3.0,0.0,0.0204,3.0,17.337139770358966,10.0,0.2500075,2,2,valid_numerical,target/complement separated on tested radial set and UV tail,0.4984084793532263,301.70600183521424,False
3.0,0.0,0.0204,3.0,17.337139770358966,10.0,0.2500075,0+1,-2,valid_numerical,target/complement separated on tested radial set and UV tail,0.4984084793532263,301.70600183521424,False
3.0,0.0,0.0204,3.0,17.337139770358966,10.0,0.2500075,0+2,0,valid_numerical,target/complement separated on tested radial set and UV tail,0.4984084793532261,301.70600183521424,False
3.0,0.0,0.0204,3.0,17.337139770358966,10.0,0.2500075,1+2,2,valid_numerical,target/complement separated on tested radial set and UV tail,0.4984084793532261,301.70600183521424,False
3.0,0.0,0.0204,3.0,17.337139770358966,10.0,0.2500075,0+1+2,0,valid_full_space,P=I3; no complementary spectrum,nan,NA,True
3.0,0.0,0.0204,3.0,17.337139770358966,10.0,0.29167375,0,-2,valid_numerical,target/complement separated on tested radial set and UV tail,0.5,338.50320504798026,False
3.0,0.0,0.0204,3.0,17.337139770358966,10.0,0.29167375,1,0,valid_numerical,target/complement separated on tested radial set and UV tail,0.5,338.50320504798026,False
3.0,0.0,0.0204,3.0,17.337139770358966,10.0,0.29167375,2,2,valid_numerical,target/complement separated on tested radial set and UV tail,0.5,338.50320504798026,False
3.0,0.0,0.0204,3.0,17.337139770358966,10.0,0.29167375,0+1,-2,valid_numerical,target/complement separated on tested radial set and UV tail,0.5,338.50320504798026,False
3.0,0.0,0.0204,3.0,17.337139770358966,10.0,0.29167375,0+2,0,valid_numerical,target/complement separated on tested radial set and UV tail,0.5,338.50320504798026,False
3.0,0.0,0.0204,3.0,17.337139770358966,10.0,0.29167375,1+2,2,valid_numerical,target/complement separated on tested radial set and UV tail,0.5,338.50320504798026,False
3.0,0.0,0.0204,3.0,17.337139770358966,10.0,0.29167375,0+1+2,0,valid_full_space,P=I3; no complementary spectrum,nan,NA,True
3.0,0.0,0.0204,3.0,17.337139770358966,10.0,0.33334,0,-2,valid_numerical,target/complement separated on tested radial set and UV tail,0.5000000000000001,369.5086402432039,False
3.0,0.0,0.0204,3.0,17.337139770358966,10.0,0.33334,1,0,valid_numerical,target/complement separated on tested radial set and UV tail,0.5000000000000001,369.5086402432039,False
3.0,0.0,0.0204,3.0,17.337139770358966,10.0,0.33334,2,2,valid_numerical,target/complement separated on tested radial set and UV tail,0.5000000000000001,369.5086402432039,False
3.0,0.0,0.0204,3.0,17.337139770358966,10.0,0.33334,0+1,-2,valid_numerical,target/complement separated on tested radial set and UV tail,0.5000000000000001,369.5086402432039,False
3.0,0.0,0.0204,3.0,17.337139770358966,10.0,0.33334,0+2,0,valid_numerical,target/complement separated on tested radial set and UV tail,0.5000000000000001,369.5086402432039,False
3.0,0.0,0.0204,3.0,17.337139770358966,10.0,0.33334,1+2,2,valid_numerical,target/complement separated on tested radial set and UV tail,0.5000000000000001,369.5086402432039,False
3.0,0.0,0.0204,3.0,17.337139770358966,10.0,0.33334,0+1+2,0,valid_full_space,P=I3; no complementary spectrum,nan,NA,True
3.0,0.0,0.0204,3.0,17.337139770358966,10.0,0.37500625000000004,0,-2,valid_numerical,target/complement separated on tested radial set and UV tail,0.5,394.1918064233888,False
3.0,0.0,0.0204,3.0,17.337139770358966,10.0,0.37500625000000004,1,0,valid_numerical,target/complement separated on tested radial set and UV tail,0.4999999999999999,394.1918064233888,False
3.0,0.0,0.0204,3.0,17.337139770358966,10.0,0.37500625000000004,2,2,valid_numerical,target/complement separated on tested radial set and UV tail,0.4999999999999999,394.1918064233888,False
3.0,0.0,0.0204,3.0,17.337139770358966,10.0,0.37500625000000004,0+1,-2,valid_numerical,target/complement separated on tested radial set and UV tail,0.4999999999999999,394.1918064233888,False
3.0,0.0,0.0204,3.0,17.337139770358966,10.0,0.37500625000000004,0+2,0,valid_numerical,target/complement separated on tested radial set and UV tail,0.4999999999999999,394.1918064233888,False
3.0,0.0,0.0204,3.0,17.337139770358966,10.0,0.37500625000000004,1+2,2,valid_numerical,target/complement separated on tested radial set and UV tail,0.5,394.1918064233888,False
3.0,0.0,0.0204,3.0,17.337139770358966,10.0,0.37500625000000004,0+1+2,0,valid_full_space,P=I3; no complementary spectrum,nan,NA,True
3.0,0.0,0.0204,3.0,17.337139770358966,10.0,0.41667250000000006,0,-2,valid_numerical,target/complement separated on tested radial set and UV tail,0.5000000000000001,412.13037620633537,False
3.0,0.0,0.0204,3.0,17.337139770358966,10.0,0.41667250000000006,1,0,valid_numerical,target/complement separated on tested radial set and UV tail,0.5,412.13037620633537,False
3.0,0.0,0.0204,3.0,17.337139770358966,10.0,0.41667250000000006,2,2,valid_numerical,target/complement separated on tested radial set and UV tail,0.5,412.13037620633537,False
3.0,0.0,0.0204,3.0,17.337139770358966,10.0,0.41667250000000006,0+1,-2,valid_numerical,target/complement separated on tested radial set and UV tail,0.5,412.13037620633537,False
3.0,0.0,0.0204,3.0,17.337139770358966,10.0,0.41667250000000006,0+2,0,valid_numerical,target/complement separated on tested radial set and UV tail,0.5,412.13037620633537,False
3.0,0.0,0.0204,3.0,17.337139770358966,10.0,0.41667250000000006,1+2,2,valid_numerical,target/complement separated on tested radial set and UV tail,0.5000000000000001,412.13037620633537,False
3.0,0.0,0.0204,3.0,17.337139770358966,10.0,0.41667250000000006,0+1+2,0,valid_full_space,P=I3; no complementary spectrum,nan,NA,True
3.0,0.0,0.0204,3.0,17.337139770358966,10.0,0.45833875,0,-2,valid_numerical,target/complement separated on tested radial set and UV tail,0.5,423.01742181942586,False
3.0,0.0,0.0204,3.0,17.337139770358966,10.0,0.45833875,1,0,valid_numerical,target/complement separated on tested radial set and UV tail,0.5,423.01742181942586,False
3.0,0.0,0.0204,3.0,17.337139770358966,10.0,0.45833875,2,2,valid_numerical,target/complement separated on tested radial set and UV tail,0.5000000000000002,423.01742181942586,False
3.0,0.0,0.0204,3.0,17.337139770358966,10.0,0.45833875,0+1,-2,valid_numerical,target/complement separated on tested radial set and UV tail,0.5000000000000002,423.01742181942586,False
3.0,0.0,0.0204,3.0,17.337139770358966,10.0,0.45833875,0+2,0,valid_numerical,target/complement separated on tested radial set and UV tail,0.5,423.01742181942586,False
3.0,0.0,0.0204,3.0,17.337139770358966,10.0,0.45833875,1+2,2,valid_numerical,target/complement separated on tested radial set and UV tail,0.5,423.01742181942586,False
3.0,0.0,0.0204,3.0,17.337139770358966,10.0,0.45833875,0+1+2,0,valid_full_space,P=I3; no complementary spectrum,nan,NA,True
3.0,0.0,0.0204,3.0,17.337139770358966,10.0,0.500005,0,-2,valid_numerical,target/complement separated on tested radial set and UV tail,0.5,426.6666666140287,False
3.0,0.0,0.0204,3.0,17.337139770358966,10.0,0.500005,1,0,valid_numerical,target/complement separated on tested radial set and UV tail,0.49999999999999983,426.6666666140287,False
3.0,0.0,0.0204,3.0,17.337139770358966,10.0,0.500005,2,2,valid_numerical,target/complement separated on tested radial set and UV tail,0.49999999999999983,426.6666666140287,False
3.0,0.0,0.0204,3.0,17.337139770358966,10.0,0.500005,0+1,-2,valid_numerical,target/complement separated on tested radial set and UV tail,0.49999999999999983,426.6666666140287,False
3.0,0.0,0.0204,3.0,17.337139770358966,10.0,0.500005,0+2,0,valid_numerical,target/complement separated on tested radial set and UV tail,0.49999999999999983,426.6666666140287,False
3.0,0.0,0.0204,3.0,17.337139770358966,10.0,0.500005,1+2,2,valid_numerical,target/complement separated on tested radial set and UV tail,0.5,426.6666666140287,False
3.0,0.0,0.0204,3.0,17.337139770358966,10.0,0.500005,0+1+2,0,valid_full_space,P=I3; no complementary spectrum,nan,NA,True
3.0,0.0,0.0204,3.0,17.337139770358966,10.0,0.5416712499999999,0,-2,valid_numerical,target/complement separated on tested radial set and UV tail,0.5,423.0156722469484,False
3.0,0.0,0.0204,3.0,17.337139770358966,10.0,0.5416712499999999,1,0,valid_numerical,target/complement separated on tested radial set and UV tail,0.5,423.0156722469484,False
3.0,0.0,0.0204,3.0,17.337139770358966,10.0,0.5416712499999999,2,2,valid_numerical,target/complement separated on tested radial set and UV tail,0.5,423.0156722469484,False
3.0,0.0,0.0204,3.0,17.337139770358966,10.0,0.5416712499999999,0+1,-2,valid_numerical,target/complement separated on tested radial set and UV tail,0.5,423.0156722469484,False
3.0,0.0,0.0204,3.0,17.337139770358966,10.0,0.5416712499999999,0+2,0,valid_numerical,target/complement separated on tested radial set and UV tail,0.5,423.0156722469484,False
3.0,0.0,0.0204,3.0,17.337139770358966,10.0,0.5416712499999999,1+2,2,valid_numerical,target/complement separated on tested radial set and UV tail,0.5,423.0156722469484,False
3.0,0.0,0.0204,3.0,17.337139770358966,10.0,0.5416712499999999,0+1+2,0,valid_full_space,P=I3; no complementary spectrum,nan,NA,True
3.0,0.0,0.0204,3.0,17.337139770358966,10.0,0.5833375,0,-2,valid_numerical,target/complement separated on tested radial set and UV tail,0.5,412.1269069964527,False
3.0,0.0,0.0204,3.0,17.337139770358966,10.0,0.5833375,1,0,valid_numerical,target/complement separated on tested radial set and UV tail,0.4999999999999999,412.1269069964527,False
3.0,0.0,0.0204,3.0,17.337139770358966,10.0,0.5833375,2,2,valid_numerical,target/complement separated on tested radial set and UV tail,0.4999999999999999,412.1269069964527,False
3.0,0.0,0.0204,3.0,17.337139770358966,10.0,0.5833375,0+1,-2,valid_numerical,target/complement separated on tested radial set and UV tail,0.4999999999999999,412.1269069964527,False
3.0,0.0,0.0204,3.0,17.337139770358966,10.0,0.5833375,0+2,0,valid_numerical,target/complement separated on tested radial set and UV tail,0.4999999999999999,412.1269069964527,False
3.0,0.0,0.0204,3.0,17.337139770358966,10.0,0.5833375,1+2,2,valid_numerical,target/complement separated on tested radial set and UV tail,0.5,412.1269069964527,False
3.0,0.0,0.0204,3.0,17.337139770358966,10.0,0.5833375,0+1+2,0,valid_full_space,P=I3; no complementary spectrum,nan,NA,True
3.0,0.0,0.0204,3.0,17.337139770358966,10.0,0.62500375,0,-2,valid_numerical,target/complement separated on tested radial set and UV tail,0.4999999999999999,394.18667693405837,False
3.0,0.0,0.0204,3.0,17.337139770358966,10.0,0.62500375,1,0,valid_numerical,target/complement separated on tested radial set and UV tail,0.4999999999999999,394.18667693405837,False
3.0,0.0,0.0204,3.0,17.337139770358966,10.0,0.62500375,2,2,valid_numerical,target/complement separated on tested radial set and UV tail,0.5,394.18667693405837,False
3.0,0.0,0.0204,3.0,17.337139770358966,10.0,0.62500375,0+1,-2,valid_numerical,target/complement separated on tested radial set and UV tail,0.5,394.18667693405837,False
3.0,0.0,0.0204,3.0,17.337139770358966,10.0,0.62500375,0+2,0,valid_numerical,target/complement separated on tested radial set and UV tail,0.4999999999999999,394.18667693405837,False
3.0,0.0,0.0204,3.0,17.337139770358966,10.0,0.62500375,1+2,2,valid_numerical,target/complement separated on tested radial set and UV tail,0.4999999999999999,394.18667693405837,False
3.0,0.0,0.0204,3.0,17.337139770358966,10.0,0.62500375,0+1+2,0,valid_full_space,P=I3; no complementary spectrum,nan,NA,True
3.0,0.0,0.0204,3.0,17.337139770358966,10.0,0.66667,0,-2,valid_numerical,target/complement separated on tested radial set and UV tail,0.4999999999999999,369.50193823965765,False
3.0,0.0,0.0204,3.0,17.337139770358966,10.0,0.66667,1,0,valid_numerical,target/complement separated on tested radial set and UV tail,0.4999999999999997,369.50193823965765,False
3.0,0.0,0.0204,3.0,17.337139770358966,10.0,0.66667,2,2,valid_numerical,target/complement separated on tested radial set and UV tail,0.4999999999999997,369.50193823965765,False
3.0,0.0,0.0204,3.0,17.337139770358966,10.0,0.66667,0+1,-2,valid_numerical,target/complement separated on tested radial set and UV tail,0.4999999999999997,369.50193823965765,False
3.0,0.0,0.0204,3.0,17.337139770358966,10.0,0.66667,0+2,0,valid_numerical,target/complement separated on tested radial set and UV tail,0.4999999999999997,369.50193823965765,False
3.0,0.0,0.0204,3.0,17.337139770358966,10.0,0.66667,1+2,2,valid_numerical,target/complement separated on tested radial set and UV tail,0.4999999999999999,369.50193823965765,False
3.0,0.0,0.0204,3.0,17.337139770358966,10.0,0.66667,0+1+2,0,valid_full_space,P=I3; no complementary spectrum,nan,NA,True
3.0,0.0,0.0204,3.0,17.337139770358966,10.0,0.70833625,0,-2,valid_numerical,target/complement separated on tested radial set and UV tail,0.5000000000000001,338.4950452010667,False
3.0,0.0,0.0204,3.0,17.337139770358966,10.0,0.70833625,1,0,valid_numerical,target/complement separated on tested radial set and UV tail,0.49999999999999983,338.4950452010667,False
3.0,0.0,0.0204,3.0,17.337139770358966,10.0,0.70833625,2,2,valid_numerical,target/complement separated on tested radial set and UV tail,0.49999999999999983,338.4950452010667,False
3.0,0.0,0.0204,3.0,17.337139770358966,10.0,0.70833625,0+1,-2,valid_numerical,target/complement separated on tested radial set and UV tail,0.49999999999999983,338.4950452010667,False
3.0,0.0,0.0204,3.0,17.337139770358966,10.0,0.70833625,0+2,0,valid_numerical,target/complement separated on tested radial set and UV tail,0.49999999999999983,338.4950452010667,False
3.0,0.0,0.0204,3.0,17.337139770358966,10.0,0.70833625,1+2,2,valid_numerical,target/complement separated on tested radial set and UV tail,0.5000000000000001,338.4950452010667,False
3.0,0.0,0.0204,3.0,17.337139770358966,10.0,0.70833625,0+1+2,0,valid_full_space,P=I3; no complementary spectrum,nan,NA,True
3.0,0.0,0.0204,3.0,17.337139770358966,10.0,0.7500025,0,-2,valid_numerical,target/complement separated on tested radial set and UV tail,0.49840620041338574,301.6965237593881,False
3.0,0.0,0.0204,3.0,17.337139770358966,10.0,0.7500025,1,0,valid_numerical,target/complement separated on tested radial set and UV tail,0.49840620041338546,301.6965237593881,False
3.0,0.0,0.0204,3.0,17.337139770358966,10.0,0.7500025,2,2,valid_numerical,target/complement separated on tested radial set and UV tail,0.49840620041338546,301.6965237593881,False
3.0,0.0,0.0204,3.0,17.337139770358966,10.0,0.7500025,0+1,-2,valid_numerical,target/complement separated on tested radial set and UV tail,0.49840620041338546,301.6965237593881,False
3.0,0.0,0.0204,3.0,17.337139770358966,10.0,0.7500025,0+2,0,valid_numerical,target/complement separated on tested radial set and UV tail,0.49840620041338546,301.6965237593881,False
3.0,0.0,0.0204,3.0,17.337139770358966,10.0,0.7500025,1+2,2,valid_numerical,target/complement separated on tested radial set and UV tail,0.49840620041338574,301.6965237593881,False
3.0,0.0,0.0204,3.0,17.337139770358966,10.0,0.7500025,0+1+2,0,valid_full_space,P=I3; no complementary spectrum,nan,NA,True
3.0,0.0,0.0204,3.0,17.337139770358966,10.0,0.79166875,0,-2,valid_numerical,target/complement separated on tested radial set and UV tail,0.47406943686739067,259.73599424435713,False
3.0,0.0,0.0204,3.0,17.337139770358966,10.0,0.79166875,1,0,valid_numerical,target/complement separated on tested radial set and UV tail,0.47406943686739067,259.73599424435713,False
3.0,0.0,0.0204,3.0,17.337139770358966,10.0,0.79166875,2,2,valid_numerical,target/complement separated on tested radial set and UV tail,0.4740694368673908,259.73599424435713,False
3.0,0.0,0.0204,3.0,17.337139770358966,10.0,0.79166875,0+1,-2,valid_numerical,target/complement separated on tested radial set and UV tail,0.4740694368673908,259.73599424435713,False
3.0,0.0,0.0204,3.0,17.337139770358966,10.0,0.79166875,0+2,0,valid_numerical,target/complement separated on tested radial set and UV tail,0.47406943686739067,259.73599424435713,False
3.0,0.0,0.0204,3.0,17.337139770358966,10.0,0.79166875,1+2,2,valid_numerical,target/complement separated on tested radial set and UV tail,0.47406943686739067,259.73599424435713,False
3.0,0.0,0.0204,3.0,17.337139770358966,10.0,0.79166875,0+1+2,0,valid_full_space,P=I3; no complementary spectrum,nan,NA,True
3.0,0.0,0.0204,3.0,17.337139770358966,10.0,0.833335,0,-2,valid_numerical,target/complement separated on tested radial set and UV tail,0.4213885916173952,213.3313986110872,False
3.0,0.0,0.0204,3.0,17.337139770358966,10.0,0.833335,1,0,valid_numerical,target/complement separated on tested radial set and UV tail,0.421388591617395,213.3313986110872,False
3.0,0.0,0.0204,3.0,17.337139770358966,10.0,0.833335,2,2,valid_numerical,target/complement separated on tested radial set and UV tail,0.421388591617395,213.3313986110872,False
3.0,0.0,0.0204,3.0,17.337139770358966,10.0,0.833335,0+1,-2,valid_numerical,target/complement separated on tested radial set and UV tail,0.421388591617395,213.3313986110872,False
3.0,0.0,0.0204,3.0,17.337139770358966,10.0,0.833335,0+2,0,valid_numerical,target/complement separated on tested radial set and UV tail,0.421388591617395,213.3313986110872,False
3.0,0.0,0.0204,3.0,17.337139770358966,10.0,0.833335,1+2,2,valid_numerical,target/complement separated on tested radial set and UV tail,0.4213885916173952,213.3313986110872,False
3.0,0.0,0.0204,3.0,17.337139770358966,10.0,0.833335,0+1+2,0,valid_full_space,P=I3; no complementary spectrum,nan,NA,True
3.0,0.0,0.0204,3.0,17.337139770358966,10.0,0.87500125,0,-2,valid_numerical,target/complement separated on tested radial set and UV tail,0.3426223595293756,163.27671649949824,False
3.0,0.0,0.0204,3.0,17.337139770358966,10.0,0.87500125,1,0,valid_numerical,target/complement separated on tested radial set and UV tail,0.3426223595293755,163.27671649949824,False
3.0,0.0,0.0204,3.0,17.337139770358966,10.0,0.87500125,2,2,valid_numerical,target/complement separated on tested radial set and UV tail,0.3426223595293755,163.27671649949824,False
3.0,0.0,0.0204,3.0,17.337139770358966,10.0,0.87500125,0+1,-2,valid_numerical,target/complement separated on tested radial set and UV tail,0.3426223595293755,163.27671649949824,False
3.0,0.0,0.0204,3.0,17.337139770358966,10.0,0.87500125,0+2,0,valid_numerical,target/complement separated on tested radial set and UV tail,0.3426223595293755,163.27671649949824,False
3.0,0.0,0.0204,3.0,17.337139770358966,10.0,0.87500125,1+2,2,valid_numerical,target/complement separated on tested radial set and UV tail,0.3426223595293756,163.27671649949824,False
3.0,0.0,0.0204,3.0,17.337139770358966,10.0,0.87500125,0+1+2,0,valid_full_space,P=I3; no complementary spectrum,nan,NA,True
3.0,0.0,0.0204,3.0,17.337139770358966,10.0,0.9166675,0,-2,valid_numerical,target/complement separated on tested radial set and UV tail,0.2359517472624939,110.42838029385987,False
3.0,0.0,0.0204,3.0,17.337139770358966,10.0,0.9166675,1,0,valid_numerical,target/complement separated on tested radial set and UV tail,0.23595174726249385,110.42838029385987,False
3.0,0.0,0.0204,3.0,17.337139770358966,10.0,0.9166675,2,2,valid_numerical,target/complement separated on tested radial set and UV tail,0.23595174726249385,110.42838029385987,False
3.0,0.0,0.0204,3.0,17.337139770358966,10.0,0.9166675,0+1,-2,valid_numerical,target/complement separated on tested radial set and UV tail,0.23595174726249385,110.42838029385987,False
3.0,0.0,0.0204,3.0,17.337139770358966,10.0,0.9166675,0+2,0,valid_numerical,target/complement separated on tested radial set and UV tail,0.23595174726249385,110.42838029385987,False
3.0,0.0,0.0204,3.0,17.337139770358966,10.0,0.9166675,1+2,2,valid_numerical,target/complement separated on tested radial set and UV tail,0.2359517472624939,110.42838029385987,False
3.0,0.0,0.0204,3.0,17.337139770358966,10.0,0.9166675,0+1+2,0,valid_full_space,P=I3; no complementary spectrum,nan,NA,True
3.0,0.0,0.0204,3.0,17.337139770358966,10.0,0.95833375,0,-2,valid_numerical,target/complement separated on tested radial set and UV tail,0.019159627260552144,55.69062161990449,False
3.0,0.0,0.0204,3.0,17.337139770358966,10.0,0.95833375,1,0,valid_numerical,target/complement separated on tested radial set and UV tail,0.019159627260552144,55.69062161990449,False
3.0,0.0,0.0204,3.0,17.337139770358966,10.0,0.95833375,2,2,valid_numerical,target/complement separated on tested radial set and UV tail,0.01915962726055396,55.69062161990449,False
3.0,0.0,0.0204,3.0,17.337139770358966,10.0,0.95833375,0+1,-2,valid_numerical,target/complement separated on tested radial set and UV tail,0.01915962726055396,55.69062161990449,False
3.0,0.0,0.0204,3.0,17.337139770358966,10.0,0.95833375,0+2,0,valid_numerical,target/complement separated on tested radial set and UV tail,0.019159627260552144,55.69062161990449,False
3.0,0.0,0.0204,3.0,17.337139770358966,10.0,0.95833375,1+2,2,valid_numerical,target/complement separated on tested radial set and UV tail,0.019159627260552144,55.69062161990449,False
3.0,0.0,0.0204,3.0,17.337139770358966,10.0,0.95833375,0+1+2,0,valid_full_space,P=I3; no complementary spectrum,nan,NA,True
3.0,0.0,0.0204,3.0,17.337139770358966,10.0,0.97,0,NA,invalid_target_complement_gap,target_complement_gap_below_tolerance,1.1172530566512922e-08,40.15288034923279,False
3.0,0.0,0.0204,3.0,17.337139770358966,10.0,0.97,1,NA,invalid_target_complement_gap,target_complement_gap_below_tolerance,2.434375292928747e-08,40.15288034923279,False
3.0,0.0,0.0204,3.0,17.337139770358966,10.0,0.97,2,NA,invalid_target_complement_gap,target_complement_gap_below_tolerance,1.1172530566512922e-08,40.15288034923279,False
3.0,0.0,0.0204,3.0,17.337139770358966,10.0,0.97,0+1,NA,invalid_target_complement_gap,target_complement_gap_below_tolerance,1.1172530566512922e-08,40.15288034923279,False
3.0,0.0,0.0204,3.0,17.337139770358966,10.0,0.97,0+2,NA,invalid_target_complement_gap,target_complement_gap_below_tolerance,2.434375292928747e-08,40.15288034923279,False
3.0,0.0,0.0204,3.0,17.337139770358966,10.0,0.97,1+2,NA,invalid_target_complement_gap,target_complement_gap_below_tolerance,1.1172530566512922e-08,40.15288034923279,False
3.0,0.0,0.0204,3.0,17.337139770358966,10.0,0.97,0+1+2,0,valid_full_space,P=I3; no complementary spectrum,nan,NA,True
3.0,0.0,0.0204,3.0,17.337139770358966,10.0,0.975,0,NA,invalid_target_complement_gap,target_complement_gap_below_tolerance,8.605766276867437e-09,33.47588084388056,False
3.0,0.0,0.0204,3.0,17.337139770358966,10.0,0.975,1,NA,invalid_target_complement_gap,target_complement_gap_below_tolerance,2.7883254962420865e-08,33.47588084388056,False
3.0,0.0,0.0204,3.0,17.337139770358966,10.0,0.975,2,NA,invalid_target_complement_gap,target_complement_gap_below_tolerance,8.605766276867437e-09,33.47588084388056,False
3.0,0.0,0.0204,3.0,17.337139770358966,10.0,0.975,0+1,NA,invalid_target_complement_gap,target_complement_gap_below_tolerance,8.605766276867437e-09,33.47588084388056,False
3.0,0.0,0.0204,3.0,17.337139770358966,10.0,0.975,0+2,NA,invalid_target_complement_gap,target_complement_gap_below_tolerance,2.7883254962420865e-08,33.47588084388056,False
3.0,0.0,0.0204,3.0,17.337139770358966,10.0,0.975,1+2,NA,invalid_target_complement_gap,target_complement_gap_below_tolerance,8.605766276867437e-09,33.47588084388056,False
3.0,0.0,0.0204,3.0,17.337139770358966,10.0,0.975,0+1+2,0,valid_full_space,P=I3; no complementary spectrum,nan,NA,True
3.0,0.0,0.0204,3.0,17.337139770358966,10.0,0.98,0,NA,invalid_target_complement_gap,target_complement_gap_below_tolerance,6.4561511181656806e-09,26.790621665840458,False
3.0,0.0,0.0204,3.0,17.337139770358966,10.0,0.98,1,NA,invalid_target_complement_gap,target_complement_gap_below_tolerance,7.509512399434963e-08,26.790621665840458,False
3.0,0.0,0.0204,3.0,17.337139770358966,10.0,0.98,2,NA,invalid_target_complement_gap,target_complement_gap_below_tolerance,6.4561511181656806e-09,26.790621665840458,False
3.0,0.0,0.0204,3.0,17.337139770358966,10.0,0.98,0+1,NA,invalid_target_complement_gap,target_complement_gap_below_tolerance,6.4561511181656806e-09,26.790621665840458,False
3.0,0.0,0.0204,3.0,17.337139770358966,10.0,0.98,0+2,NA,invalid_target_complement_gap,target_complement_gap_below_tolerance,7.509512399434963e-08,26.790621665840458,False
3.0,0.0,0.0204,3.0,17.337139770358966,10.0,0.98,1+2,NA,invalid_target_complement_gap,target_complement_gap_below_tolerance,6.4561511181656806e-09,26.790621665840458,False
3.0,0.0,0.0204,3.0,17.337139770358966,10.0,0.98,0+1+2,0,valid_full_space,P=I3; no complementary spectrum,nan,NA,True
3.0,0.0,0.0204,3.0,17.337139770358966,10.0,0.99,0,NA,invalid_target_complement_gap,target_complement_gap_below_tolerance,7.929850634815144e-09,10.666666666666666,False
3.0,0.0,0.0204,3.0,17.337139770358966,10.0,0.99,1,0,valid_numerical,target/complement separated on tested radial set and UV tail,0.24025390307019104,10.666666666666666,False
3.0,0.0,0.0204,3.0,17.337139770358966,10.0,0.99,2,NA,invalid_target_complement_gap,target_complement_gap_below_tolerance,7.929850634815144e-09,10.666666666666666,False
3.0,0.0,0.0204,3.0,17.337139770358966,10.0,0.99,0+1,NA,invalid_target_complement_gap,target_complement_gap_below_tolerance,7.929850634815144e-09,10.666666666666666,False
3.0,0.0,0.0204,3.0,17.337139770358966,10.0,0.99,0+2,0,valid_numerical,target/complement separated on tested radial set and UV tail,0.24025390307019104,10.666666666666666,False
3.0,0.0,0.0204,3.0,17.337139770358966,10.0,0.99,1+2,NA,invalid_target_complement_gap,target_complement_gap_below_tolerance,7.929850634815144e-09,10.666666666666666,False
3.0,0.0,0.0204,3.0,17.337139770358966,10.0,0.99,0+1+2,0,valid_full_space,P=I3; no complementary spectrum,nan,NA,True
3.0,0.0,0.0204,3.0,17.337139770358966,10.0,1.0,0,NA,invalid,singular_or_unresolved_closure: D0 is zero within relative tolerance,nan,NA,False
3.0,0.0,0.0204,3.0,17.337139770358966,10.0,1.0,1,NA,invalid,singular_or_unresolved_closure: D0 is zero within relative tolerance,nan,NA,False
3.0,0.0,0.0204,3.0,17.337139770358966,10.0,1.0,2,NA,invalid,singular_or_unresolved_closure: D0 is zero within relative tolerance,nan,NA,False
3.0,0.0,0.0204,3.0,17.337139770358966,10.0,1.0,0+1,NA,invalid,singular_or_unresolved_closure: D0 is zero within relative tolerance,nan,NA,False
3.0,0.0,0.0204,3.0,17.337139770358966,10.0,1.0,0+2,NA,invalid,singular_or_unresolved_closure: D0 is zero within relative tolerance,nan,NA,False
3.0,0.0,0.0204,3.0,17.337139770358966,10.0,1.0,1+2,NA,invalid,singular_or_unresolved_closure: D0 is zero within relative tolerance,nan,NA,False
3.0,0.0,0.0204,3.0,17.337139770358966,10.0,1.0,0+1+2,NA,invalid,singular_or_unresolved_closure: D0 is zero within relative tolerance,nan,NA,False
3.0,0.0,0.0204,3.0,34.67427954071793,20.0,0.0,0,NA,invalid,singular_or_unresolved_closure: D0 is zero within relative tolerance,nan,NA,False
3.0,0.0,0.0204,3.0,34.67427954071793,20.0,0.0,1,NA,invalid,singular_or_unresolved_closure: D0 is zero within relative tolerance,nan,NA,False
3.0,0.0,0.0204,3.0,34.67427954071793,20.0,0.0,2,NA,invalid,singular_or_unresolved_closure: D0 is zero within relative tolerance,nan,NA,False
3.0,0.0,0.0204,3.0,34.67427954071793,20.0,0.0,0+1,NA,invalid,singular_or_unresolved_closure: D0 is zero within relative tolerance,nan,NA,False
3.0,0.0,0.0204,3.0,34.67427954071793,20.0,0.0,0+2,NA,invalid,singular_or_unresolved_closure: D0 is zero within relative tolerance,nan,NA,False
3.0,0.0,0.0204,3.0,34.67427954071793,20.0,0.0,1+2,NA,invalid,singular_or_unresolved_closure: D0 is zero within relative tolerance,nan,NA,False
3.0,0.0,0.0204,3.0,34.67427954071793,20.0,0.0,0+1+2,NA,invalid,singular_or_unresolved_closure: D0 is zero within relative tolerance,nan,NA,False
3.0,0.0,0.0204,3.0,34.67427954071793,20.0,1e-05,0,NA,invalid_target_complement_gap,target_complement_gap_below_tolerance,2.887882285004502e-09,0.6666666666666666,False
3.0,0.0,0.0204,3.0,34.67427954071793,20.0,1e-05,1,0,valid_numerical,target/complement separated on tested radial set and UV tail,0.49998880633342785,0.6666666666666666,False
3.0,0.0,0.0204,3.0,34.67427954071793,20.0,1e-05,2,NA,invalid_target_complement_gap,target_complement_gap_below_tolerance,2.887882285004502e-09,0.6666666666666666,False
3.0,0.0,0.0204,3.0,34.67427954071793,20.0,1e-05,0+1,NA,invalid_target_complement_gap,target_complement_gap_below_tolerance,2.887882285004502e-09,0.6666666666666666,False
3.0,0.0,0.0204,3.0,34.67427954071793,20.0,1e-05,0+2,0,valid_numerical,target/complement separated on tested radial set and UV tail,0.49998880633342785,0.6666666666666666,False
3.0,0.0,0.0204,3.0,34.67427954071793,20.0,1e-05,1+2,NA,invalid_target_complement_gap,target_complement_gap_below_tolerance,2.887882285004502e-09,0.6666666666666666,False
3.0,0.0,0.0204,3.0,34.67427954071793,20.0,1e-05,0+1+2,0,valid_full_space,P=I3; no complementary spectrum,nan,NA,True
3.0,0.0,0.0204,3.0,34.67427954071793,20.0,0.01,0,NA,invalid_target_complement_gap,target_complement_gap_below_tolerance,4.923667250549233e-09,26.803847746669476,False
3.0,0.0,0.0204,3.0,34.67427954071793,20.0,0.01,1,0,valid_numerical,target/complement separated on tested radial set and UV tail,0.06077994947462889,26.803847746669476,False
3.0,0.0,0.0204,3.0,34.67427954071793,20.0,0.01,2,NA,invalid_target_complement_gap,target_complement_gap_below_tolerance,4.923667250549233e-09,26.803847746669476,False
3.0,0.0,0.0204,3.0,34.67427954071793,20.0,0.01,0+1,NA,invalid_target_complement_gap,target_complement_gap_below_tolerance,4.923667250549233e-09,26.803847746669476,False
3.0,0.0,0.0204,3.0,34.67427954071793,20.0,0.01,0+2,0,valid_numerical,target/complement separated on tested radial set and UV tail,0.06077994947462889,26.803847746669476,False
3.0,0.0,0.0204,3.0,34.67427954071793,20.0,0.01,1+2,NA,invalid_target_complement_gap,target_complement_gap_below_tolerance,4.923667250549233e-09,26.803847746669476,False
3.0,0.0,0.0204,3.0,34.67427954071793,20.0,0.01,0+1+2,0,valid_full_space,P=I3; no complementary spectrum,nan,NA,True
3.0,0.0,0.0204,3.0,34.67427954071793,20.0,0.02,0,NA,invalid_target_complement_gap,target_complement_gap_below_tolerance,1.3775792772860719e-08,53.58124333168074,False
3.0,0.0,0.0204,3.0,34.67427954071793,20.0,0.02,1,NA,invalid_target_complement_gap,target_complement_gap_below_tolerance,1.7401774562562186e-08,53.58124333168074,False
3.0,0.0,0.0204,3.0,34.67427954071793,20.0,0.02,2,NA,invalid_target_complement_gap,target_complement_gap_below_tolerance,1.3775792772860719e-08,53.58124333168074,False
3.0,0.0,0.0204,3.0,34.67427954071793,20.0,0.02,0+1,NA,invalid_target_complement_gap,target_complement_gap_below_tolerance,1.3775792772860719e-08,53.58124333168074,False
3.0,0.0,0.0204,3.0,34.67427954071793,20.0,0.02,0+2,NA,invalid_target_complement_gap,target_complement_gap_below_tolerance,1.7401774562562186e-08,53.58124333168074,False
3.0,0.0,0.0204,3.0,34.67427954071793,20.0,0.02,1+2,NA,invalid_target_complement_gap,target_complement_gap_below_tolerance,1.3775792772860719e-08,53.58124333168074,False
3.0,0.0,0.0204,3.0,34.67427954071793,20.0,0.02,0+1+2,0,valid_full_space,P=I3; no complementary spectrum,nan,NA,True
3.0,0.0,0.0204,3.0,34.67427954071793,20.0,0.025,0,-2,valid_numerical,target/complement separated on tested radial set and UV tail,0.030191668605889593,66.95176168776102,False
3.0,0.0,0.0204,3.0,34.67427954071793,20.0,0.025,1,0,valid_numerical,target/complement separated on tested radial set and UV tail,0.030191668605889538,66.95176168776102,False
3.0,0.0,0.0204,3.0,34.67427954071793,20.0,0.025,2,2,valid_numerical,target/complement separated on tested radial set and UV tail,0.030191668605889538,66.95176168776102,False
3.0,0.0,0.0204,3.0,34.67427954071793,20.0,0.025,0+1,-2,valid_numerical,target/complement separated on tested radial set and UV tail,0.030191668605889538,66.95176168776102,False
3.0,0.0,0.0204,3.0,34.67427954071793,20.0,0.025,0+2,0,valid_numerical,target/complement separated on tested radial set and UV tail,0.030191668605889538,66.95176168776102,False
3.0,0.0,0.0204,3.0,34.67427954071793,20.0,0.025,1+2,2,valid_numerical,target/complement separated on tested radial set and UV tail,0.030191668605889593,66.95176168776102,False
3.0,0.0,0.0204,3.0,34.67427954071793,20.0,0.025,0+1+2,0,valid_full_space,P=I3; no complementary spectrum,nan,NA,True
3.0,0.0,0.0204,3.0,34.67427954071793,20.0,0.03,0,-2,valid_numerical,target/complement separated on tested radial set and UV tail,0.07414950798532463,80.30576069846553,False
3.0,0.0,0.0204,3.0,34.67427954071793,20.0,0.03,1,0,valid_numerical,target/complement separated on tested radial set and UV tail,0.07414950798532463,80.30576069846553,False
3.0,0.0,0.0204,3.0,34.67427954071793,20.0,0.03,2,2,valid_numerical,target/complement separated on tested radial set and UV tail,0.07414950798532463,80.30576069846553,False
3.0,0.0,0.0204,3.0,34.67427954071793,20.0,0.03,0+1,-2,valid_numerical,target/complement separated on tested radial set and UV tail,0.07414950798532463,80.30576069846553,False
3.0,0.0,0.0204,3.0,34.67427954071793,20.0,0.03,0+2,0,valid_numerical,target/complement separated on tested radial set and UV tail,0.07414950798532463,80.30576069846553,False
3.0,0.0,0.0204,3.0,34.67427954071793,20.0,0.03,1+2,2,valid_numerical,target/complement separated on tested radial set and UV tail,0.07414950798532463,80.30576069846553,False
3.0,0.0,0.0204,3.0,34.67427954071793,20.0,0.03,0+1+2,0,valid_full_space,P=I3; no complementary spectrum,nan,NA,True
3.0,0.0,0.0204,3.0,34.67427954071793,20.0,0.041676250000000005,0,-2,valid_numerical,target/complement separated on tested radial set and UV tail,0.12892686375966086,111.40782209837349,False
3.0,0.0,0.0204,3.0,34.67427954071793,20.0,0.041676250000000005,1,0,valid_numerical,target/complement separated on tested radial set and UV tail,0.12892686375966086,111.40782209837349,False
3.0,0.0,0.0204,3.0,34.67427954071793,20.0,0.041676250000000005,2,2,valid_numerical,target/complement separated on tested radial set and UV tail,0.12892686375966095,111.40782209837349,False
3.0,0.0,0.0204,3.0,34.67427954071793,20.0,0.041676250000000005,0+1,-2,valid_numerical,target/complement separated on tested radial set and UV tail,0.12892686375966095,111.40782209837349,False
3.0,0.0,0.0204,3.0,34.67427954071793,20.0,0.041676250000000005,0+2,0,valid_numerical,target/complement separated on tested radial set and UV tail,0.12892686375966086,111.40782209837349,False
3.0,0.0,0.0204,3.0,34.67427954071793,20.0,0.041676250000000005,1+2,2,valid_numerical,target/complement separated on tested radial set and UV tail,0.12892686375966086,111.40782209837349,False
3.0,0.0,0.0204,3.0,34.67427954071793,20.0,0.041676250000000005,0+1+2,0,valid_full_space,P=I3; no complementary spectrum,nan,NA,True
3.0,0.0,0.0204,3.0,34.67427954071793,20.0,0.0833425,0,-2,valid_numerical,target/complement separated on tested radial set and UV tail,0.2527564234719192,220.8826552849859,False
3.0,0.0,0.0204,3.0,34.67427954071793,20.0,0.0833425,1,0,valid_numerical,target/complement separated on tested radial set and UV tail,0.2527564234719192,220.8826552849859,False
3.0,0.0,0.0204,3.0,34.67427954071793,20.0,0.0833425,2,2,valid_numerical,target/complement separated on tested radial set and UV tail,0.25275642347191923,220.8826552849859,False
3.0,0.0,0.0204,3.0,34.67427954071793,20.0,0.0833425,0+1,-2,valid_numerical,target/complement separated on tested radial set and UV tail,0.25275642347191923,220.8826552849859,False
3.0,0.0,0.0204,3.0,34.67427954071793,20.0,0.0833425,0+2,0,valid_numerical,target/complement separated on tested radial set and UV tail,0.2527564234719192,220.8826552849859,False
3.0,0.0,0.0204,3.0,34.67427954071793,20.0,0.0833425,1+2,2,valid_numerical,target/complement separated on tested radial set and UV tail,0.2527564234719192,220.8826552849859,False
3.0,0.0,0.0204,3.0,34.67427954071793,20.0,0.0833425,0+1+2,0,valid_full_space,P=I3; no complementary spectrum,nan,NA,True
3.0,0.0,0.0204,3.0,34.67427954071793,20.0,0.12500875,0,-2,valid_numerical,target/complement separated on tested radial set and UV tail,0.3524053284036963,326.57820047836327,False
3.0,0.0,0.0204,3.0,34.67427954071793,20.0,0.12500875,1,0,valid_numerical,target/complement separated on tested radial set and UV tail,0.3524053284036963,326.57820047836327,False
3.0,0.0,0.0204,3.0,34.67427954071793,20.0,0.12500875,2,2,valid_numerical,target/complement separated on tested radial set and UV tail,0.3524053284036963,326.57820047836327,False
3.0,0.0,0.0204,3.0,34.67427954071793,20.0,0.12500875,0+1,-2,valid_numerical,target/complement separated on tested radial set and UV tail,0.3524053284036963,326.57820047836327,False
3.0,0.0,0.0204,3.0,34.67427954071793,20.0,0.12500875,0+2,0,valid_numerical,target/complement separated on tested radial set and UV tail,0.3524053284036963,326.57820047836327,False
3.0,0.0,0.0204,3.0,34.67427954071793,20.0,0.12500875,1+2,2,valid_numerical,target/complement separated on tested radial set and UV tail,0.3524053284036963,326.57820047836327,False
3.0,0.0,0.0204,3.0,34.67427954071793,20.0,0.12500875,0+1+2,0,valid_full_space,P=I3; no complementary spectrum,nan,NA,True
3.0,0.0,0.0204,3.0,34.67427954071793,20.0,0.16667500000000002,0,-2,valid_numerical,target/complement separated on tested radial set and UV tail,0.4302589937373679,426.68601371366657,False
3.0,0.0,0.0204,3.0,34.67427954071793,20.0,0.16667500000000002,1,0,valid_numerical,target/complement separated on tested radial set and UV tail,0.4302589937373679,426.68601371366657,False
3.0,0.0,0.0204,3.0,34.67427954071793,20.0,0.16667500000000002,2,2,valid_numerical,target/complement separated on tested radial set and UV tail,0.43025899373736803,426.68601371366657,False
3.0,0.0,0.0204,3.0,34.67427954071793,20.0,0.16667500000000002,0+1,-2,valid_numerical,target/complement separated on tested radial set and UV tail,0.43025899373736803,426.68601371366657,False
3.0,0.0,0.0204,3.0,34.67427954071793,20.0,0.16667500000000002,0+2,0,valid_numerical,target/complement separated on tested radial set and UV tail,0.4302589937373679,426.68601371366657,False
3.0,0.0,0.0204,3.0,34.67427954071793,20.0,0.16667500000000002,1+2,2,valid_numerical,target/complement separated on tested radial set and UV tail,0.4302589937373679,426.68601371366657,False
3.0,0.0,0.0204,3.0,34.67427954071793,20.0,0.16667500000000002,0+1+2,0,valid_full_space,P=I3; no complementary spectrum,nan,NA,True
3.0,0.0,0.0204,3.0,34.67427954071793,20.0,0.20834125000000003,0,-2,valid_numerical,target/complement separated on tested radial set and UV tail,0.4806530693642145,519.4932567596591,False
3.0,0.0,0.0204,3.0,34.67427954071793,20.0,0.20834125000000003,1,0,valid_numerical,target/complement separated on tested radial set and UV tail,0.48065306936421426,519.4932567596591,False
3.0,0.0,0.0204,3.0,34.67427954071793,20.0,0.20834125000000003,2,2,valid_numerical,target/complement separated on tested radial set and UV tail,0.48065306936421426,519.4932567596591,False
3.0,0.0,0.0204,3.0,34.67427954071793,20.0,0.20834125000000003,0+1,-2,valid_numerical,target/complement separated on tested radial set and UV tail,0.48065306936421426,519.4932567596591,False
3.0,0.0,0.0204,3.0,34.67427954071793,20.0,0.20834125000000003,0+2,0,valid_numerical,target/complement separated on tested radial set and UV tail,0.48065306936421426,519.4932567596591,False
3.0,0.0,0.0204,3.0,34.67427954071793,20.0,0.20834125000000003,1+2,2,valid_numerical,target/complement separated on tested radial set and UV tail,0.4806530693642145,519.4932567596591,False
3.0,0.0,0.0204,3.0,34.67427954071793,20.0,0.20834125000000003,0+1+2,0,valid_full_space,P=I3; no complementary spectrum,nan,NA,True
3.0,0.0,0.0204,3.0,34.67427954071793,20.0,0.2500075,0,-2,valid_numerical,target/complement separated on tested radial set and UV tail,0.4998629665393336,603.4120036704285,False
3.0,0.0,0.0204,3.0,34.67427954071793,20.0,0.2500075,1,0,valid_numerical,target/complement separated on tested radial set and UV tail,0.4998629665393334,603.4120036704285,False
3.0,0.0,0.0204,3.0,34.67427954071793,20.0,0.2500075,2,2,valid_numerical,target/complement separated on tested radial set and UV tail,0.4998629665393334,603.4120036704285,False
3.0,0.0,0.0204,3.0,34.67427954071793,20.0,0.2500075,0+1,-2,valid_numerical,target/complement separated on tested radial set and UV tail,0.4998629665393334,603.4120036704285,False
3.0,0.0,0.0204,3.0,34.67427954071793,20.0,0.2500075,0+2,0,valid_numerical,target/complement separated on tested radial set and UV tail,0.4998629665393334,603.4120036704285,False
3.0,0.0,0.0204,3.0,34.67427954071793,20.0,0.2500075,1+2,2,valid_numerical,target/complement separated on tested radial set and UV tail,0.4998629665393336,603.4120036704285,False
3.0,0.0,0.0204,3.0,34.67427954071793,20.0,0.2500075,0+1+2,0,valid_full_space,P=I3; no complementary spectrum,nan,NA,True
3.0,0.0,0.0204,3.0,34.67427954071793,20.0,0.29167375,0,-2,valid_numerical,target/complement separated on tested radial set and UV tail,0.5,677.0064100959605,False
3.0,0.0,0.0204,3.0,34.67427954071793,20.0,0.29167375,1,0,valid_numerical,target/complement separated on tested radial set and UV tail,0.5,677.0064100959605,False
3.0,0.0,0.0204,3.0,34.67427954071793,20.0,0.29167375,2,2,valid_numerical,target/complement separated on tested radial set and UV tail,0.5,677.0064100959605,False
3.0,0.0,0.0204,3.0,34.67427954071793,20.0,0.29167375,0+1,-2,valid_numerical,target/complement separated on tested radial set and UV tail,0.5,677.0064100959605,False
3.0,0.0,0.0204,3.0,34.67427954071793,20.0,0.29167375,0+2,0,valid_numerical,target/complement separated on tested radial set and UV tail,0.5,677.0064100959605,False
3.0,0.0,0.0204,3.0,34.67427954071793,20.0,0.29167375,1+2,2,valid_numerical,target/complement separated on tested radial set and UV tail,0.5,677.0064100959605,False
3.0,0.0,0.0204,3.0,34.67427954071793,20.0,0.29167375,0+1+2,0,valid_full_space,P=I3; no complementary spectrum,nan,NA,True
3.0,0.0,0.0204,3.0,34.67427954071793,20.0,0.33334,0,-2,valid_numerical,target/complement separated on tested radial set and UV tail,0.5000000000000001,739.0172804864078,False
3.0,0.0,0.0204,3.0,34.67427954071793,20.0,0.33334,1,0,valid_numerical,target/complement separated on tested radial set and UV tail,0.5000000000000001,739.0172804864078,False
3.0,0.0,0.0204,3.0,34.67427954071793,20.0,0.33334,2,2,valid_numerical,target/complement separated on tested radial set and UV tail,0.5000000000000001,739.0172804864078,False
3.0,0.0,0.0204,3.0,34.67427954071793,20.0,0.33334,0+1,-2,valid_numerical,target/complement separated on tested radial set and UV tail,0.5000000000000001,739.0172804864078,False
3.0,0.0,0.0204,3.0,34.67427954071793,20.0,0.33334,0+2,0,valid_numerical,target/complement separated on tested radial set and UV tail,0.5000000000000001,739.0172804864078,False
3.0,0.0,0.0204,3.0,34.67427954071793,20.0,0.33334,1+2,2,valid_numerical,target/complement separated on tested radial set and UV tail,0.5000000000000001,739.0172804864078,False
3.0,0.0,0.0204,3.0,34.67427954071793,20.0,0.33334,0+1+2,0,valid_full_space,P=I3; no complementary spectrum,nan,NA,True
3.0,0.0,0.0204,3.0,34.67427954071793,20.0,0.37500625000000004,0,-2,valid_numerical,target/complement separated on tested radial set and UV tail,0.5,788.3836128467776,False
3.0,0.0,0.0204,3.0,34.67427954071793,20.0,0.37500625000000004,1,0,valid_numerical,target/complement separated on tested radial set and UV tail,0.4999999999999999,788.3836128467776,False
3.0,0.0,0.0204,3.0,34.67427954071793,20.0,0.37500625000000004,2,2,valid_numerical,target/complement separated on tested radial set and UV tail,0.4999999999999999,788.3836128467776,False
3.0,0.0,0.0204,3.0,34.67427954071793,20.0,0.37500625000000004,0+1,-2,valid_numerical,target/complement separated on tested radial set and UV tail,0.4999999999999999,788.3836128467776,False
3.0,0.0,0.0204,3.0,34.67427954071793,20.0,0.37500625000000004,0+2,0,valid_numerical,target/complement separated on tested radial set and UV tail,0.4999999999999999,788.3836128467776,False
3.0,0.0,0.0204,3.0,34.67427954071793,20.0,0.37500625000000004,1+2,2,valid_numerical,target/complement separated on tested radial set and UV tail,0.5,788.3836128467776,False
3.0,0.0,0.0204,3.0,34.67427954071793,20.0,0.37500625000000004,0+1+2,0,valid_full_space,P=I3; no complementary spectrum,nan,NA,True
3.0,0.0,0.0204,3.0,34.67427954071793,20.0,0.41667250000000006,0,-2,valid_numerical,target/complement separated on tested radial set and UV tail,0.5000000000000001,824.2607524126707,False
3.0,0.0,0.0204,3.0,34.67427954071793,20.0,0.41667250000000006,1,0,valid_numerical,target/complement separated on tested radial set and UV tail,0.5,824.2607524126707,False
3.0,0.0,0.0204,3.0,34.67427954071793,20.0,0.41667250000000006,2,2,valid_numerical,target/complement separated on tested radial set and UV tail,0.5,824.2607524126707,False
3.0,0.0,0.0204,3.0,34.67427954071793,20.0,0.41667250000000006,0+1,-2,valid_numerical,target/complement separated on tested radial set and UV tail,0.5,824.2607524126707,False
3.0,0.0,0.0204,3.0,34.67427954071793,20.0,0.41667250000000006,0+2,0,valid_numerical,target/complement separated on tested radial set and UV tail,0.5,824.2607524126707,False
3.0,0.0,0.0204,3.0,34.67427954071793,20.0,0.41667250000000006,1+2,2,valid_numerical,target/complement separated on tested radial set and UV tail,0.5000000000000001,824.2607524126707,False
3.0,0.0,0.0204,3.0,34.67427954071793,20.0,0.41667250000000006,0+1+2,0,valid_full_space,P=I3; no complementary spectrum,nan,NA,True
3.0,0.0,0.0204,3.0,34.67427954071793,20.0,0.45833875,0,-2,valid_numerical,target/complement separated on tested radial set and UV tail,0.5,846.0348436388517,False
3.0,0.0,0.0204,3.0,34.67427954071793,20.0,0.45833875,1,0,valid_numerical,target/complement separated on tested radial set and UV tail,0.5,846.0348436388517,False
3.0,0.0,0.0204,3.0,34.67427954071793,20.0,0.45833875,2,2,valid_numerical,target/complement separated on tested radial set and UV tail,0.5000000000000002,846.0348436388517,False
3.0,0.0,0.0204,3.0,34.67427954071793,20.0,0.45833875,0+1,-2,valid_numerical,target/complement separated on tested radial set and UV tail,0.5000000000000002,846.0348436388517,False
3.0,0.0,0.0204,3.0,34.67427954071793,20.0,0.45833875,0+2,0,valid_numerical,target/complement separated on tested radial set and UV tail,0.5,846.0348436388517,False
3.0,0.0,0.0204,3.0,34.67427954071793,20.0,0.45833875,1+2,2,valid_numerical,target/complement separated on tested radial set and UV tail,0.5,846.0348436388517,False
3.0,0.0,0.0204,3.0,34.67427954071793,20.0,0.45833875,0+1+2,0,valid_full_space,P=I3; no complementary spectrum,nan,NA,True
3.0,0.0,0.0204,3.0,34.67427954071793,20.0,0.500005,0,-2,valid_numerical,target/complement separated on tested radial set and UV tail,0.5,853.3333332280574,False
3.0,0.0,0.0204,3.0,34.67427954071793,20.0,0.500005,1,0,valid_numerical,target/complement separated on tested radial set and UV tail,0.49999999999999983,853.3333332280574,False
3.0,0.0,0.0204,3.0,34.67427954071793,20.0,0.500005,2,2,valid_numerical,target/complement separated on tested radial set and UV tail,0.49999999999999983,853.3333332280574,False
3.0,0.0,0.0204,3.0,34.67427954071793,20.0,0.500005,0+1,-2,valid_numerical,target/complement separated on tested radial set and UV tail,0.49999999999999983,853.3333332280574,False
3.0,0.0,0.0204,3.0,34.67427954071793,20.0,0.500005,0+2,0,valid_numerical,target/complement separated on tested radial set and UV tail,0.49999999999999983,853.3333332280574,False
3.0,0.0,0.0204,3.0,34.67427954071793,20.0,0.500005,1+2,2,valid_numerical,target/complement separated on tested radial set and UV tail,0.5,853.3333332280574,False
3.0,0.0,0.0204,3.0,34.67427954071793,20.0,0.500005,0+1+2,0,valid_full_space,P=I3; no complementary spectrum,nan,NA,True
3.0,0.0,0.0204,3.0,34.67427954071793,20.0,0.5416712499999999,0,-2,valid_numerical,target/complement separated on tested radial set and UV tail,0.5,846.0313444938968,False
3.0,0.0,0.0204,3.0,34.67427954071793,20.0,0.5416712499999999,1,0,valid_numerical,target/complement separated on tested radial set and UV tail,0.5,846.0313444938968,False
3.0,0.0,0.0204,3.0,34.67427954071793,20.0,0.5416712499999999,2,2,valid_numerical,target/complement separated on tested radial set and UV tail,0.5,846.0313444938968,False
3.0,0.0,0.0204,3.0,34.67427954071793,20.0,0.5416712499999999,0+1,-2,valid_numerical,target/complement separated on tested radial set and UV tail,0.5,846.0313444938968,False
3.0,0.0,0.0204,3.0,34.67427954071793,20.0,0.5416712499999999,0+2,0,valid_numerical,target/complement separated on tested radial set and UV tail,0.5,846.0313444938968,False
3.0,0.0,0.0204,3.0,34.67427954071793,20.0,0.5416712499999999,1+2,2,valid_numerical,target/complement separated on tested radial set and UV tail,0.5,846.0313444938968,False
3.0,0.0,0.0204,3.0,34.67427954071793,20.0,0.5416712499999999,0+1+2,0,valid_full_space,P=I3; no complementary spectrum,nan,NA,True
3.0,0.0,0.0204,3.0,34.67427954071793,20.0,0.5833375,0,-2,valid_numerical,target/complement separated on tested radial set and UV tail,0.5,824.2538139929054,False
3.0,0.0,0.0204,3.0,34.67427954071793,20.0,0.5833375,1,0,valid_numerical,target/complement separated on tested radial set and UV tail,0.4999999999999999,824.2538139929054,False
3.0,0.0,0.0204,3.0,34.67427954071793,20.0,0.5833375,2,2,valid_numerical,target/complement separated on tested radial set and UV tail,0.4999999999999999,824.2538139929054,False
3.0,0.0,0.0204,3.0,34.67427954071793,20.0,0.5833375,0+1,-2,valid_numerical,target/complement separated on tested radial set and UV tail,0.4999999999999999,824.2538139929054,False
3.0,0.0,0.0204,3.0,34.67427954071793,20.0,0.5833375,0+2,0,valid_numerical,target/complement separated on tested radial set and UV tail,0.4999999999999999,824.2538139929054,False
3.0,0.0,0.0204,3.0,34.67427954071793,20.0,0.5833375,1+2,2,valid_numerical,target/complement separated on tested radial set and UV tail,0.5,824.2538139929054,False
3.0,0.0,0.0204,3.0,34.67427954071793,20.0,0.5833375,0+1+2,0,valid_full_space,P=I3; no complementary spectrum,nan,NA,True
3.0,0.0,0.0204,3.0,34.67427954071793,20.0,0.62500375,0,-2,valid_numerical,target/complement separated on tested radial set and UV tail,0.4999999999999999,788.3733538681167,False
3.0,0.0,0.0204,3.0,34.67427954071793,20.0,0.62500375,1,0,valid_numerical,target/complement separated on tested radial set and UV tail,0.4999999999999999,788.3733538681167,False
3.0,0.0,0.0204,3.0,34.67427954071793,20.0,0.62500375,2,2,valid_numerical,target/complement separated on tested radial set and UV tail,0.5,788.3733538681167,False
3.0,0.0,0.0204,3.0,34.67427954071793,20.0,0.62500375,0+1,-2,valid_numerical,target/complement separated on tested radial set and UV tail,0.5,788.3733538681167,False
3.0,0.0,0.0204,3.0,34.67427954071793,20.0,0.62500375,0+2,0,valid_numerical,target/complement separated on tested radial set and UV tail,0.4999999999999999,788.3733538681167,False
3.0,0.0,0.0204,3.0,34.67427954071793,20.0,0.62500375,1+2,2,valid_numerical,target/complement separated on tested radial set and UV tail,0.4999999999999999,788.3733538681167,False
3.0,0.0,0.0204,3.0,34.67427954071793,20.0,0.62500375,0+1+2,0,valid_full_space,P=I3; no complementary spectrum,nan,NA,True
3.0,0.0,0.0204,3.0,34.67427954071793,20.0,0.66667,0,-2,valid_numerical,target/complement separated on tested radial set and UV tail,0.4999999999999999,739.0038764793153,False
3.0,0.0,0.0204,3.0,34.67427954071793,20.0,0.66667,1,0,valid_numerical,target/complement separated on tested radial set and UV tail,0.4999999999999997,739.0038764793153,False
3.0,0.0,0.0204,3.0,34.67427954071793,20.0,0.66667,2,2,valid_numerical,target/complement separated on tested radial set and UV tail,0.4999999999999997,739.0038764793153,False
3.0,0.0,0.0204,3.0,34.67427954071793,20.0,0.66667,0+1,-2,valid_numerical,target/complement separated on tested radial set and UV tail,0.4999999999999997,739.0038764793153,False
3.0,0.0,0.0204,3.0,34.67427954071793,20.0,0.66667,0+2,0,valid_numerical,target/complement separated on tested radial set and UV tail,0.4999999999999997,739.0038764793153,False
3.0,0.0,0.0204,3.0,34.67427954071793,20.0,0.66667,1+2,2,valid_numerical,target/complement separated on tested radial set and UV tail,0.4999999999999999,739.0038764793153,False
3.0,0.0,0.0204,3.0,34.67427954071793,20.0,0.66667,0+1+2,0,valid_full_space,P=I3; no complementary spectrum,nan,NA,True
3.0,0.0,0.0204,3.0,34.67427954071793,20.0,0.70833625,0,-2,valid_numerical,target/complement separated on tested radial set and UV tail,0.5000000000000001,676.9900904021334,False
3.0,0.0,0.0204,3.0,34.67427954071793,20.0,0.70833625,1,0,valid_numerical,target/complement separated on tested radial set and UV tail,0.49999999999999983,676.9900904021334,False
3.0,0.0,0.0204,3.0,34.67427954071793,20.0,0.70833625,2,2,valid_numerical,target/complement separated on tested radial set and UV tail,0.49999999999999983,676.9900904021334,False
3.0,0.0,0.0204,3.0,34.67427954071793,20.0,0.70833625,0+1,-2,valid_numerical,target/complement separated on tested radial set and UV tail,0.49999999999999983,676.9900904021334,False
3.0,0.0,0.0204,3.0,34.67427954071793,20.0,0.70833625,0+2,0,valid_numerical,target/complement separated on tested radial set and UV tail,0.49999999999999983,676.9900904021334,False
3.0,0.0,0.0204,3.0,34.67427954071793,20.0,0.70833625,1+2,2,valid_numerical,target/complement separated on tested radial set and UV tail,0.5000000000000001,676.9900904021334,False
3.0,0.0,0.0204,3.0,34.67427954071793,20.0,0.70833625,0+1+2,0,valid_full_space,P=I3; no complementary spectrum,nan,NA,True
3.0,0.0,0.0204,3.0,34.67427954071793,20.0,0.7500025,0,-2,valid_numerical,target/complement separated on tested radial set and UV tail,0.4998622459665386,603.3930475187763,False
3.0,0.0,0.0204,3.0,34.67427954071793,20.0,0.7500025,1,0,valid_numerical,target/complement separated on tested radial set and UV tail,0.4998622459665385,603.3930475187763,False
3.0,0.0,0.0204,3.0,34.67427954071793,20.0,0.7500025,2,2,valid_numerical,target/complement separated on tested radial set and UV tail,0.4998622459665385,603.3930475187763,False
3.0,0.0,0.0204,3.0,34.67427954071793,20.0,0.7500025,0+1,-2,valid_numerical,target/complement separated on tested radial set and UV tail,0.4998622459665385,603.3930475187763,False
3.0,0.0,0.0204,3.0,34.67427954071793,20.0,0.7500025,0+2,0,valid_numerical,target/complement separated on tested radial set and UV tail,0.4998622459665385,603.3930475187763,False
3.0,0.0,0.0204,3.0,34.67427954071793,20.0,0.7500025,1+2,2,valid_numerical,target/complement separated on tested radial set and UV tail,0.4998622459665386,603.3930475187763,False
3.0,0.0,0.0204,3.0,34.67427954071793,20.0,0.7500025,0+1+2,0,valid_full_space,P=I3; no complementary spectrum,nan,NA,True
3.0,0.0,0.0204,3.0,34.67427954071793,20.0,0.79166875,0,-2,valid_numerical,target/complement separated on tested radial set and UV tail,0.48064463042590055,519.4719884887143,False
3.0,0.0,0.0204,3.0,34.67427954071793,20.0,0.79166875,1,0,valid_numerical,target/complement separated on tested radial set and UV tail,0.48064463042590055,519.4719884887143,False
3.0,0.0,0.0204,3.0,34.67427954071793,20.0,0.79166875,2,2,valid_numerical,target/complement separated on tested radial set and UV tail,0.48064463042590055,519.4719884887143,False
3.0,0.0,0.0204,3.0,34.67427954071793,20.0,0.79166875,0+1,-2,valid_numerical,target/complement separated on tested radial set and UV tail,0.48064463042590055,519.4719884887143,False
3.0,0.0,0.0204,3.0,34.67427954071793,20.0,0.79166875,0+2,0,valid_numerical,target/complement separated on tested radial set and UV tail,0.48064463042590055,519.4719884887143,False
3.0,0.0,0.0204,3.0,34.67427954071793,20.0,0.79166875,1+2,2,valid_numerical,target/complement separated on tested radial set and UV tail,0.48064463042590055,519.4719884887143,False
3.0,0.0,0.0204,3.0,34.67427954071793,20.0,0.79166875,0+1+2,0,valid_full_space,P=I3; no complementary spectrum,nan,NA,True
3.0,0.0,0.0204,3.0,34.67427954071793,20.0,0.833335,0,-2,valid_numerical,target/complement separated on tested radial set and UV tail,0.4302434500356539,426.6627972221744,False
3.0,0.0,0.0204,3.0,34.67427954071793,20.0,0.833335,1,0,valid_numerical,target/complement separated on tested radial set and UV tail,0.43024345003565384,426.6627972221744,False
3.0,0.0,0.0204,3.0,34.67427954071793,20.0,0.833335,2,2,valid_numerical,target/complement separated on tested radial set and UV tail,0.43024345003565384,426.6627972221744,False
3.0,0.0,0.0204,3.0,34.67427954071793,20.0,0.833335,0+1,-2,valid_numerical,target/complement separated on tested radial set and UV tail,0.43024345003565384,426.6627972221744,False
3.0,0.0,0.0204,3.0,34.67427954071793,20.0,0.833335,0+2,0,valid_numerical,target/complement separated on tested radial set and UV tail,0.43024345003565384,426.6627972221744,False
3.0,0.0,0.0204,3.0,34.67427954071793,20.0,0.833335,1+2,2,valid_numerical,target/complement separated on tested radial set and UV tail,0.4302434500356539,426.6627972221744,False
3.0,0.0,0.0204,3.0,34.67427954071793,20.0,0.833335,0+1+2,0,valid_full_space,P=I3; no complementary spectrum,nan,NA,True
3.0,0.0,0.0204,3.0,34.67427954071793,20.0,0.87500125,0,-2,valid_numerical,target/complement separated on tested radial set and UV tail,0.35238352716005666,326.55343299899647,False
3.0,0.0,0.0204,3.0,34.67427954071793,20.0,0.87500125,1,0,valid_numerical,target/complement separated on tested radial set and UV tail,0.35238352716005655,326.55343299899647,False
3.0,0.0,0.0204,3.0,34.67427954071793,20.0,0.87500125,2,2,valid_numerical,target/complement separated on tested radial set and UV tail,0.35238352716005655,326.55343299899647,False
3.0,0.0,0.0204,3.0,34.67427954071793,20.0,0.87500125,0+1,-2,valid_numerical,target/complement separated on tested radial set and UV tail,0.35238352716005655,326.55343299899647,False
3.0,0.0,0.0204,3.0,34.67427954071793,20.0,0.87500125,0+2,0,valid_numerical,target/complement separated on tested radial set and UV tail,0.35238352716005655,326.55343299899647,False
3.0,0.0,0.0204,3.0,34.67427954071793,20.0,0.87500125,1+2,2,valid_numerical,target/complement separated on tested radial set and UV tail,0.35238352716005666,326.55343299899647,False
3.0,0.0,0.0204,3.0,34.67427954071793,20.0,0.87500125,0+1+2,0,valid_full_space,P=I3; no complementary spectrum,nan,NA,True
3.0,0.0,0.0204,3.0,34.67427954071793,20.0,0.9166675,0,-2,valid_numerical,target/complement separated on tested radial set and UV tail,0.25273028508231066,220.85676058771975,False
3.0,0.0,0.0204,3.0,34.67427954071793,20.0,0.9166675,1,0,valid_numerical,target/complement separated on tested radial set and UV tail,0.25273028508231066,220.85676058771975,False
3.0,0.0,0.0204,3.0,34.67427954071793,20.0,0.9166675,2,2,valid_numerical,target/complement separated on tested radial set and UV tail,0.25273028508231077,220.85676058771975,False
3.0,0.0,0.0204,3.0,34.67427954071793,20.0,0.9166675,0+1,-2,valid_numerical,target/complement separated on tested radial set and UV tail,0.25273028508231077,220.85676058771975,False
3.0,0.0,0.0204,3.0,34.67427954071793,20.0,0.9166675,0+2,0,valid_numerical,target/complement separated on tested radial set and UV tail,0.25273028508231066,220.85676058771975,False
3.0,0.0,0.0204,3.0,34.67427954071793,20.0,0.9166675,1+2,2,valid_numerical,target/complement separated on tested radial set and UV tail,0.25273028508231066,220.85676058771975,False
3.0,0.0,0.0204,3.0,34.67427954071793,20.0,0.9166675,0+1+2,0,valid_full_space,P=I3; no complementary spectrum,nan,NA,True
3.0,0.0,0.0204,3.0,34.67427954071793,20.0,0.95833375,0,-2,valid_numerical,target/complement separated on tested radial set and UV tail,0.1288884445479733,111.38124323980898,False
3.0,0.0,0.0204,3.0,34.67427954071793,20.0,0.95833375,1,0,valid_numerical,target/complement separated on tested radial set and UV tail,0.12888844454797327,111.38124323980898,False
3.0,0.0,0.0204,3.0,34.67427954071793,20.0,0.95833375,2,2,valid_numerical,target/complement separated on tested radial set and UV tail,0.12888844454797327,111.38124323980898,False
3.0,0.0,0.0204,3.0,34.67427954071793,20.0,0.95833375,0+1,-2,valid_numerical,target/complement separated on tested radial set and UV tail,0.12888844454797327,111.38124323980898,False
3.0,0.0,0.0204,3.0,34.67427954071793,20.0,0.95833375,0+2,0,valid_numerical,target/complement separated on tested radial set and UV tail,0.12888844454797327,111.38124323980898,False
3.0,0.0,0.0204,3.0,34.67427954071793,20.0,0.95833375,1+2,2,valid_numerical,target/complement separated on tested radial set and UV tail,0.1288884445479733,111.38124323980898,False
3.0,0.0,0.0204,3.0,34.67427954071793,20.0,0.95833375,0+1+2,0,valid_full_space,P=I3; no complementary spectrum,nan,NA,True
3.0,0.0,0.0204,3.0,34.67427954071793,20.0,0.97,0,-2,valid_numerical,target/complement separated on tested radial set and UV tail,0.07414950798532464,80.30576069846558,False
3.0,0.0,0.0204,3.0,34.67427954071793,20.0,0.97,1,0,valid_numerical,target/complement separated on tested radial set and UV tail,0.07414950798532464,80.30576069846558,False
3.0,0.0,0.0204,3.0,34.67427954071793,20.0,0.97,2,2,valid_numerical,target/complement separated on tested radial set and UV tail,0.07414950798532466,80.30576069846558,False
3.0,0.0,0.0204,3.0,34.67427954071793,20.0,0.97,0+1,-2,valid_numerical,target/complement separated on tested radial set and UV tail,0.07414950798532466,80.30576069846558,False
3.0,0.0,0.0204,3.0,34.67427954071793,20.0,0.97,0+2,0,valid_numerical,target/complement separated on tested radial set and UV tail,0.07414950798532464,80.30576069846558,False
3.0,0.0,0.0204,3.0,34.67427954071793,20.0,0.97,1+2,2,valid_numerical,target/complement separated on tested radial set and UV tail,0.07414950798532464,80.30576069846558,False
3.0,0.0,0.0204,3.0,34.67427954071793,20.0,0.97,0+1+2,0,valid_full_space,P=I3; no complementary spectrum,nan,NA,True
3.0,0.0,0.0204,3.0,34.67427954071793,20.0,0.975,0,-2,valid_numerical,target/complement separated on tested radial set and UV tail,0.030191668605889965,66.95176168776112,False
3.0,0.0,0.0204,3.0,34.67427954071793,20.0,0.975,1,0,valid_numerical,target/complement separated on tested radial set and UV tail,0.030191668605889767,66.95176168776112,False
3.0,0.0,0.0204,3.0,34.67427954071793,20.0,0.975,2,2,valid_numerical,target/complement separated on tested radial set and UV tail,0.030191668605889767,66.95176168776112,False
3.0,0.0,0.0204,3.0,34.67427954071793,20.0,0.975,0+1,-2,valid_numerical,target/complement separated on tested radial set and UV tail,0.030191668605889767,66.95176168776112,False
3.0,0.0,0.0204,3.0,34.67427954071793,20.0,0.975,0+2,0,valid_numerical,target/complement separated on tested radial set and UV tail,0.030191668605889767,66.95176168776112,False
3.0,0.0,0.0204,3.0,34.67427954071793,20.0,0.975,1+2,2,valid_numerical,target/complement separated on tested radial set and UV tail,0.030191668605889965,66.95176168776112,False
3.0,0.0,0.0204,3.0,34.67427954071793,20.0,0.975,0+1+2,0,valid_full_space,P=I3; no complementary spectrum,nan,NA,True
3.0,0.0,0.0204,3.0,34.67427954071793,20.0,0.98,0,NA,invalid_target_complement_gap,target_complement_gap_below_tolerance,9.74031649229219e-09,53.581243331680916,False
3.0,0.0,0.0204,3.0,34.67427954071793,20.0,0.98,1,NA,invalid_target_complement_gap,target_complement_gap_below_tolerance,2.4732747067728396e-08,53.581243331680916,False
3.0,0.0,0.0204,3.0,34.67427954071793,20.0,0.98,2,NA,invalid_target_complement_gap,target_complement_gap_below_tolerance,9.74031649229219e-09,53.581243331680916,False
3.0,0.0,0.0204,3.0,34.67427954071793,20.0,0.98,0+1,NA,invalid_target_complement_gap,target_complement_gap_below_tolerance,9.74031649229219e-09,53.581243331680916,False
3.0,0.0,0.0204,3.0,34.67427954071793,20.0,0.98,0+2,NA,invalid_target_complement_gap,target_complement_gap_below_tolerance,2.4732747067728396e-08,53.581243331680916,False
3.0,0.0,0.0204,3.0,34.67427954071793,20.0,0.98,1+2,NA,invalid_target_complement_gap,target_complement_gap_below_tolerance,9.74031649229219e-09,53.581243331680916,False
3.0,0.0,0.0204,3.0,34.67427954071793,20.0,0.98,0+1+2,0,valid_full_space,P=I3; no complementary spectrum,nan,NA,True
3.0,0.0,0.0204,3.0,34.67427954071793,20.0,0.99,0,NA,invalid_target_complement_gap,target_complement_gap_below_tolerance,2.642429679498497e-09,26.803847746669426,False
3.0,0.0,0.0204,3.0,34.67427954071793,20.0,0.99,1,0,valid_numerical,target/complement separated on tested radial set and UV tail,0.06077994947462839,26.803847746669426,False
3.0,0.0,0.0204,3.0,34.67427954071793,20.0,0.99,2,NA,invalid_target_complement_gap,target_complement_gap_below_tolerance,2.642429679498497e-09,26.803847746669426,False
3.0,0.0,0.0204,3.0,34.67427954071793,20.0,0.99,0+1,NA,invalid_target_complement_gap,target_complement_gap_below_tolerance,2.642429679498497e-09,26.803847746669426,False
3.0,0.0,0.0204,3.0,34.67427954071793,20.0,0.99,0+2,0,valid_numerical,target/complement separated on tested radial set and UV tail,0.06077994947462839,26.803847746669426,False
3.0,0.0,0.0204,3.0,34.67427954071793,20.0,0.99,1+2,NA,invalid_target_complement_gap,target_complement_gap_below_tolerance,2.642429679498497e-09,26.803847746669426,False
3.0,0.0,0.0204,3.0,34.67427954071793,20.0,0.99,0+1+2,0,valid_full_space,P=I3; no complementary spectrum,nan,NA,True
3.0,0.0,0.0204,3.0,34.67427954071793,20.0,1.0,0,NA,invalid,singular_or_unresolved_closure: D0 is zero within relative tolerance,nan,NA,False
3.0,0.0,0.0204,3.0,34.67427954071793,20.0,1.0,1,NA,invalid,singular_or_unresolved_closure: D0 is zero within relative tolerance,nan,NA,False
3.0,0.0,0.0204,3.0,34.67427954071793,20.0,1.0,2,NA,invalid,singular_or_unresolved_closure: D0 is zero within relative tolerance,nan,NA,False
3.0,0.0,0.0204,3.0,34.67427954071793,20.0,1.0,0+1,NA,invalid,singular_or_unresolved_closure: D0 is zero within relative tolerance,nan,NA,False
3.0,0.0,0.0204,3.0,34.67427954071793,20.0,1.0,0+2,NA,invalid,singular_or_unresolved_closure: D0 is zero within relative tolerance,nan,NA,False
3.0,0.0,0.0204,3.0,34.67427954071793,20.0,1.0,1+2,NA,invalid,singular_or_unresolved_closure: D0 is zero within relative tolerance,nan,NA,False
3.0,0.0,0.0204,3.0,34.67427954071793,20.0,1.0,0+1+2,NA,invalid,singular_or_unresolved_closure: D0 is zero within relative tolerance,nan,NA,False
3.0,0.0,0.0204,3.0,52.0114193110769,30.0,0.0,0,NA,invalid,singular_or_unresolved_closure: D0 is zero within relative tolerance,nan,NA,False
3.0,0.0,0.0204,3.0,52.0114193110769,30.0,0.0,1,NA,invalid,singular_or_unresolved_closure: D0 is zero within relative tolerance,nan,NA,False
3.0,0.0,0.0204,3.0,52.0114193110769,30.0,0.0,2,NA,invalid,singular_or_unresolved_closure: D0 is zero within relative tolerance,nan,NA,False
3.0,0.0,0.0204,3.0,52.0114193110769,30.0,0.0,0+1,NA,invalid,singular_or_unresolved_closure: D0 is zero within relative tolerance,nan,NA,False
3.0,0.0,0.0204,3.0,52.0114193110769,30.0,0.0,0+2,NA,invalid,singular_or_unresolved_closure: D0 is zero within relative tolerance,nan,NA,False
3.0,0.0,0.0204,3.0,52.0114193110769,30.0,0.0,1+2,NA,invalid,singular_or_unresolved_closure: D0 is zero within relative tolerance,nan,NA,False
3.0,0.0,0.0204,3.0,52.0114193110769,30.0,0.0,0+1+2,NA,invalid,singular_or_unresolved_closure: D0 is zero within relative tolerance,nan,NA,False
3.0,0.0,0.0204,3.0,52.0114193110769,30.0,1e-05,0,NA,invalid_target_complement_gap,target_complement_gap_below_tolerance,3.866390289412417e-09,0.6666666666666666,False
3.0,0.0,0.0204,3.0,52.0114193110769,30.0,1e-05,1,0,valid_numerical,target/complement separated on tested radial set and UV tail,0.49994713208472946,0.6666666666666666,False
3.0,0.0,0.0204,3.0,52.0114193110769,30.0,1e-05,2,NA,invalid_target_complement_gap,target_complement_gap_below_tolerance,3.866390289412417e-09,0.6666666666666666,False
3.0,0.0,0.0204,3.0,52.0114193110769,30.0,1e-05,0+1,NA,invalid_target_complement_gap,target_complement_gap_below_tolerance,3.866390289412417e-09,0.6666666666666666,False
3.0,0.0,0.0204,3.0,52.0114193110769,30.0,1e-05,0+2,0,valid_numerical,target/complement separated on tested radial set and UV tail,0.49994713208472946,0.6666666666666666,False
3.0,0.0,0.0204,3.0,52.0114193110769,30.0,1e-05,1+2,NA,invalid_target_complement_gap,target_complement_gap_below_tolerance,3.866390289412417e-09,0.6666666666666666,False
3.0,0.0,0.0204,3.0,52.0114193110769,30.0,1e-05,0+1+2,0,valid_full_space,P=I3; no complementary spectrum,nan,NA,True
3.0,0.0,0.0204,3.0,52.0114193110769,30.0,0.01,0,NA,invalid_target_complement_gap,target_complement_gap_below_tolerance,7.78787192917948e-09,40.20577162000421,False
3.0,0.0,0.0204,3.0,52.0114193110769,30.0,0.01,1,NA,invalid_target_complement_gap,target_complement_gap_below_tolerance,1.595649249937884e-08,40.20577162000421,False
3.0,0.0,0.0204,3.0,52.0114193110769,30.0,0.01,2,NA,invalid_target_complement_gap,target_complement_gap_below_tolerance,7.78787192917948e-09,40.20577162000421,False
3.0,0.0,0.0204,3.0,52.0114193110769,30.0,0.01,0+1,NA,invalid_target_complement_gap,target_complement_gap_below_tolerance,7.78787192917948e-09,40.20577162000421,False
3.0,0.0,0.0204,3.0,52.0114193110769,30.0,0.01,0+2,NA,invalid_target_complement_gap,target_complement_gap_below_tolerance,1.595649249937884e-08,40.20577162000421,False
3.0,0.0,0.0204,3.0,52.0114193110769,30.0,0.01,1+2,NA,invalid_target_complement_gap,target_complement_gap_below_tolerance,7.78787192917948e-09,40.20577162000421,False
3.0,0.0,0.0204,3.0,52.0114193110769,30.0,0.01,0+1+2,0,valid_full_space,P=I3; no complementary spectrum,nan,NA,True
3.0,0.0,0.0204,3.0,52.0114193110769,30.0,0.02,0,-2,valid_numerical,target/complement separated on tested radial set and UV tail,0.04676036963647357,80.37186499752112,False
3.0,0.0,0.0204,3.0,52.0114193110769,30.0,0.02,1,0,valid_numerical,target/complement separated on tested radial set and UV tail,0.04676036963647357,80.37186499752112,False
3.0,0.0,0.0204,3.0,52.0114193110769,30.0,0.02,2,2,valid_numerical,target/complement separated on tested radial set and UV tail,0.046760369636473585,80.37186499752112,False
3.0,0.0,0.0204,3.0,52.0114193110769,30.0,0.02,0+1,-2,valid_numerical,target/complement separated on tested radial set and UV tail,0.046760369636473585,80.37186499752112,False
3.0,0.0,0.0204,3.0,52.0114193110769,30.0,0.02,0+2,0,valid_numerical,target/complement separated on tested radial set and UV tail,0.04676036963647357,80.37186499752112,False
3.0,0.0,0.0204,3.0,52.0114193110769,30.0,0.02,1+2,2,valid_numerical,target/complement separated on tested radial set and UV tail,0.04676036963647357,80.37186499752112,False
3.0,0.0,0.0204,3.0,52.0114193110769,30.0,0.02,0+1+2,0,valid_full_space,P=I3; no complementary spectrum,nan,NA,True
3.0,0.0,0.0204,3.0,52.0114193110769,30.0,0.025,0,-2,valid_numerical,target/complement separated on tested radial set and UV tail,0.07600536364366008,100.42764253164152,False
3.0,0.0,0.0204,3.0,52.0114193110769,30.0,0.025,1,0,valid_numerical,target/complement separated on tested radial set and UV tail,0.07600536364365997,100.42764253164152,False
3.0,0.0,0.0204,3.0,52.0114193110769,30.0,0.025,2,2,valid_numerical,target/complement separated on tested radial set and UV tail,0.07600536364365997,100.42764253164152,False
3.0,0.0,0.0204,3.0,52.0114193110769,30.0,0.025,0+1,-2,valid_numerical,target/complement separated on tested radial set and UV tail,0.07600536364365997,100.42764253164152,False
3.0,0.0,0.0204,3.0,52.0114193110769,30.0,0.025,0+2,0,valid_numerical,target/complement separated on tested radial set and UV tail,0.07600536364365997,100.42764253164152,False
3.0,0.0,0.0204,3.0,52.0114193110769,30.0,0.025,1+2,2,valid_numerical,target/complement separated on tested radial set and UV tail,0.07600536364366008,100.42764253164152,False
3.0,0.0,0.0204,3.0,52.0114193110769,30.0,0.025,0+1+2,0,valid_full_space,P=I3; no complementary spectrum,nan,NA,True
3.0,0.0,0.0204,3.0,52.0114193110769,30.0,0.03,0,-2,valid_numerical,target/complement separated on tested radial set and UV tail,0.09410831331851433,120.45864104769831,False
3.0,0.0,0.0204,3.0,52.0114193110769,30.0,0.03,1,0,valid_numerical,target/complement separated on tested radial set and UV tail,0.09702165372671263,120.45864104769831,False
3.0,0.0,0.0204,3.0,52.0114193110769,30.0,0.03,2,2,valid_numerical,target/complement separated on tested radial set and UV tail,0.09410831331851433,120.45864104769831,False
3.0,0.0,0.0204,3.0,52.0114193110769,30.0,0.03,0+1,-2,valid_numerical,target/complement separated on tested radial set and UV tail,0.09410831331851433,120.45864104769831,False
3.0,0.0,0.0204,3.0,52.0114193110769,30.0,0.03,0+2,0,valid_numerical,target/complement separated on tested radial set and UV tail,0.09702165372671263,120.45864104769831,False
3.0,0.0,0.0204,3.0,52.0114193110769,30.0,0.03,1+2,2,valid_numerical,target/complement separated on tested radial set and UV tail,0.09410831331851433,120.45864104769831,False
3.0,0.0,0.0204,3.0,52.0114193110769,30.0,0.03,0+1+2,0,valid_full_space,P=I3; no complementary spectrum,nan,NA,True
3.0,0.0,0.0204,3.0,52.0114193110769,30.0,0.041676250000000005,0,-2,valid_numerical,target/complement separated on tested radial set and UV tail,0.1305560415215314,167.11173314756022,False
3.0,0.0,0.0204,3.0,52.0114193110769,30.0,0.041676250000000005,1,0,valid_numerical,target/complement separated on tested radial set and UV tail,0.1358467918330986,167.11173314756022,False
3.0,0.0,0.0204,3.0,52.0114193110769,30.0,0.041676250000000005,2,2,valid_numerical,target/complement separated on tested radial set and UV tail,0.1305560415215314,167.11173314756022,False
3.0,0.0,0.0204,3.0,52.0114193110769,30.0,0.041676250000000005,0+1,-2,valid_numerical,target/complement separated on tested radial set and UV tail,0.1305560415215314,167.11173314756022,False
3.0,0.0,0.0204,3.0,52.0114193110769,30.0,0.041676250000000005,0+2,0,valid_numerical,target/complement separated on tested radial set and UV tail,0.1358467918330986,167.11173314756022,False
3.0,0.0,0.0204,3.0,52.0114193110769,30.0,0.041676250000000005,1+2,2,valid_numerical,target/complement separated on tested radial set and UV tail,0.1305560415215314,167.11173314756022,False
3.0,0.0,0.0204,3.0,52.0114193110769,30.0,0.041676250000000005,0+1+2,0,valid_full_space,P=I3; no complementary spectrum,nan,NA,True
3.0,0.0,0.0204,3.0,52.0114193110769,30.0,0.0833425,0,-2,valid_numerical,target/complement separated on tested radial set and UV tail,0.25229918286008873,331.3239829274788,False
3.0,0.0,0.0204,3.0,52.0114193110769,30.0,0.0833425,1,0,valid_numerical,target/complement separated on tested radial set and UV tail,0.2522991828600887,331.3239829274788,False
3.0,0.0,0.0204,3.0,52.0114193110769,30.0,0.0833425,2,2,valid_numerical,target/complement separated on tested radial set and UV tail,0.2522991828600887,331.3239829274788,False
3.0,0.0,0.0204,3.0,52.0114193110769,30.0,0.0833425,0+1,-2,valid_numerical,target/complement separated on tested radial set and UV tail,0.2522991828600887,331.3239829274788,False
3.0,0.0,0.0204,3.0,52.0114193110769,30.0,0.0833425,0+2,0,valid_numerical,target/complement separated on tested radial set and UV tail,0.2522991828600887,331.3239829274788,False
3.0,0.0,0.0204,3.0,52.0114193110769,30.0,0.0833425,1+2,2,valid_numerical,target/complement separated on tested radial set and UV tail,0.25229918286008873,331.3239829274788,False
3.0,0.0,0.0204,3.0,52.0114193110769,30.0,0.0833425,0+1+2,0,valid_full_space,P=I3; no complementary spectrum,nan,NA,True
3.0,0.0,0.0204,3.0,52.0114193110769,30.0,0.12500875,0,-2,valid_numerical,target/complement separated on tested radial set and UV tail,0.3532834612817121,489.867300717545,False
3.0,0.0,0.0204,3.0,52.0114193110769,30.0,0.12500875,1,0,valid_numerical,target/complement separated on tested radial set and UV tail,0.353283461281712,489.867300717545,False
3.0,0.0,0.0204,3.0,52.0114193110769,30.0,0.12500875,2,2,valid_numerical,target/complement separated on tested radial set and UV tail,0.353283461281712,489.867300717545,False
3.0,0.0,0.0204,3.0,52.0114193110769,30.0,0.12500875,0+1,-2,valid_numerical,target/complement separated on tested radial set and UV tail,0.353283461281712,489.867300717545,False
3.0,0.0,0.0204,3.0,52.0114193110769,30.0,0.12500875,0+2,0,valid_numerical,target/complement separated on tested radial set and UV tail,0.353283461281712,489.867300717545,False
3.0,0.0,0.0204,3.0,52.0114193110769,30.0,0.12500875,1+2,2,valid_numerical,target/complement separated on tested radial set and UV tail,0.3532834612817121,489.867300717545,False
3.0,0.0,0.0204,3.0,52.0114193110769,30.0,0.12500875,0+1+2,0,valid_full_space,P=I3; no complementary spectrum,nan,NA,True
3.0,0.0,0.0204,3.0,52.0114193110769,30.0,0.16667500000000002,0,-2,valid_numerical,target/complement separated on tested radial set and UV tail,0.4318231831042888,640.0290205704998,False
3.0,0.0,0.0204,3.0,52.0114193110769,30.0,0.16667500000000002,1,0,valid_numerical,target/complement separated on tested radial set and UV tail,0.43182318310428863,640.0290205704998,False
3.0,0.0,0.0204,3.0,52.0114193110769,30.0,0.16667500000000002,2,2,valid_numerical,target/complement separated on tested radial set and UV tail,0.43182318310428863,640.0290205704998,False
3.0,0.0,0.0204,3.0,52.0114193110769,30.0,0.16667500000000002,0+1,-2,valid_numerical,target/complement separated on tested radial set and UV tail,0.43182318310428863,640.0290205704998,False
3.0,0.0,0.0204,3.0,52.0114193110769,30.0,0.16667500000000002,0+2,0,valid_numerical,target/complement separated on tested radial set and UV tail,0.43182318310428863,640.0290205704998,False
3.0,0.0,0.0204,3.0,52.0114193110769,30.0,0.16667500000000002,1+2,2,valid_numerical,target/complement separated on tested radial set and UV tail,0.4318231831042888,640.0290205704998,False
3.0,0.0,0.0204,3.0,52.0114193110769,30.0,0.16667500000000002,0+1+2,0,valid_full_space,P=I3; no complementary spectrum,nan,NA,True
3.0,0.0,0.0204,3.0,52.0114193110769,30.0,0.20834125000000003,0,-2,valid_numerical,target/complement separated on tested radial set and UV tail,0.4819329199407542,779.2398851394885,False
3.0,0.0,0.0204,3.0,52.0114193110769,30.0,0.20834125000000003,1,0,valid_numerical,target/complement separated on tested radial set and UV tail,0.4819329199407542,779.2398851394885,False
3.0,0.0,0.0204,3.0,52.0114193110769,30.0,0.20834125000000003,2,2,valid_numerical,target/complement separated on tested radial set and UV tail,0.48193291994075443,779.2398851394885,False
3.0,0.0,0.0204,3.0,52.0114193110769,30.0,0.20834125000000003,0+1,-2,valid_numerical,target/complement separated on tested radial set and UV tail,0.48193291994075443,779.2398851394885,False
3.0,0.0,0.0204,3.0,52.0114193110769,30.0,0.20834125000000003,0+2,0,valid_numerical,target/complement separated on tested radial set and UV tail,0.4819329199407542,779.2398851394885,False
3.0,0.0,0.0204,3.0,52.0114193110769,30.0,0.20834125000000003,1+2,2,valid_numerical,target/complement separated on tested radial set and UV tail,0.4819329199407542,779.2398851394885,False
3.0,0.0,0.0204,3.0,52.0114193110769,30.0,0.20834125000000003,0+1+2,0,valid_full_space,P=I3; no complementary spectrum,nan,NA,True
3.0,0.0,0.0204,3.0,52.0114193110769,30.0,0.2500075,0,-2,valid_numerical,target/complement separated on tested radial set and UV tail,0.49997112789757864,905.1180055056428,False
3.0,0.0,0.0204,3.0,52.0114193110769,30.0,0.2500075,1,0,valid_numerical,target/complement separated on tested radial set and UV tail,0.49997112789757864,905.1180055056428,False
3.0,0.0,0.0204,3.0,52.0114193110769,30.0,0.2500075,2,2,valid_numerical,target/complement separated on tested radial set and UV tail,0.4999711278975789,905.1180055056428,False
3.0,0.0,0.0204,3.0,52.0114193110769,30.0,0.2500075,0+1,-2,valid_numerical,target/complement separated on tested radial set and UV tail,0.4999711278975789,905.1180055056428,False
3.0,0.0,0.0204,3.0,52.0114193110769,30.0,0.2500075,0+2,0,valid_numerical,target/complement separated on tested radial set and UV tail,0.49997112789757864,905.1180055056428,False
3.0,0.0,0.0204,3.0,52.0114193110769,30.0,0.2500075,1+2,2,valid_numerical,target/complement separated on tested radial set and UV tail,0.49997112789757864,905.1180055056428,False
3.0,0.0,0.0204,3.0,52.0114193110769,30.0,0.2500075,0+1+2,0,valid_full_space,P=I3; no complementary spectrum,nan,NA,True
3.0,0.0,0.0204,3.0,52.0114193110769,30.0,0.29167375,0,-2,valid_numerical,target/complement separated on tested radial set and UV tail,0.5000000000000001,1015.5096151439409,False
3.0,0.0,0.0204,3.0,52.0114193110769,30.0,0.29167375,1,0,valid_numerical,target/complement separated on tested radial set and UV tail,0.5000000000000001,1015.5096151439409,False
3.0,0.0,0.0204,3.0,52.0114193110769,30.0,0.29167375,2,2,valid_numerical,target/complement separated on tested radial set and UV tail,0.5000000000000001,1015.5096151439409,False
3.0,0.0,0.0204,3.0,52.0114193110769,30.0,0.29167375,0+1,-2,valid_numerical,target/complement separated on tested radial set and UV tail,0.5000000000000001,1015.5096151439409,False
3.0,0.0,0.0204,3.0,52.0114193110769,30.0,0.29167375,0+2,0,valid_numerical,target/complement separated on tested radial set and UV tail,0.5000000000000001,1015.5096151439409,False
3.0,0.0,0.0204,3.0,52.0114193110769,30.0,0.29167375,1+2,2,valid_numerical,target/complement separated on tested radial set and UV tail,0.5000000000000001,1015.5096151439409,False
3.0,0.0,0.0204,3.0,52.0114193110769,30.0,0.29167375,0+1+2,0,valid_full_space,P=I3; no complementary spectrum,nan,NA,True
3.0,0.0,0.0204,3.0,52.0114193110769,30.0,0.33334,0,-2,valid_numerical,target/complement separated on tested radial set and UV tail,0.49999999999999994,1108.525920729612,False
3.0,0.0,0.0204,3.0,52.0114193110769,30.0,0.33334,1,0,valid_numerical,target/complement separated on tested radial set and UV tail,0.49999999999999983,1108.525920729612,False
3.0,0.0,0.0204,3.0,52.0114193110769,30.0,0.33334,2,2,valid_numerical,target/complement separated on tested radial set and UV tail,0.49999999999999983,1108.525920729612,False
3.0,0.0,0.0204,3.0,52.0114193110769,30.0,0.33334,0+1,-2,valid_numerical,target/complement separated on tested radial set and UV tail,0.49999999999999983,1108.525920729612,False
3.0,0.0,0.0204,3.0,52.0114193110769,30.0,0.33334,0+2,0,valid_numerical,target/complement separated on tested radial set and UV tail,0.49999999999999983,1108.525920729612,False
3.0,0.0,0.0204,3.0,52.0114193110769,30.0,0.33334,1+2,2,valid_numerical,target/complement separated on tested radial set and UV tail,0.49999999999999994,1108.525920729612,False
3.0,0.0,0.0204,3.0,52.0114193110769,30.0,0.33334,0+1+2,0,valid_full_space,P=I3; no complementary spectrum,nan,NA,True
3.0,0.0,0.0204,3.0,52.0114193110769,30.0,0.37500625000000004,0,-2,valid_numerical,target/complement separated on tested radial set and UV tail,0.5,1182.5754192701663,False
3.0,0.0,0.0204,3.0,52.0114193110769,30.0,0.37500625000000004,1,0,valid_numerical,target/complement separated on tested radial set and UV tail,0.5,1182.5754192701663,False
3.0,0.0,0.0204,3.0,52.0114193110769,30.0,0.37500625000000004,2,2,valid_numerical,target/complement separated on tested radial set and UV tail,0.5000000000000001,1182.5754192701663,False
3.0,0.0,0.0204,3.0,52.0114193110769,30.0,0.37500625000000004,0+1,-2,valid_numerical,target/complement separated on tested radial set and UV tail,0.5000000000000001,1182.5754192701663,False
3.0,0.0,0.0204,3.0,52.0114193110769,30.0,0.37500625000000004,0+2,0,valid_numerical,target/complement separated on tested radial set and UV tail,0.5,1182.5754192701663,False
3.0,0.0,0.0204,3.0,52.0114193110769,30.0,0.37500625000000004,1+2,2,valid_numerical,target/complement separated on tested radial set and UV tail,0.5,1182.5754192701663,False
3.0,0.0,0.0204,3.0,52.0114193110769,30.0,0.37500625000000004,0+1+2,0,valid_full_space,P=I3; no complementary spectrum,nan,NA,True
3.0,0.0,0.0204,3.0,52.0114193110769,30.0,0.41667250000000006,0,-2,valid_numerical,target/complement separated on tested radial set and UV tail,0.49999999999999994,1236.391128619006,False
3.0,0.0,0.0204,3.0,52.0114193110769,30.0,0.41667250000000006,1,0,valid_numerical,target/complement separated on tested radial set and UV tail,0.4999999999999999,1236.391128619006,False
3.0,0.0,0.0204,3.0,52.0114193110769,30.0,0.41667250000000006,2,2,valid_numerical,target/complement separated on tested radial set and UV tail,0.4999999999999999,1236.391128619006,False
3.0,0.0,0.0204,3.0,52.0114193110769,30.0,0.41667250000000006,0+1,-2,valid_numerical,target/complement separated on tested radial set and UV tail,0.4999999999999999,1236.391128619006,False
3.0,0.0,0.0204,3.0,52.0114193110769,30.0,0.41667250000000006,0+2,0,valid_numerical,target/complement separated on tested radial set and UV tail,0.4999999999999999,1236.391128619006,False
3.0,0.0,0.0204,3.0,52.0114193110769,30.0,0.41667250000000006,1+2,2,valid_numerical,target/complement separated on tested radial set and UV tail,0.49999999999999994,1236.391128619006,False
3.0,0.0,0.0204,3.0,52.0114193110769,30.0,0.41667250000000006,0+1+2,0,valid_full_space,P=I3; no complementary spectrum,nan,NA,True
3.0,0.0,0.0204,3.0,52.0114193110769,30.0,0.45833875,0,-2,valid_numerical,target/complement separated on tested radial set and UV tail,0.49999999999999994,1269.0522654582776,False
3.0,0.0,0.0204,3.0,52.0114193110769,30.0,0.45833875,1,0,valid_numerical,target/complement separated on tested radial set and UV tail,0.49999999999999994,1269.0522654582776,False
3.0,0.0,0.0204,3.0,52.0114193110769,30.0,0.45833875,2,2,valid_numerical,target/complement separated on tested radial set and UV tail,0.5000000000000001,1269.0522654582776,False
3.0,0.0,0.0204,3.0,52.0114193110769,30.0,0.45833875,0+1,-2,valid_numerical,target/complement separated on tested radial set and UV tail,0.5000000000000001,1269.0522654582776,False
3.0,0.0,0.0204,3.0,52.0114193110769,30.0,0.45833875,0+2,0,valid_numerical,target/complement separated on tested radial set and UV tail,0.49999999999999994,1269.0522654582776,False
3.0,0.0,0.0204,3.0,52.0114193110769,30.0,0.45833875,1+2,2,valid_numerical,target/complement separated on tested radial set and UV tail,0.49999999999999994,1269.0522654582776,False
3.0,0.0,0.0204,3.0,52.0114193110769,30.0,0.45833875,0+1+2,0,valid_full_space,P=I3; no complementary spectrum,nan,NA,True
3.0,0.0,0.0204,3.0,52.0114193110769,30.0,0.500005,0,-2,valid_numerical,target/complement separated on tested radial set and UV tail,0.49999999999999994,1279.9999998420863,False
3.0,0.0,0.0204,3.0,52.0114193110769,30.0,0.500005,1,0,valid_numerical,target/complement separated on tested radial set and UV tail,0.4999999999999998,1279.9999998420863,False
3.0,0.0,0.0204,3.0,52.0114193110769,30.0,0.500005,2,2,valid_numerical,target/complement separated on tested radial set and UV tail,0.4999999999999998,1279.9999998420863,False
3.0,0.0,0.0204,3.0,52.0114193110769,30.0,0.500005,0+1,-2,valid_numerical,target/complement separated on tested radial set and UV tail,0.4999999999999998,1279.9999998420863,False
3.0,0.0,0.0204,3.0,52.0114193110769,30.0,0.500005,0+2,0,valid_numerical,target/complement separated on tested radial set and UV tail,0.4999999999999998,1279.9999998420863,False
3.0,0.0,0.0204,3.0,52.0114193110769,30.0,0.500005,1+2,2,valid_numerical,target/complement separated on tested radial set and UV tail,0.49999999999999994,1279.9999998420863,False
3.0,0.0,0.0204,3.0,52.0114193110769,30.0,0.500005,0+1+2,0,valid_full_space,P=I3; no complementary spectrum,nan,NA,True
3.0,0.0,0.0204,3.0,52.0114193110769,30.0,0.5416712499999999,0,-2,valid_numerical,target/complement separated on tested radial set and UV tail,0.5,1269.0470167408453,False
3.0,0.0,0.0204,3.0,52.0114193110769,30.0,0.5416712499999999,1,0,valid_numerical,target/complement separated on tested radial set and UV tail,0.5,1269.0470167408453,False
3.0,0.0,0.0204,3.0,52.0114193110769,30.0,0.5416712499999999,2,2,valid_numerical,target/complement separated on tested radial set and UV tail,0.5,1269.0470167408453,False
3.0,0.0,0.0204,3.0,52.0114193110769,30.0,0.5416712499999999,0+1,-2,valid_numerical,target/complement separated on tested radial set and UV tail,0.5,1269.0470167408453,False
3.0,0.0,0.0204,3.0,52.0114193110769,30.0,0.5416712499999999,0+2,0,valid_numerical,target/complement separated on tested radial set and UV tail,0.5,1269.0470167408453,False
3.0,0.0,0.0204,3.0,52.0114193110769,30.0,0.5416712499999999,1+2,2,valid_numerical,target/complement separated on tested radial set and UV tail,0.5,1269.0470167408453,False
3.0,0.0,0.0204,3.0,52.0114193110769,30.0,0.5416712499999999,0+1+2,0,valid_full_space,P=I3; no complementary spectrum,nan,NA,True
3.0,0.0,0.0204,3.0,52.0114193110769,30.0,0.5833375,0,-2,valid_numerical,target/complement separated on tested radial set and UV tail,0.49999999999999994,1236.3807209893582,False
3.0,0.0,0.0204,3.0,52.0114193110769,30.0,0.5833375,1,0,valid_numerical,target/complement separated on tested radial set and UV tail,0.49999999999999994,1236.3807209893582,False
3.0,0.0,0.0204,3.0,52.0114193110769,30.0,0.5833375,2,2,valid_numerical,target/complement separated on tested radial set and UV tail,0.49999999999999994,1236.3807209893582,False
3.0,0.0,0.0204,3.0,52.0114193110769,30.0,0.5833375,0+1,-2,valid_numerical,target/complement separated on tested radial set and UV tail,0.49999999999999994,1236.3807209893582,False
3.0,0.0,0.0204,3.0,52.0114193110769,30.0,0.5833375,0+2,0,valid_numerical,target/complement separated on tested radial set and UV tail,0.49999999999999994,1236.3807209893582,False
3.0,0.0,0.0204,3.0,52.0114193110769,30.0,0.5833375,1+2,2,valid_numerical,target/complement separated on tested radial set and UV tail,0.49999999999999994,1236.3807209893582,False
3.0,0.0,0.0204,3.0,52.0114193110769,30.0,0.5833375,0+1+2,0,valid_full_space,P=I3; no complementary spectrum,nan,NA,True
3.0,0.0,0.0204,3.0,52.0114193110769,30.0,0.62500375,0,-2,valid_numerical,target/complement separated on tested radial set and UV tail,0.4999999999999999,1182.5600308021753,False
3.0,0.0,0.0204,3.0,52.0114193110769,30.0,0.62500375,1,0,valid_numerical,target/complement separated on tested radial set and UV tail,0.49999999999999983,1182.5600308021753,False
3.0,0.0,0.0204,3.0,52.0114193110769,30.0,0.62500375,2,2,valid_numerical,target/complement separated on tested radial set and UV tail,0.49999999999999983,1182.5600308021753,False
3.0,0.0,0.0204,3.0,52.0114193110769,30.0,0.62500375,0+1,-2,valid_numerical,target/complement separated on tested radial set and UV tail,0.49999999999999983,1182.5600308021753,False
3.0,0.0,0.0204,3.0,52.0114193110769,30.0,0.62500375,0+2,0,valid_numerical,target/complement separated on tested radial set and UV tail,0.49999999999999983,1182.5600308021753,False
3.0,0.0,0.0204,3.0,52.0114193110769,30.0,0.62500375,1+2,2,valid_numerical,target/complement separated on tested radial set and UV tail,0.4999999999999999,1182.5600308021753,False
3.0,0.0,0.0204,3.0,52.0114193110769,30.0,0.62500375,0+1+2,0,valid_full_space,P=I3; no complementary spectrum,nan,NA,True
3.0,0.0,0.0204,3.0,52.0114193110769,30.0,0.66667,0,-2,valid_numerical,target/complement separated on tested radial set and UV tail,0.5,1108.505814718973,False
3.0,0.0,0.0204,3.0,52.0114193110769,30.0,0.66667,1,0,valid_numerical,target/complement separated on tested radial set and UV tail,0.49999999999999983,1108.505814718973,False
3.0,0.0,0.0204,3.0,52.0114193110769,30.0,0.66667,2,2,valid_numerical,target/complement separated on tested radial set and UV tail,0.49999999999999983,1108.505814718973,False
3.0,0.0,0.0204,3.0,52.0114193110769,30.0,0.66667,0+1,-2,valid_numerical,target/complement separated on tested radial set and UV tail,0.49999999999999983,1108.505814718973,False
3.0,0.0,0.0204,3.0,52.0114193110769,30.0,0.66667,0+2,0,valid_numerical,target/complement separated on tested radial set and UV tail,0.49999999999999983,1108.505814718973,False
3.0,0.0,0.0204,3.0,52.0114193110769,30.0,0.66667,1+2,2,valid_numerical,target/complement separated on tested radial set and UV tail,0.5,1108.505814718973,False
3.0,0.0,0.0204,3.0,52.0114193110769,30.0,0.66667,0+1+2,0,valid_full_space,P=I3; no complementary spectrum,nan,NA,True
3.0,0.0,0.0204,3.0,52.0114193110769,30.0,0.70833625,0,-2,valid_numerical,target/complement separated on tested radial set and UV tail,0.5,1015.4851356032003,False
3.0,0.0,0.0204,3.0,52.0114193110769,30.0,0.70833625,1,0,valid_numerical,target/complement separated on tested radial set and UV tail,0.49999999999999983,1015.4851356032003,False
3.0,0.0,0.0204,3.0,52.0114193110769,30.0,0.70833625,2,2,valid_numerical,target/complement separated on tested radial set and UV tail,0.49999999999999983,1015.4851356032003,False
3.0,0.0,0.0204,3.0,52.0114193110769,30.0,0.70833625,0+1,-2,valid_numerical,target/complement separated on tested radial set and UV tail,0.49999999999999983,1015.4851356032003,False
3.0,0.0,0.0204,3.0,52.0114193110769,30.0,0.70833625,0+2,0,valid_numerical,target/complement separated on tested radial set and UV tail,0.49999999999999983,1015.4851356032003,False
3.0,0.0,0.0204,3.0,52.0114193110769,30.0,0.70833625,1+2,2,valid_numerical,target/complement separated on tested radial set and UV tail,0.5,1015.4851356032003,False
3.0,0.0,0.0204,3.0,52.0114193110769,30.0,0.70833625,0+1+2,0,valid_full_space,P=I3; no complementary spectrum,nan,NA,True
3.0,0.0,0.0204,3.0,52.0114193110769,30.0,0.7500025,0,-2,valid_numerical,target/complement separated on tested radial set and UV tail,0.49997079617495715,905.0895712781644,False
3.0,0.0,0.0204,3.0,52.0114193110769,30.0,0.7500025,1,0,valid_numerical,target/complement separated on tested radial set and UV tail,0.49997079617495704,905.0895712781644,False
3.0,0.0,0.0204,3.0,52.0114193110769,30.0,0.7500025,2,2,valid_numerical,target/complement separated on tested radial set and UV tail,0.49997079617495704,905.0895712781644,False
3.0,0.0,0.0204,3.0,52.0114193110769,30.0,0.7500025,0+1,-2,valid_numerical,target/complement separated on tested radial set and UV tail,0.49997079617495704,905.0895712781644,False
3.0,0.0,0.0204,3.0,52.0114193110769,30.0,0.7500025,0+2,0,valid_numerical,target/complement separated on tested radial set and UV tail,0.49997079617495704,905.0895712781644,False
3.0,0.0,0.0204,3.0,52.0114193110769,30.0,0.7500025,1+2,2,valid_numerical,target/complement separated on tested radial set and UV tail,0.49997079617495715,905.0895712781644,False
3.0,0.0,0.0204,3.0,52.0114193110769,30.0,0.7500025,0+1+2,0,valid_full_space,P=I3; no complementary spectrum,nan,NA,True
3.0,0.0,0.0204,3.0,52.0114193110769,30.0,0.79166875,0,-2,valid_numerical,target/complement separated on tested radial set and UV tail,0.48192469983393627,779.2079827330715,False
3.0,0.0,0.0204,3.0,52.0114193110769,30.0,0.79166875,1,0,valid_numerical,target/complement separated on tested radial set and UV tail,0.48192469983393627,779.2079827330715,False
3.0,0.0,0.0204,3.0,52.0114193110769,30.0,0.79166875,2,2,valid_numerical,target/complement separated on tested radial set and UV tail,0.48192469983393654,779.2079827330715,False
3.0,0.0,0.0204,3.0,52.0114193110769,30.0,0.79166875,0+1,-2,valid_numerical,target/complement separated on tested radial set and UV tail,0.48192469983393654,779.2079827330715,False
3.0,0.0,0.0204,3.0,52.0114193110769,30.0,0.79166875,0+2,0,valid_numerical,target/complement separated on tested radial set and UV tail,0.48192469983393627,779.2079827330715,False
3.0,0.0,0.0204,3.0,52.0114193110769,30.0,0.79166875,1+2,2,valid_numerical,target/complement separated on tested radial set and UV tail,0.48192469983393627,779.2079827330715,False
3.0,0.0,0.0204,3.0,52.0114193110769,30.0,0.79166875,0+1+2,0,valid_full_space,P=I3; no complementary spectrum,nan,NA,True
3.0,0.0,0.0204,3.0,52.0114193110769,30.0,0.833335,0,-2,valid_numerical,target/complement separated on tested radial set and UV tail,0.4318076399608341,639.9941958332616,False
3.0,0.0,0.0204,3.0,52.0114193110769,30.0,0.833335,1,0,valid_numerical,target/complement separated on tested radial set and UV tail,0.431807639960834,639.9941958332616,False
3.0,0.0,0.0204,3.0,52.0114193110769,30.0,0.833335,2,2,valid_numerical,target/complement separated on tested radial set and UV tail,0.431807639960834,639.9941958332616,False
3.0,0.0,0.0204,3.0,52.0114193110769,30.0,0.833335,0+1,-2,valid_numerical,target/complement separated on tested radial set and UV tail,0.431807639960834,639.9941958332616,False
3.0,0.0,0.0204,3.0,52.0114193110769,30.0,0.833335,0+2,0,valid_numerical,target/complement separated on tested radial set and UV tail,0.431807639960834,639.9941958332616,False
3.0,0.0,0.0204,3.0,52.0114193110769,30.0,0.833335,1+2,2,valid_numerical,target/complement separated on tested radial set and UV tail,0.4318076399608341,639.9941958332616,False
3.0,0.0,0.0204,3.0,52.0114193110769,30.0,0.833335,0+1+2,0,valid_full_space,P=I3; no complementary spectrum,nan,NA,True
3.0,0.0,0.0204,3.0,52.0114193110769,30.0,0.87500125,0,-2,valid_numerical,target/complement separated on tested radial set and UV tail,0.3532617266991394,489.8301494984947,False
3.0,0.0,0.0204,3.0,52.0114193110769,30.0,0.87500125,1,0,valid_numerical,target/complement separated on tested radial set and UV tail,0.3532617266991394,489.8301494984947,False
3.0,0.0,0.0204,3.0,52.0114193110769,30.0,0.87500125,2,2,valid_numerical,target/complement separated on tested radial set and UV tail,0.35326172669913947,489.8301494984947,False
3.0,0.0,0.0204,3.0,52.0114193110769,30.0,0.87500125,0+1,-2,valid_numerical,target/complement separated on tested radial set and UV tail,0.35326172669913947,489.8301494984947,False
3.0,0.0,0.0204,3.0,52.0114193110769,30.0,0.87500125,0+2,0,valid_numerical,target/complement separated on tested radial set and UV tail,0.3532617266991394,489.8301494984947,False
3.0,0.0,0.0204,3.0,52.0114193110769,30.0,0.87500125,1+2,2,valid_numerical,target/complement separated on tested radial set and UV tail,0.3532617266991394,489.8301494984947,False
3.0,0.0,0.0204,3.0,52.0114193110769,30.0,0.87500125,0+1+2,0,valid_full_space,P=I3; no complementary spectrum,nan,NA,True
3.0,0.0,0.0204,3.0,52.0114193110769,30.0,0.9166675,0,-2,valid_numerical,target/complement separated on tested radial set and UV tail,0.25227277552721206,331.28514088157965,False
3.0,0.0,0.0204,3.0,52.0114193110769,30.0,0.9166675,1,0,valid_numerical,target/complement separated on tested radial set and UV tail,0.25227277552721206,331.28514088157965,False
3.0,0.0,0.0204,3.0,52.0114193110769,30.0,0.9166675,2,2,valid_numerical,target/complement separated on tested radial set and UV tail,0.2522727755272121,331.28514088157965,False
3.0,0.0,0.0204,3.0,52.0114193110769,30.0,0.9166675,0+1,-2,valid_numerical,target/complement separated on tested radial set and UV tail,0.2522727755272121,331.28514088157965,False
3.0,0.0,0.0204,3.0,52.0114193110769,30.0,0.9166675,0+2,0,valid_numerical,target/complement separated on tested radial set and UV tail,0.25227277552721206,331.28514088157965,False
3.0,0.0,0.0204,3.0,52.0114193110769,30.0,0.9166675,1+2,2,valid_numerical,target/complement separated on tested radial set and UV tail,0.25227277552721206,331.28514088157965,False
3.0,0.0,0.0204,3.0,52.0114193110769,30.0,0.9166675,0+1+2,0,valid_full_space,P=I3; no complementary spectrum,nan,NA,True
3.0,0.0,0.0204,3.0,52.0114193110769,30.0,0.95833375,0,-2,valid_numerical,target/complement separated on tested radial set and UV tail,0.13052489442165108,167.07186485971346,False
3.0,0.0,0.0204,3.0,52.0114193110769,30.0,0.95833375,1,0,valid_numerical,target/complement separated on tested radial set and UV tail,0.13581640858263622,167.07186485971346,False
3.0,0.0,0.0204,3.0,52.0114193110769,30.0,0.95833375,2,2,valid_numerical,target/complement separated on tested radial set and UV tail,0.13052489442165108,167.07186485971346,False
3.0,0.0,0.0204,3.0,52.0114193110769,30.0,0.95833375,0+1,-2,valid_numerical,target/complement separated on tested radial set and UV tail,0.13052489442165108,167.07186485971346,False
3.0,0.0,0.0204,3.0,52.0114193110769,30.0,0.95833375,0+2,0,valid_numerical,target/complement separated on tested radial set and UV tail,0.13581640858263622,167.07186485971346,False
3.0,0.0,0.0204,3.0,52.0114193110769,30.0,0.95833375,1+2,2,valid_numerical,target/complement separated on tested radial set and UV tail,0.13052489442165108,167.07186485971346,False
3.0,0.0,0.0204,3.0,52.0114193110769,30.0,0.95833375,0+1+2,0,valid_full_space,P=I3; no complementary spectrum,nan,NA,True
3.0,0.0,0.0204,3.0,52.0114193110769,30.0,0.97,0,-2,valid_numerical,target/complement separated on tested radial set and UV tail,0.09410831331851437,120.45864104769836,False
3.0,0.0,0.0204,3.0,52.0114193110769,30.0,0.97,1,0,valid_numerical,target/complement separated on tested radial set and UV tail,0.09702165372671269,120.45864104769836,False
3.0,0.0,0.0204,3.0,52.0114193110769,30.0,0.97,2,2,valid_numerical,target/complement separated on tested radial set and UV tail,0.09410831331851437,120.45864104769836,False
3.0,0.0,0.0204,3.0,52.0114193110769,30.0,0.97,0+1,-2,valid_numerical,target/complement separated on tested radial set and UV tail,0.09410831331851437,120.45864104769836,False
3.0,0.0,0.0204,3.0,52.0114193110769,30.0,0.97,0+2,0,valid_numerical,target/complement separated on tested radial set and UV tail,0.09702165372671269,120.45864104769836,False
3.0,0.0,0.0204,3.0,52.0114193110769,30.0,0.97,1+2,2,valid_numerical,target/complement separated on tested radial set and UV tail,0.09410831331851437,120.45864104769836,False
3.0,0.0,0.0204,3.0,52.0114193110769,30.0,0.97,0+1+2,0,valid_full_space,P=I3; no complementary spectrum,nan,NA,True
3.0,0.0,0.0204,3.0,52.0114193110769,30.0,0.975,0,-2,valid_numerical,target/complement separated on tested radial set and UV tail,0.07600536364366031,100.42764253164168,False
3.0,0.0,0.0204,3.0,52.0114193110769,30.0,0.975,1,0,valid_numerical,target/complement separated on tested radial set and UV tail,0.07600536364366016,100.42764253164168,False
3.0,0.0,0.0204,3.0,52.0114193110769,30.0,0.975,2,2,valid_numerical,target/complement separated on tested radial set and UV tail,0.07600536364366016,100.42764253164168,False
3.0,0.0,0.0204,3.0,52.0114193110769,30.0,0.975,0+1,-2,valid_numerical,target/complement separated on tested radial set and UV tail,0.07600536364366016,100.42764253164168,False
3.0,0.0,0.0204,3.0,52.0114193110769,30.0,0.975,0+2,0,valid_numerical,target/complement separated on tested radial set and UV tail,0.07600536364366016,100.42764253164168,False
3.0,0.0,0.0204,3.0,52.0114193110769,30.0,0.975,1+2,2,valid_numerical,target/complement separated on tested radial set and UV tail,0.07600536364366031,100.42764253164168,False
3.0,0.0,0.0204,3.0,52.0114193110769,30.0,0.975,0+1+2,0,valid_full_space,P=I3; no complementary spectrum,nan,NA,True
3.0,0.0,0.0204,3.0,52.0114193110769,30.0,0.98,0,-2,valid_numerical,target/complement separated on tested radial set and UV tail,0.04676036963647403,80.37186499752139,False
3.0,0.0,0.0204,3.0,52.0114193110769,30.0,0.98,1,0,valid_numerical,target/complement separated on tested radial set and UV tail,0.046760369636473884,80.37186499752139,False
3.0,0.0,0.0204,3.0,52.0114193110769,30.0,0.98,2,2,valid_numerical,target/complement separated on tested radial set and UV tail,0.046760369636473884,80.37186499752139,False
3.0,0.0,0.0204,3.0,52.0114193110769,30.0,0.98,0+1,-2,valid_numerical,target/complement separated on tested radial set and UV tail,0.046760369636473884,80.37186499752139,False
3.0,0.0,0.0204,3.0,52.0114193110769,30.0,0.98,0+2,0,valid_numerical,target/complement separated on tested radial set and UV tail,0.046760369636473884,80.37186499752139,False
3.0,0.0,0.0204,3.0,52.0114193110769,30.0,0.98,1+2,2,valid_numerical,target/complement separated on tested radial set and UV tail,0.04676036963647403,80.37186499752139,False
3.0,0.0,0.0204,3.0,52.0114193110769,30.0,0.98,0+1+2,0,valid_full_space,P=I3; no complementary spectrum,nan,NA,True
3.0,0.0,0.0204,3.0,52.0114193110769,30.0,0.99,0,NA,invalid_target_complement_gap,target_complement_gap_below_tolerance,6.084228670191412e-09,40.20577162000414,False
3.0,0.0,0.0204,3.0,52.0114193110769,30.0,0.99,1,NA,invalid_target_complement_gap,target_complement_gap_below_tolerance,2.0326917884600245e-08,40.20577162000414,False
3.0,0.0,0.0204,3.0,52.0114193110769,30.0,0.99,2,NA,invalid_target_complement_gap,target_complement_gap_below_tolerance,6.084228670191412e-09,40.20577162000414,False
3.0,0.0,0.0204,3.0,52.0114193110769,30.0,0.99,0+1,NA,invalid_target_complement_gap,target_complement_gap_below_tolerance,6.084228670191412e-09,40.20577162000414,False
3.0,0.0,0.0204,3.0,52.0114193110769,30.0,0.99,0+2,NA,invalid_target_complement_gap,target_complement_gap_below_tolerance,2.0326917884600245e-08,40.20577162000414,False
3.0,0.0,0.0204,3.0,52.0114193110769,30.0,0.99,1+2,NA,invalid_target_complement_gap,target_complement_gap_below_tolerance,6.084228670191412e-09,40.20577162000414,False
3.0,0.0,0.0204,3.0,52.0114193110769,30.0,0.99,0+1+2,0,valid_full_space,P=I3; no complementary spectrum,nan,NA,True
3.0,0.0,0.0204,3.0,52.0114193110769,30.0,1.0,0,NA,invalid,singular_or_unresolved_closure: D0 is zero within relative tolerance,nan,NA,False
3.0,0.0,0.0204,3.0,52.0114193110769,30.0,1.0,1,NA,invalid,singular_or_unresolved_closure: D0 is zero within relative tolerance,nan,NA,False
3.0,0.0,0.0204,3.0,52.0114193110769,30.0,1.0,2,NA,invalid,singular_or_unresolved_closure: D0 is zero within relative tolerance,nan,NA,False
3.0,0.0,0.0204,3.0,52.0114193110769,30.0,1.0,0+1,NA,invalid,singular_or_unresolved_closure: D0 is zero within relative tolerance,nan,NA,False
3.0,0.0,0.0204,3.0,52.0114193110769,30.0,1.0,0+2,NA,invalid,singular_or_unresolved_closure: D0 is zero within relative tolerance,nan,NA,False
3.0,0.0,0.0204,3.0,52.0114193110769,30.0,1.0,1+2,NA,invalid,singular_or_unresolved_closure: D0 is zero within relative tolerance,nan,NA,False
3.0,0.0,0.0204,3.0,52.0114193110769,30.0,1.0,0+1+2,NA,invalid,singular_or_unresolved_closure: D0 is zero within relative tolerance,nan,NA,False
